[2026-09-25 00:04:07] Handler: LoginServer listening on port 7979
[2026-09-25 00:04:07] Handler: ShardServer listening on port 20060
[2026-09-25 00:04:07] Handler: TimeServer listening on port 20066
[2026-09-25 00:04:15] Handler: Client '2807385' connected to LoginServer
[2026-09-25 00:04:16] Router: 
   04 0A 04 00 00 0A 7F 01 00 00 30 41 36 31 35 44 43 38 | ..........0A615DC8
   36 44 30 37 34 46 46 31 45 41 39 30 42 44 43 35 30 36 | 6D074FF1EA90BDC506
   32 32 39 35 46 36 36 38 39 42 33 38 33 31 37 36 33 30 | 2295F6689B38317630
   33 37 38 43 35 43 33 36 44 35 45 31 44 44 38 44 38 42 | 378C5C36D5E1DD8D8B
   43 36 38 38 37 39 35 45 31 39 44 31 39 44 44 41 30 43 | C688795E19D19DDA0C
   31 44 37 39 41 44 31 30 35 34 39 37 32 37 32 33 45 39 | 1D79AD1054972723E9
   41 45 43 36 30 32 34 45 41 36 46 34 44 33 36 36 46 44 | AEC6024EA6F4D366FD
   30 41 34 46 32 39 37 42 44 45 35 42 43 41 32 33 38 42 | 0A4F297BDE5BCA238B
   44 42 46 44 30 31 42 31 32 36 42 33 46 33 46 30 35 39 | DBFD01B126B3F3F059
   30 44 31 38 43 46 35 30 44 41 36 33 37 42 39 32 44 30 | 0D18CF50DA637B92D0
   42 34 36 42 32 33 37 36 46 45 34 37 36 34 41 41 31 45 | B46B2376FE4764AA1E
   35 39 45 36 43 36 36 45 32 34 43 32 38 38 37 30 46 44 | 59E6C66E24C28870FD
   41 30 32 39 39 39 34 38 41 31 39 36 32 42 36 38 31 37 | A0299948A1962B6817
   36 46 45 38 41 41 31 32 38 32 38 38 36 44 42 37 41 39 | 6FE8AA1282886DB7A9
   35 44 46 35 35 35 45 43 32 31 32 31 46 46 34 45 39 34 | 5DF555EC2121FF4E94
   32 45 35 42 39 42 37 46 45 37 37 32 35 37 32 45 38 39 | 2E5B9B7FE772572E89
   33 42 37 43 33 43 43 41 43 45 34 33 30 39 32 33 37 42 | 3B7C3CCACE4309237B
   35 37 36 35 32 35 31 38 37 32 31 33 34 31 31 32 41 33 | 5765251872134112A3
   44 43 31 36 37 38 31 35 44 46 34 44 32 46 36 38 33 37 | DC167815DF4D2F6837
   42 35 41 43 37 38 41 34 36 44 34 43 46 44 36 42 31 46 | B5AC78A46D4CFD6B1F
   39 43 37 30 37 39 43 38 44 36 45 31 34 38 34 36 45 30 | 9C7079C8D6E14846E0
   39 44 41 33 45 36 41 39 33 34 44 38 38 36 32 33 41 31 | 9DA3E6A934D88623A1
   32 39 38 38 43 34 44 46 38 30 34 45 45 31 36 41 45 35 | 2988C4DF804EE16AE5
   39 44 31 44 41 36 39 33 39 46 37 31 42 34 42 35 36 34 | 9D1DA6939F71B4B564
   34 30 35 34 31 42 42 31 30 45 42 36 38 46 39 31 38 34 | 40541BB10EB68F9184
   34 38 45 43 43 32 33 33 45 30 30 44 44 33 39 31 39 44 | 48ECC233E00DD3919D
   30 36 39 39 46 32 30 34 39 32 46 33 46 46 30 43 30 32 | 0699F20492F3FF0C02
   36 30 44 30 31 45 32 41 41 44 34 46 36 39 36 30 35 30 | 60D01E2AAD4F696050
   33 30 37 46 43 37 41 35 44 45 30 36 41 34 45 42 46 32 | 307FC7A5DE06A4EBF2
   30 35 34 31 31 39 34 37 35 44 45 39 41 36 45 41 45 36 | 054119475DE9A6EAE6
   33 34 31 46 33 34 41 34 39 42 31 35 39 35 39 33 38 41 | 341F34A49B1595938A
   31 39 43 38 32 38 34 44 32 38 32 45 43 33 35 35 42 42 | 19C8284D282EC355BB
   41 30 38 44 46 30 38 46 46 34 35 33 31 32 37 41 34 41 | A08DF08FF453127A4A
   31 33 38 36 36 46 33 39 41 42 46 45 41 36 41 30 45 33 | 13866F39ABFEA6A0E3
   34 44 33 30 46 42 42 41 38 46 46 41 41 35 38 37 38 39 | 4D30FBBA8FFAA58789
   42 33 43 45 41 35 44 37 37 39 38 32 41 39 45 43 45 32 | B3CEA5D77982A9ECE2
   42 42 42 42 45 36 32 36 39 43 46 43 45 35 43 42 33 46 | BBBBE6269CFCE5CB3F
   46 30 42 41 44 36 45 44 46 32 46 31 34 34 32 34 30 30 | F0BAD6EDF2F1442400
   32 43 35 31 43 37 45 45 45 42 41 34 43 32 33 39 42 39 | 2C51C7EEEBA4C239B9
   43 35 44 45 36 30 30 42 36 37 35 31 41 45 38 38 32 34 | C5DE600B6751AE8824
   43 43 33 37 32 45 30 37 34 32 34 36 38 37 43 33 45 45 | CC372E07424687C3EE
   31 31 46 43 32 36 41 44 36 32 30 43 37 41 44 36 36 42 | 11FC26AD620C7AD66B
   32 37 33 34 39 41 31 46 44 45 46 36 45 36 37 39 39 45 | 27349A1FDEF6E6799E
   39 33 32 33 41 34 45 31 37 44 31 36 46 30 38 42 41 41 | 9323A4E17D16F08BAA
   44 39 33 42 35 33 32 41 38 39 34 42 44 37 39 41 30 37 | D93B532A894BD79A07
   32 32 32 37 45 39 46 31 38 35 33 30 35 41 39 43 36 38 | 2227E9F185305A9C68
   30 33 35 32 36 38 33 45 41 38 35 45 38 46 31 35 34 34 | 0352683EA85E8F1544
   44 36 38 32 33 33 36 42 39 32 31 42 39 43 32 38 46 32 | D682336B921B9C28F2
   30 45 34 42 46 39 33 34 38 38 37 34 34 38 44 39 45 44 | 0E4BF934887448D9ED
   30 36 36 36 43 34 38 35 35 30 36 41 39 37 36 30 36 31 | 0666C485506A976061
   31 30 46 32 31 39 39 39 37 36 32 31 35 32 38 37 44 30 | 10F2199976215287D0
   46 38 45 46 43 37 33 37 31 34 39 41 42 36 30 38 31 39 | F8EFC737149AB60819
   36 45 39 35 35 43 44 43 39 32 41 42 36 44 31 30 46 35 | 6E955CDC92AB6D10F5
   41 46 42 34 43 45 36 38 30 46 35 39 38 44 34 42 38 34 | AFB4CE680F598D4B84
   44 37 46 31 46 45 31 45 44 32 33 37 42 33 32 32 35 42 | D7F1FE1ED237B3225B
   35 36 31 36 34 44 41 38 35 31 35 34 46 41 46 38 35 37 | 56164DA85154FAF857
   34 34 39 37 45 43 44 30 32 30 30 32 35 34 36 46 30 33 | 4497ECD02002546F03
   31 36 36 39 42 38 39 30                               | 1669B890

[2026-09-25 00:04:16] Router: 
   05 00 00 00 44 6F 6D 6F 00 22 01 00 00 AB 46 BE AD A7 | ....Domo."....F...
   46 EB A9 F1 43 E8 A8 A1 46 BA F9 A3 43 BC FB F6 13 E0 | F...C...F...C.....
   AD F2 42 BB AC A6 13 E0 AD A0 45 E1 A8 A5 43 E1 AF F1 | ..B.......E...C...
   44 EE AC F6 42 EA FB F7 13 EF FC AB 40 B9 FF A1 16 B9 | D...B.......@.....
   AD F0 41 EF A8 A0 46 E8 A8 A6 11 BD A2 A6 42 E8 F9 A6 | ..A...F.......B...
   13 BD A8 F6 17 B9 A3 F2 17 EB FF AB 42 BC A8 AB 16 EA | ............B.....
   AD AA 14 E9 A3 A5 46 EC F9 A4 45 E9 A9 A4 46 EC AB A0 | ......F...E...F...
   4C EE F9 A0 17 BA A8 F2 46 EE AE A4 40 E1 A3 A7 41 EA | L.......F...@...A.
   AA A7 16 EF FB F2 4D BC A9 F6 13 BE AE A4 46 BA FB F0 | ......M.......F...
   17 EB AF AA 43 EB AC F2 4C B9 AF A3 10 ED A9 A0 42 E9 | ....C...L.......B.
   A8 A1 16 EA AC A4 47 E1 A2 A7 4C E1 FF F1 16 B9 AD AA | ......G...L.......
   40 EC AD A5 16 E0 A3 F7 16 BA F9 F7 43 EC A3 A6 4C EB | @...........C...L.
   AF F6 10 EE AC A5 4C EB A8 F0 43 EC AC F1 44 BB A3 A7 | ......L...C...D...
   11 EA FF A2 4C EB AF A3 11 BA A2 A0 17 EC F9 A4 44 BA | ....L...........D.
   AD F5 41 E0 A3 F6 11 EE FF A2 44 BD AA AB 10 B9 A8 BE | ..A.......D.......
   46 BC A9 F7 41 E9 A9 A1 10 E0 AD AA 46 EA F8 F0 4D BD | F...A.......F...M.
   FE AB 14 E8 AE A0 10 B9 FC AA 11 BC F8 A5 00 23 0B 7D | ...............#.}
   A1 84 2B 19 55 3B 85 6B F6 C8 17 27 B6 89 1B 6B E8 31 | ..+.U;.k...'...k.1
   6D 66 84 55 D5 81 04 18 4C AC 68 B3 26 07 A9 6D 28 8E | mf.U....L.h.&..m(.
   B4 11 E7 26 67 EE C4 2A 85 AF A9 BA D9 62 17 00 DE 9F | ...&g..*.....b....
   77 8F AF 42 1C 09 79 FF 58 F2 B8 2B 62 95 A8 02 FF 1D | w..B..y.X..+b.....
   89 48 FE 96 3E 00 00 00 00 00 00 00 00 00 00 00 00 00 | .H..>.............
   00 00 00 00 00 00 00 00 00 00 00 00 00 00 00 00 00 00 | ..................
   00 00 00 00 00 00 00 00 00 00 00 00 00 00 00 00 00 00 | ..................
   00 00 00 00 00 00 00 00 00 00 00 00 00 00 00 00 00 00 | ..................
   00 00 00 00 00 00 00 00 00 00 00 00 00 00 00 00 00 00 | ..................
   00 00 00 00 00 00 00 00 00 00 00 00 00 00 00 00 00 00 | ..................
   00 00 00 00                                           | ....

[2026-09-25 00:04:16] Router: User 'Domo' logging in with token '0x3F463F3F3F463F3F433F463F3F3F433F3F3F133F3F423F3F3F133F453F433F3F443F3F423F3F3F133F3F3F403F3F3F163F3F3F413F463F113F3F3F423F3F3F133F3F3F173F3F3F173F3F3F423F3F3F163F143F463F3F3F453F463F4C3F3F3F173F3F3F463F403F413F163F3F3F4D3F3F3F133F3F3F463F3F3F173F433F3F4C3F3F3F103F3F423F163F473F4C3F3F3F163F3F3F403F163F3F163F3F3F433F4C3F3F103F4C3F3F433F3F443F3F3F113F3F3F4C3F113F3F3F173F3F3F443F3F3F413F3F113F3F3F443F3F3F103F3F3F463F3F3F413F103F463F3F3F4D3F3F3F143F103F3F3F113F3F3F'
[2026-09-25 00:04:16] Router: Received Packet [RequestID]
[2026-09-25 00:04:16] Router: User 'Domo' wants to connect to shard '1'
[2026-09-25 00:04:16] Router: Received Packet [Pong]
[2026-09-25 00:04:16] Packet: Constructing Packet [ReplyID]
[2026-09-25 00:04:16] Router: Received Packet [RequestIntroduceConnection]
[2026-09-25 00:04:16] Packet: Constructing Packet [Null]
[2026-09-25 00:04:17] Packet: Constructing Packet [ReplyIntroduceConnection]
[2026-09-25 00:04:17] Router: Received Packet [RequestClose]
[2026-09-25 00:04:17] Handler: Client '5780000' connected to Shard01
[2026-09-25 00:04:17] Handler: Client '2807385' disconnected from LoginServer
[2026-09-25 00:04:17] TORGameServerPacket: Constructing Packet [ClientHello]
[2026-09-25 00:04:17] TORGamePacketHandler: Received a packet [ConnectionHandshake]
[2026-09-25 00:04:17] TORGameClient: Changing client [5780000] state to 'CONNECTED'
[2026-09-25 00:04:17] ConnectionHandshake: Client 'Domo' trying to connect to Shard01
[2026-09-25 00:04:17] TORGameServerPacket: Constructing Packet [ObjectRequest]
[2026-09-25 00:04:17] TORGamePacketHandler: Received a packet [ObjectReply]
[2026-09-25 00:04:17] ObjectReply: Received Object Reply service=0x0000 id='OmegaServerProxyObjectName' hash='b7a6bba3:8ab55405:d7b5d3e1:5bc541f9' target='Client'
[2026-09-25 00:04:17] TORGameServerPacket: Constructing Packet [SignatureResponse]
[2026-09-25 00:04:17] TORGameServerPacket: Constructing Packet [ClientInformation]
[2026-09-25 00:04:17] TORGameClient: Changing client [5780000] state to 'AUTHED'
[2026-09-25 00:04:17] TORGamePacketHandler: Received a packet [ServiceRequest]
[2026-09-25 00:04:17] ServiceRequest: Received Service Request [*:timesource] object='Application_TimeRequester' hash='fbdaee3d' details=''/''/''
[2026-09-25 00:04:17] TORGameServerPacket: Constructing Packet [ObjectRequest]
[2026-09-25 00:04:17] TORGamePacketHandler: Received a packet [ServiceRequest]
[2026-09-25 00:04:17] ServiceRequest: Received Service Request [RepositoryServer:repositoryserver] object='omegahandlerrepository' hash='ab2f47df:4b5cb1a1:201d18e1' details=''/''/''
[2026-09-25 00:04:17] TORGameServerPacket: Constructing Packet [ObjectRequest]
[2026-09-25 00:04:17] TORGamePacketHandler: Received a packet [ObjectReply]
[2026-09-25 00:04:17] ObjectReply: Received Object Reply service=0x0001 id='Application_TimeRequester' hash='fbdaee3d' target='Client'
[2026-09-25 00:04:17] TORGameServerPacket: Constructing Packet [SignatureResponse]
[2026-09-25 00:04:17] TORGamePacketHandler: Received a packet [ObjectReply]
[2026-09-25 00:04:17] ObjectReply: Received Object Reply service=0x0002 id='omegahandlerrepository' hash='ab2f47df:4b5cb1a1:201d18e1' target='Client'
[2026-09-25 00:04:17] TORGameServerPacket: Constructing Packet [SignatureResponse]
[2026-09-25 00:04:17] TORGameServerPacket: Constructing Packet [RepositoryRevision]
[2026-09-25 00:04:17] TORGamePacketHandler: Received a packet [TimeRequesterRequest]
[2026-09-25 00:04:17] TORGameServerPacket: Constructing Packet [TimeRequesterReply]
[2026-09-25 00:04:17] TORGamePacketHandler: Received a packet [ServiceRequest]
[2026-09-25 00:04:17] ServiceRequest: Received Service Request [ScriptCompilerServer:scriptcompiler] object='omegaserverscriptcompilerobject' hash='c68b6903' details=''/''/''
[2026-09-25 00:04:17] TORGameServerPacket: Constructing Packet [ObjectRequest]
[2026-09-25 00:04:17] TORGamePacketHandler: Received a packet [ServiceRequest]
[2026-09-25 00:04:17] ServiceRequest: Received Service Request [ScriptCompilerClient:scriptcompiler] object='omegaclientscriptcompilerobject' hash='c68b6903' details=''/''/''
[2026-09-25 00:04:17] TORGameServerPacket: Constructing Packet [ObjectRequest]
[2026-09-25 00:04:17] TORGamePacketHandler: Received a packet [ServiceRequest]
[2026-09-25 00:04:17] ServiceRequest: Received Service Request [SearchServer:searchserver] object='omegascriptsearchobject' hash='dfd2980e' details=''/''/''
[2026-09-25 00:04:17] TORGameServerPacket: Constructing Packet [ObjectRequest]
[2026-09-25 00:04:17] TORGamePacketHandler: Received a packet [ServiceRequest]
[2026-09-25 00:04:17] ServiceRequest: Received Service Request [biomonserver:biomon] object='omegametricspublisherobject' hash='3a303af5' details=''/''/''
[2026-09-25 00:04:17] TORGameServerPacket: Constructing Packet [ObjectRequest]
[2026-09-25 00:04:17] TORGamePacketHandler: Received a packet [ServiceRequest]
[2026-09-25 00:04:17] ServiceRequest: Received Service Request [WorldServer:worldserver] object='omegaworldobject' hash='e0edf135' details=''/''/''
[2026-09-25 00:04:17] TORGameServerPacket: Constructing Packet [ObjectRequest]
[2026-09-25 00:04:17] TORGamePacketHandler: Received a packet [ServiceRequest]
[2026-09-25 00:04:17] ServiceRequest: Received Service Request [GameSystemsServer:gamesystemsserver] object='gamesystemsobject0' hash='bd5aa620' details=''/''/''
[2026-09-25 00:04:17] TORGameServerPacket: Constructing Packet [ObjectRequest]
[2026-09-25 00:04:17] TORGamePacketHandler: Received a packet [ServiceRequest]
[2026-09-25 00:04:17] ServiceRequest: Received Service Request [ChatGateway:chatgateway] object='chatgatewayobject' hash='f82a9dee' details=''/''/''
[2026-09-25 00:04:17] TORGameServerPacket: Constructing Packet [ObjectRequest]
[2026-09-25 00:04:17] TORGamePacketHandler: Received a packet [ServiceRequest]
[2026-09-25 00:04:17] ServiceRequest: Received Service Request [AuctionServer:auctionserver] object='auctionserverclientobject' hash='31f09da5' details=''/''/''
[2026-09-25 00:04:17] TORGameServerPacket: Constructing Packet [ObjectRequest]
[2026-09-25 00:04:17] Handler: Client '4918374' connected to TimeServer
[2026-09-25 00:04:17] TORGamePacketHandler: Received a packet [ServiceRequest]
[2026-09-25 00:04:17] TORGameServerPacket: Constructing Packet [ClientHello]
[2026-09-25 00:04:17] ServiceRequest: Received Service Request [Mail:mailserver] object='omegamailresponseobject' hash='3cef3a01' details=''/''/''
[2026-09-25 00:04:17] TORGameServerPacket: Constructing Packet [ObjectRequest]
[2026-09-25 00:04:17] TORGamePacketHandler: Received a packet [ServiceRequest]
[2026-09-25 00:04:17] ServiceRequest: Received Service Request [TrackingServer:trackingserver] object='omegatrackingretailobject' hash='d0accfb8' details=''/''/''
[2026-09-25 00:04:17] TORGameServerPacket: Constructing Packet [ObjectRequest]
[2026-09-25 00:04:17] TORGamePacketHandler: Received a packet [RequestClose]
[2026-09-25 00:04:18] TORGamePacketHandler: Received a packet [ObjectReply]
[2026-09-25 00:04:18] ObjectReply: Received Object Reply service=0x0003 id='omegaserverscriptcompilerobject' hash='c68b6903' target='Client'
[2026-09-25 00:04:18] TORGameServerPacket: Constructing Packet [SignatureResponse]
[2026-09-25 00:04:18] TORGamePacketHandler: Received a packet [ObjectReply]
[2026-09-25 00:04:18] ObjectReply: Received Object Reply service=0x0004 id='omegaclientscriptcompilerobject' hash='c68b6903' target='Client'
[2026-09-25 00:04:18] TORGameServerPacket: Constructing Packet [SignatureResponse]
[2026-09-25 00:04:18] TORGamePacketHandler: Received a packet [ObjectReply]
[2026-09-25 00:04:18] ObjectReply: Received Object Reply service=0x0005 id='omegascriptsearchobject' hash='dfd2980e' target='Client'
[2026-09-25 00:04:18] TORGameServerPacket: Constructing Packet [SignatureResponse]
[2026-09-25 00:04:18] TORGamePacketHandler: Received a packet [ObjectReply]
[2026-09-25 00:04:18] ObjectReply: Received Object Reply service=0x0006 id='omegametricspublisherobject' hash='3a303af5' target='Client'
[2026-09-25 00:04:18] TORGameServerPacket: Constructing Packet [SignatureResponse]
[2026-09-25 00:04:18] TORGamePacketHandler: Received a packet [ObjectReply]
[2026-09-25 00:04:18] ObjectReply: Received Object Reply service=0x0007 id='omegaworldobject' hash='e0edf135' target='Client'
[2026-09-25 00:04:18] TORGameServerPacket: Constructing Packet [SignatureResponse]
[2026-09-25 00:04:18] TORGamePacketHandler: Received a packet [ObjectReply]
[2026-09-25 00:04:18] ObjectReply: Received Object Reply service=0x0009 id='gamesystemsobject0' hash='bd5aa620' target='Client'
[2026-09-25 00:04:18] TORGameServerPacket: Constructing Packet [SignatureResponse]
[2026-09-25 00:04:18] TORGamePacketHandler: Received a packet [ObjectReply]
[2026-09-25 00:04:18] ObjectReply: Received Object Reply service=0x000A id='chatgatewayobject' hash='f82a9dee' target='Client'
[2026-09-25 00:04:18] TORGameServerPacket: Constructing Packet [SignatureResponse]
[2026-09-25 00:04:18] TORGamePacketHandler: Received a packet [ObjectReply]
[2026-09-25 00:04:18] ObjectReply: Received Object Reply service=0x000B id='auctionserverclientobject' hash='31f09da5' target='Client'
[2026-09-25 00:04:18] TORGameServerPacket: Constructing Packet [SignatureResponse]
[2026-09-25 00:04:18] TORGamePacketHandler: Received a packet [ObjectReply]
[2026-09-25 00:04:18] ObjectReply: Received Object Reply service=0x000C id='omegamailresponseobject' hash='3cef3a01' target='Client'
[2026-09-25 00:04:18] TORGameServerPacket: Constructing Packet [SignatureResponse]
[2026-09-25 00:04:18] TORGamePacketHandler: Received a packet [ObjectReply]
[2026-09-25 00:04:18] ObjectReply: Received Object Reply service=0x000D id='omegatrackingretailobject' hash='d0accfb8' target='Client'
[2026-09-25 00:04:18] TORGameServerPacket: Constructing Packet [SignatureResponse]
[2026-09-25 00:04:18] TORGamePacketHandler: Received a packet [Ping]
[2026-09-25 00:04:18] TORGameServerPacket: Constructing Packet [Ping]
[2026-09-25 00:04:18] TORGamePacketHandler: Received a packet [RepositorySyncRequest]
[2026-09-25 00:04:18] TORGameServerPacket: Constructing Packet [RepositorySyncReply]
[2026-09-25 00:04:18] RepositorySyncRequest: Repository synchronization acknowledged: cached revision=0, static local archives; this does not verify asset completeness.
[2026-09-25 00:04:22] TORGamePacketHandler: Received a packet [Ping]
[2026-09-25 00:04:22] TORGameServerPacket: Constructing Packet [Ping]
[2026-09-25 00:04:25] TORGamePacketHandler: Received a packet [1048409333]
[2026-09-25 00:04:25] TORGamePacketHandler: Received Unknown Packet [3E7D74F5] name=1048409333 on State 'AUTHED'
   F5 74 7D 3E 02 00 A8 65 01 00 00 00 0F 00 00 00 2F 62 | .t}>...e......../b
   6E 6B 32 2F 73 74 72 65 61 6D 65 64 00 1A 00 00 00 2B | nk2/streamed.....+
   41 53 43 45 4E 44 2B 4C 41 53 54 5F 56 45 52 53 49 4F | ASCEND+LAST_VERSIO
   4E 5F 4F 4E 4C 59 00                                  | N_ONLY.

  decode: bytes=61 type=0x3E7D74F5 routing=0x65A80002 source=0x65A8 destination=0x0002 sourceIsAreaServer=no declaredLength=1 bodyBytes=49 delta=48 body(49)=0f 00 00 00 2f 62 6e 6b 32 2f 73 74 72 65 61 6d 65 64 00 1a 00 00 00 2b 41 53 43 45 4e 44 2b 4c 41 53 54 5f 56 45 52 53 49 4f 4e 5f 4f 4e 4c 59 00
[2026-09-25 00:04:26] TORGamePacketHandler: Received a packet [RepositoryDataRequest]
[2026-09-25 00:04:26] TorArchive: TorArchive: indexed 378505 file hashes from 91 archives in D:\SWTORClassic\swtoremu\Assets2012April
[2026-09-25 00:04:26] TORGameServerPacket: Constructing Packet [RepositoryDataNotFound]
[2026-09-25 00:04:26] RepositoryDataRequest: Repository asset unavailable: request=2, path='/engine/white.tex'. Returned FQN NOT FOUND; verify the matching local archives.
[2026-09-25 00:04:26] TORGamePacketHandler: Received a packet [RepositoryDataRequest]
[2026-09-25 00:04:26] TORGameServerPacket: Constructing Packet [RepositoryDataNotFound]
[2026-09-25 00:04:26] RepositoryDataRequest: Repository asset unavailable: request=3, path='/engine/black.tex'. Returned FQN NOT FOUND; verify the matching local archives.
[2026-09-25 00:04:26] TORGamePacketHandler: Received a packet [ModulesList]
[2026-09-25 00:04:26] ModulesList: ModulesList: len=5768 startupSent=False hex=84-16-00-00-80-16-00-00-5B-7F-20-0D-03-00-00-00-A5-70-00-D0-23-00-00-00-00-00-20-63-3A-5C-77-69-6E-64-6F-77-73-5C-73-79-73-74-65-6D-33-32-5C-69-65-72-74-75-74-69-6C-2E-64-6C-6C-49-A5-A7-03-00-00-00-8C-75-00-30-29-00-00-00-00-00-1F-63-3A-5C-77-69-6E-64-6F-77-73-5C-73-79-73-74-65-6D-33-32-5C-63-6F-6D-62-61-73-65-2E-64-6C-6C-B8-E2-BE-08-00-00-00-CB-76-00-70-11-00-00-00-00-00-1D-63-3A-5C-77-69-6E-64-6F-77-73-5C-73-79-73-74-65-6D-33-32-5C-6D-73-63-74-66-2E-64-6C-6C-B6-A6-04-0C-00-00-00-04-7C-00-60-07-00-00-00-00-00-1E-63-3A-5C-77-69-6E-64-6F-77-73-5C-73-79-73-74-65-6D-33-32-5C-64-73-6F-75-6E-64-2E-64-6C-6C-03-B5-31-0E-00-00-00-87-7B-00-50-05-00-00-00-00-00-21-63-3A-5C-77-69-6E-64-6F-77-73-5C-73-79-73-74-65-6D-33-32-5C-77-69-6E-73-61-74-61-70-69-2E-64-6C-6C-C3-9B-5B-10-00-00-00-B8-57-00-D0-04-00-00-00-00-00-2D-63-3A-5C-77-69-6E-64-6F-77-73-5C-73-79-73-74-65-6D-33-32-5C-64-69-72-65-63-74-78-64-61-74-61-62-61-73-65-68-65-6C-70-65-72-2E-64-6C-6C-66-C3-6A-14-00-00-00-AF-71-00-70-22-00-00-00-00-00-7A-63-3A-5C-77-69-6E-64-6F-77-73-5C-77-69-6E-73-78-73-5C-78-38-36-5F-6D-69-63-72-6F-73-6F-66-74-2E-77-69-6E-64-6F-77-73-2E-63-6F-6D-6D-6F-6E-2D-63-6F-6E-74-72-6F-6C-73-5F-36-35-39-35-62-36-34-31-34-34-63-63-66-31-64-66-5F-36-2E-30-2E-32-36-31-30-30-2E-39-32-37-38-5F-6E-6F-6E-65-5F-38-35-62-61-35-32-37-66-66-37-61-63-35-62-30-37-5C-63-6F-6D-63-74-6C-33-32-2E-64-6C-6C-BC-F6-B9-14-00-00-00-8D-7B-00-10-1C-00-00-00-00-00-1E-63-3A-5C-77-69-6E-64-6F-77-73-5C-73-79-73-74-65-6D-33-32-5C-6D-73-78-6D-6C-36-2E-64-6C-6C-DA-7F-50-15-00-00-00-A7-57-00-F0-0F-00-00-00-00-00-2A-63-3A-5C-77-69-6E-64-6F-77-73-5C-73-79-73-74-65-6D-33-32-5C-74-65-78-74-69-6E-70-75-74-66-72-61-6D-65-77-6F-72-6B-2E-64-6C-6C-B3-13-B1-1A-00-00-00-7A-6B-00-E0-07-00-00-00-00-00-1F-63-3A-5C-77-69-6E-64-6F-77-73-5C-73-79-73-74-65-6D-33-32-5C-75-78-74-68-65-6D-65-2E-64-6C-6C-F0-85-5A-1E-00-00-00-CD-70-00-70-19-00-00-00-00-00-1E-63-3A-5C-77-69-6E-64-6F-77-73-5C-73-79-73-74-65-6D-33-32-5C-75-72-6C-6D-6F-6E-2E-64-6C-6C-54-27-E6-21-00-00-00-E1-6D-00-40-01-00-00-00-00-00-1F-63-3A-5C-77-69-6E-64-6F-77-73-5C-73-79-73-74-65-6D-33-32-5C-63-72-79-70-74-73-70-2E-64-6C-6C-3D-0F-06-24-00-00-00-CD-57-00-F0-0A-00-00-00-00-00-1F-63-3A-5C-77-69-6E-64-6F-77-73-5C-73-79-73-74-65-6D-33-32-5C-61-70-70-68-65-6C-70-2E-64-6C-6C-99-B6-4C-24-00-00-00-E7-03-00-80-3C-00-00-00-00-00-20-63-3A-5C-77-69-6E-64-6F-77-73-5C-73-79-73-74-65-6D-33-32-5C-64-33-64-78-39-5F-33-38-2E-64-6C-6C-31-26-AA-25-00-00-00-10-71-00-30-03-00-00-00-00-00-1D-63-3A-5C-77-69-6E-64-6F-77-73-5C-73-79-73-74-65-6D-33-32-5C-77-69-6E-6D-6D-2E-64-6C-6C-D0-A2-64-29-00-00-00-5B-75-00-F0-09-00-00-00-00-00-20-63-3A-5C-77-69-6E-64-6F-77-73-5C-73-79-73-74-65-6D-33-32-5C-6F-6C-65-61-75-74-33-32-2E-64-6C-6C-4C-A6-73-2F-00-00-00-CA-70-00-E0-01-00-00-00-00-00-1E-63-3A-5C-77-69-6E-64-6F-77-73-5C-73-79-73-74-65-6D-33-32-5C-73-72-76-63-6C-69-2E-64-6C-6C-87-C8-2D-31-00-00-00-EA-70-00-60-02-00-00-00-00-00-1E-63-3A-5C-77-69-6E-64-6F-77-73-5C-73-79-73-74-65-6D-33-32-5C-64-77-6D-61-70-69-2E-64-6C-6C-CD-80-61-31-00-00-00-87-76-00-50-08-00-00-00-00-00-20-63-3A-5C-77-69-6E-64-6F-77-73-5C-73-79-73-74-65-6D-33-32-5C-61-64-76-61-70-69-33-32-2E-64-6C-6C-9C-44-BC-36-00-00-00-66-75-00-70-0C-00-00-00-00-00-1E-63-3A-5C-77-69-6E-64-6F-77-73-5C-73-79-73-74-65-6D-33-32-5C-6D-73-76-63-72-74-2E-64-6C-6C-04-60-80-39-00-00-00-5D-6E-00-80-00-00-00-00-00-00-20-63-3A-5C-77-69-6E-64-6F-77-73-5C-73-79-73-74-65-6D-33-32-5C-72-61-73-61-64-68-6C-70-2E-64-6C-6C-2C-1F-E4-3D-00-00-00-62-6E-00-D0-10-00-00-00-00-00-1E-63-3A-5C-77-69-6E-64-6F-77-73-5C-73-79-73-74-65-6D-33-32-5C-64-6E-73-61-70-69-2E-64-6C-6C-3E-6B-80-3F-00-00-00-51-6D-00-20-03-00-00-00-00-00-1E-63-3A-5C-77-69-6E-64-6F-77-73-5C-73-79-73-74-65-6D-33-32-5C-72-73-61-65-6E-68-2E-64-6C-6C-76-BC-AB-3F-00-00-00-07-76-00-B0-01-00-00-00-00-00-20-63-3A-5C-77-69-6E-64-6F-77-73-5C-73-79-73-74-65-6D-33-32-5C-69-6D-61-67-65-68-6C-70-2E-64-6C-6C-EF-0E-2B-44-00-00-00-5E-6E-00-E0-01-00-00-00-00-00-20-63-3A-5C-77-69-6E-64-6F-77-73-5C-73-79-73-74-65-6D-33-32-5C-6E-6C-61-6E-73-70-5F-63-2E-64-6C-6C-83-F5-4E-47-00-00-00-F9-75-00-60-0D-00-00-00-00-00-1E-63-3A-5C-77-69-6E-64-6F-77-73-5C-73-79-73-74-65-6D-33-32-5C-73-68-63-6F-72-65-2E-64-6C-6C-F1-D9-C7-48-00-00-00-ED-75-00-50-08-00-00-00-00-00-21-63-3A-5C-77-69-6E-64-6F-77-73-5C-73-79-73-74-65-6D-33-32-5C-6D-73-76-63-70-5F-77-69-6E-2E-64-6C-6C-22-AF-E3-48-00-00-00-20-67-00-00-51-00-00-00-00-00-61-63-3A-5C-77-69-6E-64-6F-77-73-5C-73-79-73-74-65-6D-33-32-5C-64-72-69-76-65-72-73-74-6F-72-65-5C-66-69-6C-65-72-65-70-6F-73-69-74-6F-72-79-5C-6E-76-5F-64-69-73-70-69-2E-69-6E-66-5F-61-6D-64-36-34-5F-62-32-30-63-63-38-61-65-61-65-64-36-34-66-63-32-5C-6E-76-61-70-69-5F-69-6D-70-6C-2E-64-6C-6C-C4-59-4B-4E-00-00-00-08-75-00-70-15-00-00-00-00-00-1D-63-3A-5C-77-69-6E-64-6F-77-73-5C-73-79-73-74-65-6D-33-32-5C-6F-6C-65-33-32-2E-64-6C-6C-7B-70-AA-55-00-00-00-2D-75-00-A0-2D-00-00-00-00-00-22-63-3A-5C-77-69-6E-64-6F-77-73-5C-73-79-73-74-65-6D-33-32-5C-6B-65-72-6E-65-6C-62-61-73-65-2E-64-6C-6C-76-7E-3D-5C-00-00-00-2F-6D-00-B0-02-00-00-00-00-00-20-63-3A-5C-77-69-6E-64-6F-77-73-5C-73-79-73-74-65-6D-33-32-5C-63-72-79-70-74-6E-65-74-2E-64-6C-6C-EF-96-8D-63-00-00-00-BD-75-00-A0-07-00-00-00-00-00-28-63-3A-5C-77-69-6E-64-6F-77-73-5C-73-79-73-74-65-6D-33-32-5C-62-63-72-79-70-74-70-72-69-6D-69-74-69-76-65-73-2E-64-6C-6C-9E-32-FD-68-00-00-00-38-6F-00-E0-01-00-00-00-00-00-1F-63-3A-5C-77-69-6E-64-6F-77-73-5C-73-79-73-74-65-6D-33-32-5C-70-72-6F-66-61-70-69-2E-64-6C-6C-D1-98-09-6A-00-00-00-2C-7C-00-E0-08-00-00-00-00-00-6A-63-3A-5C-77-69-6E-64-6F-77-73-5C-77-69-6E-73-78-73-5C-78-38-36-5F-6D-69-63-72-6F-73-6F-66-74-2E-76-63-39-30-2E-63-72-74-5F-31-66-63-38-62-33-62-39-61-31-65-31-38-65-33-62-5F-39-2E-30-2E-33-30-37-32-39-2E-39-36-33-35-5F-6E-6F-6E-65-5F-35-30-38-66-66-38-32-65-62-63-62-61-66-65-65-30-5C-6D-73-76-63-70-39-30-2E-64-6C-6C-60-15-41-6C-00-00-00-05-75-00-20-02-00-00-00-00-00-1D-63-3A-5C-77-69-6E-64-6F-77-73-5C-73-79-73-74-65-6D-33-32-5C-67-64-69-33-32-2E-64-6C-6C-A3-82-FD-6C-00-00-00-80-76-00-A0-06-00-00-00-00-00-1E-63-3A-5C-77-69-6E-64-6F-77-73-5C-73-79-73-74-65-6D-33-32-5C-77-73-32-5F-33-32-2E-64-6C-6C-14-E4-B9-73-00-00-00-19-76-00-50-66-00-00-00-00-00-1F-63-3A-5C-77-69-6E-64-6F-77-73-5C-73-79-73-74-65-6D-33-32-5C-73-68-65-6C-6C-33-32-2E-64-6C-6C-16-2E-AD-75-00-00-00-67-72-00-50-01-00-00-00-00-00-26-63-3A-5C-77-69-6E-64-6F-77-73-5C-73-79-73-74-65-6D-33-32-5C-6B-65-72-6E-65-6C-2E-61-70-70-63-6F-72-65-2E-64-6C-6C-7B-EF-00-77-00-00-00-5B-6C-00-50-02-00-00-00-00-00-1E-63-3A-5C-77-69-6E-64-6F-77-73-5C-73-79-73-74-65-6D-33-32-5C-64-65-76-6F-62-6A-2E-64-6C-6C-CE-F3-67-77-00-00-00-78-7C-00-70-08-00-00-00-00-00-6A-63-3A-5C-77-69-6E-64-6F-77-73-5C-77-69-6E-73-78-73-5C-78-38-36-5F-6D-69-63-72-6F-73-6F-66-74-2E-76-63-38-30-2E-63-72-74-5F-31-66-63-38-62-33-62-39-61-31-65-31-38-65-33-62-5F-38-2E-30-2E-35-30-37-32-37-2E-39-36-38-30-5F-6E-6F-6E-65-5F-64-30-39-30-63-62-37-63-34-34-32-37-38-62-32-38-5C-6D-73-76-63-70-38-30-2E-64-6C-6C-5F-D3-7B-78-00-00-00-4A-6F-00-90-0C-00-00-00-00-00-1F-63-3A-5C-77-69-6E-64-6F-77-73-5C-73-79-73-74-65-6D-33-32-5C-70-72-6F-70-73-79-73-2E-64-6C-6C-35-6C-05-79-00-00-00-71-67-00-80-06-00-00-00-00-00-1D-63-3A-5C-77-69-6E-64-6F-77-73-5C-73-79-73-74-65-6D-33-32-5C-6E-76-61-70-69-2E-64-6C-6C-EB-04-04-7F-00-00-00-C3-76-00-70-00-00-00-00-00-00-1B-63-3A-5C-77-69-6E-64-6F-77-73-5C-73-79-73-74-65-6D-33-32-5C-6E-73-69-2E-64-6C-6C-47-E9-6E-7F-00-00-00-DD-76-00-20-05-00-00-00-00-00-1F-63-3A-5C-77-69-6E-64-6F-77-73-5C-73-79-73-74-65-6D-33-32-5C-73-68-6C-77-61-70-69-2E-64-6C-6C-7B-79-E4-82-00-00-00-33-6C-00-E0-17-00-00-00-00-00-71-63-3A-5C-77-69-6E-64-6F-77-73-5C-77-69-6E-73-78-73-5C-78-38-36-5F-6D-69-63-72-6F-73-6F-66-74-2E-77-69-6E-64-6F-77-73-2E-67-64-69-70-6C-75-73-5F-36-35-39-35-62-36-34-31-34-34-63-63-66-31-64-66-5F-31-2E-31-2E-32-36-31-30-30-2E-39-34-34-34-5F-6E-6F-6E-65-5F-62-36-61-32-39-66-35-66-35-32-34-31-32-32-65-65-5C-67-64-69-70-6C-75-73-2E-64-6C-6C-1B-4B-FD-83-00-00-00-17-71-00-90-71-00-00-00-00-00-27-63-3A-5C-77-69-6E-64-6F-77-73-5C-73-79-73-74-65-6D-33-32-5C-77-69-6E-64-6F-77-73-2E-73-74-6F-72-61-67-65-2E-64-6C-6C-30-66-D4-84-00-00-00-E8-71-00-E0-00-00-00-00-00-00-1E-63-3A-5C-77-69-6E-64-6F-77-73-5C-73-79-73-74-65-6D-33-32-5C-6D-73-61-73-6E-31-2E-64-6C-6C-0F-E8-E8-85-00-00-00-FF-70-00-80-10-00-00-00-00-00-1C-63-3A-5C-77-69-6E-64-6F-77-73-5C-73-79-73-74-65-6D-33-32-5C-64-78-67-69-2E-64-6C-6C-F4-19-6F-86-00-00-00-69-7C-00-B0-0E-00-00-00-00-00-23-63-3A-5C-77-69-6E-64-6F-77-73-5C-73-79-73-74-65-6D-33-32-5C-74-65-78-74-73-68-61-70-69-6E-67-2E-64-6C-6C-F6-1F-7A-86-00-00-00-E0-6D-00-A0-00-00-00-00-00-00-21-63-3A-5C-77-69-6E-64-6F-77-73-5C-73-79-73-74-65-6D-33-32-5C-63-72-79-70-74-62-61-73-65-2E-64-6C-6C-F7-73-A4-86-00-00-00-2D-0A-00-20-01-00-00-00-00-00-1E-63-3A-5C-77-69-6E-64-6F-77-73-5C-73-79-73-74-65-6D-33-32-5C-77-73-68-62-74-68-2E-64-6C-6C-28-0E-DA-86-00-00-00-AC-71-00-60-02-00-00-00-00-00-20-63-3A-5C-77-69-6E-64-6F-77-73-5C-73-79-73-74-65-6D-33-32-5C-69-70-68-6C-70-61-70-69-2E-64-6C-6C-AB-8A-5A-8A-00-00-00-B6-75-00-70-06-00-00-00-00-00-20-63-3A-5C-77-69-6E-64-6F-77-73-5C-73-79-73-74-65-6D-33-32-5C-77-69-6E-74-72-75-73-74-2E-64-6C-6C-AA-F7-DF-8F-00-00-00-0C-50-00-50-02-00-00-00-00-00-21-63-3A-5C-77-69-6E-64-6F-77-73-5C-73-79-73-74-65-6D-33-32-5C-77-69-6E-6D-6D-62-61-73-65-2E-64-6C-6C-CC-0B-4A-91-00-00-00-AC-74-00-60-00-00-00-00-00-00-1D-63-3A-5C-77-69-6E-64-6F-77-73-5C-73-79-73-74-65-6D-33-32-5C-70-73-61-70-69-2E-64-6C-6C-28-9E-C0-93-00-00-00-D1-75-00-50-08-00-00-00-00-00-1F-63-3A-5C-77-69-6E-64-6F-77-73-5C-73-79-73-74-65-6D-33-32-5C-73-65-63-68-6F-73-74-2E-64-6C-6C-19-3C-AD-95-00-00-00-66-72-00-80-00-00-00-00-00-00-1F-63-3A-5C-77-69-6E-64-6F-77-73-5C-73-79-73-74-65-6D-33-32-5C-76-65-72-73-69-6F-6E-2E-64-6C-6C-E6-67-FC-98-00-00-00-05-6E-00-C0-05-00-00-00-00-00-1C-63-3A-5C-77-69-6E-64-6F-77-73-5C-73-79-73-74-65-6D-33-32-5C-77-6C-64-70-2E-64-6C-6C-A6-23-0E-9C-00-00-00-0C-7C-00-F0-09-00-00-00-00-00-23-63-3A-5C-77-69-6E-64-6F-77-73-5C-73-79-73-74-65-6D-33-32-5C-72-65-73-61-6D-70-6C-65-64-6D-6F-2E-64-6C-6C-8D-79-CF-9E-00-00-00-BB-58-00-A0-17-00-00-00-00-00-1C-63-3A-5C-77-69-6E-64-6F-77-73-5C-73-79-73-74-65-6D-33-32-5C-64-33-64-39-2E-64-6C-6C-12-CD-73-A4-00-00-00-DA-75-00-00-11-00-00-00-00-00-20-63-3A-5C-77-69-6E-64-6F-77-73-5C-73-79-73-74-65-6D-33-32-5C-75-63-72-74-62-61-73-65-2E-64-6C-6C-CD-F6-2C-A6-00-00-00-08-6D-00-30-22-00-00-00-00-00-1F-63-3A-5C-77-69-6E-64-6F-77-73-5C-73-79-73-74-65-6D-33-32-5C-77-69-6E-69-6E-65-74-2E-64-6C-6C-D3-AD-AC-A9-00-00-00-F6-76-00-F0-1B-00-00-00-00-00-1D-63-3A-5C-77-69-6E-64-6F-77-73-5C-73-79-73-74-65-6D-33-32-5C-6E-74-64-6C-6C-2E-64-6C-6C-DA-B4-9C-AC-00-00-00-72-72-00-50-05-00-00-00-00-00-20-63-3A-5C-77-69-6E-64-6F-77-73-5C-73-79-73-74-65-6D-33-32-5C-70-6F-77-72-70-72-6F-66-2E-64-6C-6C-F1-71-68-AE-00-00-00-74-6E-00-B0-01-00-00-00-00-00-20-63-3A-5C-77-69-6E-64-6F-77-73-5C-73-79-73-74-65-6D-33-32-5C-64-68-63-70-63-73-76-63-2E-64-6C-6C-CD-8C-2A-AF-00-00-00-F9-7B-00-F0-00-00-00-00-00-00-25-63-3A-5C-77-69-6E-64-6F-77-73-5C-73-79-73-74-65-6D-33-32-5C-73-6F-72-74-77-69-6E-64-6F-77-73-36-31-2E-64-6C-6C-9D-90-CC-B1-00-00-00-90-76-00-70-1E-00-00-00-00-00-1E-63-3A-5C-77-69-6E-64-6F-77-73-5C-73-79-73-74-65-6D-33-32-5C-75-73-65-72-33-32-2E-64-6C-6C-4D-22-8A-B3-00-00-00-F6-75-00-C0-01-00-00-00-00-00-1E-63-3A-5C-77-69-6E-64-6F-77-73-5C-73-79-73-74-65-6D-33-32-5C-77-69-6E-33-32-75-2E-64-6C-6C-A9-41-42-B5-00-00-00-41-0C-00-90-00-00-00-00-00-00-1D-63-3A-5C-77-69-6E-64-6F-77-73-5C-73-79-73-74-65-6D-33-32-5C-6D-73-64-6D-6F-2E-64-6C-6C-8D-F8-74-B6-00-00-00-8D-71-00-80-1E-00-00-00-00-00-1F-63-3A-5C-77-69-6E-64-6F-77-73-5C-73-79-73-74-65-6D-33-32-5C-64-62-67-68-65-6C-70-2E-64-6C-6C-68-B7-9F-B8-00-00-00-90-6E-00-00-04-00-00-00-00-00-20-63-3A-5C-77-69-6E-64-6F-77-73-5C-73-79-73-74-65-6D-33-32-5C-63-66-67-6D-67-72-33-32-2E-64-6C-6C-16-F8-89-BA-00-00-00-AF-76-00-C0-0B-00-00-00-00-00-1E-63-3A-5C-77-69-6E-64-6F-77-73-5C-73-79-73-74-65-6D-33-32-5C-72-70-63-72-74-34-2E-64-6C-6C-14-9F-B3-BE-00-00-00-78-67-00-B0-12-00-00-00-00-00-20-63-3A-5C-77-69-6E-64-6F-77-73-5C-73-79-73-74-65-6D-33-32-5C-64-72-76-73-74-6F-72-65-2E-64-6C-6C-AE-F4-14-C2-00-00-00-BF-74-00-10-45-00-00-00-00-00-20-63-3A-5C-77-69-6E-64-6F-77-73-5C-73-79-73-74-65-6D-33-32-5C-73-65-74-75-70-61-70-69-2E-64-6C-6C-AE-CE-8F-C3-00-00-00-AD-74-00-E0-10-00-00-00-00-00-1F-63-3A-5C-77-69-6E-64-6F-77-73-5C-73-79-73-74-65-6D-33-32-5C-63-72-79-70-74-33-32-2E-64-6C-6C-B3-E5-4D-C6-00-00-00-AC-7B-00-E0-00-00-00-00-00-00-1E-63-3A-5C-77-69-6E-64-6F-77-73-5C-73-79-73-74-65-6D-33-32-5C-77-69-6E-72-6E-72-2E-64-6C-6C-81-22-01-CD-00-00-00-61-6E-00-A0-00-00-00-00-00-00-1F-63-3A-5C-77-69-6E-64-6F-77-73-5C-73-79-73-74-65-6D-33-32-5C-64-73-70-61-72-73-65-2E-64-6C-6C-CE-47-09-D2-00-00-00-5A-6F-00-40-05-00-00-00-00-00-1F-63-3A-5C-77-69-6E-64-6F-77-73-5C-73-79-73-74-65-6D-33-32-5C-6D-73-77-73-6F-63-6B-2E-64-6C-6C-10-CE-67-D2-00-00-00-E6-71-00-F0-00-00-00-00-00-00-1D-63-3A-5C-77-69-6E-64-6F-77-73-5C-73-79-73-74-65-6D-33-32-5C-75-6D-70-64-63-2E-64-6C-6C-E4-19-89-D6-00-00-00-35-7C-00-B0-09-00-00-00-00-00-6A-63-3A-5C-77-69-6E-64-6F-77-73-5C-77-69-6E-73-78-73-5C-78-38-36-5F-6D-69-63-72-6F-73-6F-66-74-2E-76-63-38-30-2E-63-72-74-5F-31-66-63-38-62-33-62-39-61-31-65-31-38-65-33-62-5F-38-2E-30-2E-35-30-37-32-37-2E-39-36-38-30-5F-6E-6F-6E-65-5F-64-30-39-30-63-62-37-63-34-34-32-37-38-62-32-38-5C-6D-73-76-63-72-38-30-2E-64-6C-6C-CF-AC-41-D7-00-00-00-09-76-00-00-0F-00-00-00-00-00-20-63-3A-5C-77-69-6E-64-6F-77-73-5C-73-79-73-74-65-6D-33-32-5C-6B-65-72-6E-65-6C-33-32-2E-64-6C-6C-07-52-92-D7-00-00-00-89-71-00-B0-00-00-00-00-00-00-20-63-3A-5C-77-69-6E-64-6F-77-73-5C-73-79-73-74-65-6D-33-32-5C-6E-65-74-75-74-69-6C-73-2E-64-6C-6C-B1-36-5F-DF-00-00-00-24-75-00-60-08-00-00-00-00-00-1F-63-3A-5C-77-69-6E-64-6F-77-73-5C-73-79-73-74-65-6D-33-32-5C-63-6C-62-63-61-74-71-2E-64-6C-6C-9D-C5-48-E2-00-00-00-12-6E-00-C0-01-00-00-00-00-00-1E-63-3A-5C-77-69-6E-64-6F-77-73-5C-73-79-73-74-65-6D-33-32-5C-62-63-72-79-70-74-2E-64-6C-6C-6E-44-B2-EC-00-00-00-66-6C-00-70-03-00-00-00-00-00-1E-63-3A-5C-77-69-6E-64-6F-77-73-5C-73-79-73-74-65-6D-33-32-5C-64-78-63-6F-72-65-2E-64-6C-6C-A9-FA-2D-EF-00-00-00-E3-76-00-50-02-00-00-00-00-00-1D-63-3A-5C-77-69-6E-64-6F-77-73-5C-73-79-73-74-65-6D-33-32-5C-69-6D-6D-33-32-2E-64-6C-6C-1C-D4-BF-EF-00-00-00-AA-7B-00-20-01-00-00-00-00-00-1F-63-3A-5C-77-69-6E-64-6F-77-73-5C-73-79-73-74-65-6D-33-32-5C-6E-61-70-69-6E-73-70-2E-64-6C-6C-43-34-9F-F0-00-00-00-E6-76-00-A0-0E-00-00-00-00-00-21-63-3A-5C-77-69-6E-64-6F-77-73-5C-73-79-73-74-65-6D-33-32-5C-67-64-69-33-32-66-75-6C-6C-2E-64-6C-6C-F5-29-59-F2-00-00-00-3F-7C-00-20-29-00-00-00-00-00-20-63-3A-5C-77-69-6E-64-6F-77-73-5C-73-79-73-74-65-6D-33-32-5C-61-63-6C-61-79-65-72-73-2E-64-6C-6C-A4-94-02-F9-00-00-00-55-6D-00-20-06-00-00-00-00-00-20-63-3A-5C-77-69-6E-64-6F-77-73-5C-73-79-73-74-65-6D-33-32-5C-66-77-70-75-63-6C-6E-74-2E-64-6C-6C-57-6E-5C-FF-00-00-00-81-7C-00-30-0A-00-00-00-00-00-6A-63-3A-5C-77-69-6E-64-6F-77-73-5C-77-69-6E-73-78-73-5C-78-38-36-5F-6D-69-63-72-6F-73-6F-66-74-2E-76-63-39-30-2E-63-72-74-5F-31-66-63-38-62-33-62-39-61-31-65-31-38-65-33-62-5F-39-2E-30-2E-33-30-37-32-39-2E-39-36-33-35-5F-6E-6F-6E-65-5F-35-30-38-66-66-38-32-65-62-63-62-61-66-65-65-30-5C-6D-73-76-63-72-39-30-2E-64-6C-6C-08-BC-0F-B4-1D-00-00-00-5E-00-00-B0-26-01-00-00-00-00-3E-64-3A-5C-73-77-74-6F-72-63-6C-61-73-73-69-63-5C-73-77-74-6F-72-65-6D-75-5C-6E-65-78-75-73-63-6C-69-65-6E-74-5C-6E-65-78-75-73-63-6C-69-65-6E-74-5C-73-77-74-6F-72-2D-65-6D-75-2E-65-78-65-52-62-79-37-00-00-00-C6-7C-00-F0-02-00-00-00-00-00-3E-64-3A-5C-73-77-74-6F-72-63-6C-61-73-73-69-63-5C-73-77-74-6F-72-65-6D-75-5C-6E-65-78-75-73-63-6C-69-65-6E-74-5C-6E-65-78-75-73-63-6C-69-65-6E-74-5C-6D-65-6D-6F-72-79-6D-61-6E-2E-64-6C-6C-46-FC-74-42-00-00-00-00-10-00-10-05-00-00-00-00-00-40-64-3A-5C-73-77-74-6F-72-63-6C-61-73-73-69-63-5C-73-77-74-6F-72-65-6D-75-5C-6E-65-78-75-73-63-6C-69-65-6E-74-5C-6E-65-78-75-73-63-6C-69-65-6E-74-5C-73-70-65-65-64-74-72-65-65-72-74-2E-64-6C-6C-38-00-25-52-00-00-00-24-04-00-D0-09-00-00-00-00-00-3C-64-3A-5C-73-77-74-6F-72-63-6C-61-73-73-69-63-5C-73-77-74-6F-72-65-6D-75-5C-6E-65-78-75-73-63-6C-69-65-6E-74-5C-6E-65-78-75-73-63-6C-69-65-6E-74-5C-67-72-61-6E-6E-79-32-2E-64-6C-6C-95-9C-C8-60-00-00-00-1B-7A-00-90-03-00-00-00-00-00-49-64-3A-5C-73-77-74-6F-72-63-6C-61-73-73-69-63-5C-73-77-74-6F-72-65-6D-75-5C-6E-65-78-75-73-63-6C-69-65-6E-74-5C-6E-65-78-75-73-63-6C-69-65-6E-74-5C-72-65-6D-6F-74-65-72-65-6E-64-65-72-65-72-63-6C-69-65-6E-74-2E-64-6C-6C-D1-42-DD-70-00-00-00-1F-7A-00-70-02-00-00-00-00-00-42-64-3A-5C-73-77-74-6F-72-63-6C-61-73-73-69-63-5C-73-77-74-6F-72-65-6D-75-5C-6E-65-78-75-73-63-6C-69-65-6E-74-5C-6E-65-78-75-73-63-6C-69-65-6E-74-5C-62-75-67-73-6C-61-79-65-72-75-74-69-6C-2E-64-6C-6C-44-EA-A1-B7-00-00-00-FD-7B-00-90-03-00-00-00-00-00-3A-64-3A-5C-73-77-74-6F-72-63-6C-61-73-73-69-63-5C-73-77-74-6F-72-65-6D-75-5C-6E-65-78-75-73-63-6C-69-65-6E-74-5C-6E-65-78-75-73-63-6C-69-65-6E-74-5C-6E-65-78-75-73-2E-64-6C-6C-A2-3A-7E-EC-00-00-00-01-7C-00-30-02-00-00-00-00-00-41-64-3A-5C-73-77-74-6F-72-63-6C-61-73-73-69-63-5C-73-77-74-6F-72-65-6D-75-5C-6E-65-78-75-73-63-6C-69-65-6E-74-5C-6E-65-78-75-73-63-6C-69-65-6E-74-5C-70-6C-61-74-66-6F-72-6D-69-6E-66-6F-2E-64-6C-6C-01-8C-01-60-1D-00-00-00-40-6E-00-10-02-00-00-00-00-00-2A-63-3A-5C-70-72-6F-67-72-61-6D-20-66-69-6C-65-73-20-28-78-38-36-29-5C-62-6F-6E-6A-6F-75-72-5C-6D-64-6E-73-6E-73-70-2E-64-6C-6C-00
[2026-09-25 00:04:26] TORGameServerPacket: Constructing Packet [WorldNotifyGauntletVersion]
[2026-09-25 00:04:26] TORGameServerPacket: Constructing Packet [WorldShouldSendScriptErrors]
[2026-09-25 00:04:26] TORGameServerPacket: Constructing Packet [TrackingServerInit]
[2026-09-25 00:04:26] TORGameServerPacket: Constructing Packet [GameSystemNotifyID]
[2026-09-25 00:04:26] TORGameServerPacket: Constructing Packet [WorldHackPack]
[2026-09-25 00:04:26] TORGameServerPacket: Constructing Packet [WorldRequestRPC]
[2026-09-25 00:04:26] ModulesList: Sent deferred world startup packets after ModulesList readiness.
[2026-09-25 00:04:26] TORGamePacketHandler: Received a packet [HackNotifyData]
[2026-09-25 00:04:26] TORGamePacketHandler: Received a packet [RepositoryDataReceipt]
[2026-09-25 00:04:26] RepositoryDataReceipt: Repository resource receipt: value=0.
[2026-09-25 00:04:26] TORGamePacketHandler: Received a packet [RepositoryDataReceipt]
[2026-09-25 00:04:26] RepositoryDataReceipt: Repository resource receipt: value=0.
[2026-09-25 00:04:27] TORGamePacketHandler: Received a packet [WorldByteReport]
[2026-09-25 00:04:27] WorldByteReport: World report 8EB28DE9: component=0x65AB0007 bytes=48 words=[9AEDB4F8,32FAB89B,B9FD5DA9,EF1EB45A,00000000,00000000,00000000,00000000,00000000,00000000,00000000,00000000] hex=F8-B4-ED-9A-9B-B8-FA-32-A9-5D-FD-B9-5A-B4-1E-EF-00-00-00-00-00-00-00-00-00-00-00-00-00-00-00-00-00-00-00-00-00-00-00-00-00-00-00-00-00-00-00-00; no synthetic WorldTravelStatus reply sent.
[2026-09-25 00:04:27] TORGamePacketHandler: Received a packet [Ping]
[2026-09-25 00:04:27] TORGameServerPacket: Constructing Packet [Ping]
[2026-09-25 00:04:32] TORGamePacketHandler: Received a packet [Ping]
[2026-09-25 00:04:32] TORGameServerPacket: Constructing Packet [Ping]
[2026-09-25 00:04:37] TORGamePacketHandler: Received a packet [WorldByteReport]
[2026-09-25 00:04:37] WorldByteReport: World report 8EB28DE9: component=0x65AB0007 bytes=48 words=[98C5ADF8,B3D26073,B05FF5E8,467D45B0,00000000,00000000,00000000,00000000,00000000,00000000,00000000,00000000] hex=F8-AD-C5-98-73-60-D2-B3-E8-F5-5F-B0-B0-45-7D-46-00-00-00-00-00-00-00-00-00-00-00-00-00-00-00-00-00-00-00-00-00-00-00-00-00-00-00-00-00-00-00-00; no synthetic WorldTravelStatus reply sent.
[2026-09-25 00:04:37] TORGamePacketHandler: Received a packet [HackNotifyData]
[2026-09-25 00:04:38] TORGamePacketHandler: Received a packet [Ping]
[2026-09-25 00:04:38] TORGameServerPacket: Constructing Packet [Ping]
[2026-09-25 00:04:39] TORGamePacketHandler: Received a packet [ModulesList]
[2026-09-25 00:04:39] ModulesList: ModulesList: len=12 startupSent=True hex=08-00-00-00-04-00-00-00-00-00-00-00
[2026-09-25 00:04:39] TORGamePacketHandler: Received a packet [CMsgC26464A9]
[2026-09-25 00:04:39] AreaPollExperiment: AREA-POLL CMsgC26464A9: component=0x65AB0007 len=43 placed=none areaSvc=0 mode=Swallow head=27-00-00-00-CD-80-61-31-1A-00-00-00-00-00-00-00 tail=00-00-00-9D-90-CC-B1-0B-00-00-00-00-00-00-00-00
[2026-09-25 00:04:39] AreaPollExperiment: AREA-POLL CMsgC26464A9: decision=swallowed
[2026-09-25 00:04:43] TORGamePacketHandler: Received a packet [Ping]
[2026-09-25 00:04:43] TORGameServerPacket: Constructing Packet [Ping]
[2026-09-25 00:04:48] TORGamePacketHandler: Received a packet [Ping]
[2026-09-25 00:04:48] TORGameServerPacket: Constructing Packet [Ping]
[2026-09-25 00:04:49] TORGamePacketHandler: Received a packet [WorldByteReport]
[2026-09-25 00:04:49] WorldByteReport: World report 8EB28DE9: component=0x65AB0007 bytes=48 words=[9EFFB4F9,D457EE93,90B67BAA,EC116E08,00000000,00000000,00000000,00000000,00000000,00000000,00000000,00000000] hex=F9-B4-FF-9E-93-EE-57-D4-AA-7B-B6-90-08-6E-11-EC-00-00-00-00-00-00-00-00-00-00-00-00-00-00-00-00-00-00-00-00-00-00-00-00-00-00-00-00-00-00-00-00; no synthetic WorldTravelStatus reply sent.
[2026-09-25 00:04:49] TORGamePacketHandler: Received a packet [HackNotifyData]
[2026-09-25 00:04:51] TORGamePacketHandler: Received a packet [ModulesList]
[2026-09-25 00:04:51] ModulesList: ModulesList: len=12 startupSent=True hex=08-00-00-00-04-00-00-00-00-00-00-00
[2026-09-25 00:04:53] TORGamePacketHandler: Received a packet [Ping]
[2026-09-25 00:04:53] TORGameServerPacket: Constructing Packet [Ping]
[2026-09-25 00:04:58] TORGamePacketHandler: Received a packet [Ping]
[2026-09-25 00:04:58] TORGameServerPacket: Constructing Packet [Ping]
[2026-09-25 00:05:03] TORGamePacketHandler: Received a packet [Ping]
[2026-09-25 00:05:03] TORGameServerPacket: Constructing Packet [Ping]
[2026-09-25 00:05:08] TORGamePacketHandler: Received a packet [Ping]
[2026-09-25 00:05:08] TORGameServerPacket: Constructing Packet [Ping]
[2026-09-25 00:05:13] TORGamePacketHandler: Received a packet [Ping]
[2026-09-25 00:05:13] TORGameServerPacket: Constructing Packet [Ping]
[2026-09-25 00:05:18] TORGamePacketHandler: Received a packet [Ping]
[2026-09-25 00:05:18] TORGameServerPacket: Constructing Packet [Ping]
[2026-09-25 00:05:24] TORGamePacketHandler: Received a packet [Ping]
[2026-09-25 00:05:24] TORGameServerPacket: Constructing Packet [Ping]
[2026-09-25 00:05:29] TORGamePacketHandler: Received a packet [Ping]
[2026-09-25 00:05:29] TORGameServerPacket: Constructing Packet [Ping]
[2026-09-25 00:05:32] TORGamePacketHandler: Received a packet [ModulesList]
[2026-09-25 00:05:33] ModulesList: ModulesList: len=12 startupSent=True hex=08-00-00-00-04-00-00-00-00-00-00-00
[2026-09-25 00:05:33] TORGamePacketHandler: Received a packet [WorldByteReport]
[2026-09-25 00:05:33] WorldByteReport: World report 8EB28DE9: component=0x65AB0007 bytes=48 words=[23584B2F,07999768,672A62C4,31BA5D47,00000000,00000000,00000000,00000000,00000000,00000000,00000000,00000000] hex=2F-4B-58-23-68-97-99-07-C4-62-2A-67-47-5D-BA-31-00-00-00-00-00-00-00-00-00-00-00-00-00-00-00-00-00-00-00-00-00-00-00-00-00-00-00-00-00-00-00-00; no synthetic WorldTravelStatus reply sent.
[2026-09-25 00:05:33] TORGamePacketHandler: Received a packet [CMsgC26464A9]
[2026-09-25 00:05:33] AreaPollExperiment: AREA-POLL CMsgC26464A9: component=0x65AB0007 len=43 placed=none areaSvc=0 mode=Swallow head=27-00-00-00-A3-82-FD-6C-16-00-00-00-00-00-00-00 tail=00-00-00-CF-AC-41-D7-0C-00-00-00-00-00-00-00-00
[2026-09-25 00:05:33] AreaPollExperiment: AREA-POLL CMsgC26464A9: decision=swallowed
[2026-09-25 00:05:33] TORGamePacketHandler: Received a packet [HackNotifyData]
[2026-09-25 00:05:34] TORGamePacketHandler: Received a packet [Ping]
[2026-09-25 00:05:34] TORGameServerPacket: Constructing Packet [Ping]
[2026-09-25 00:05:39] TORGamePacketHandler: Received a packet [Ping]
[2026-09-25 00:05:39] TORGameServerPacket: Constructing Packet [Ping]
[2026-09-25 00:05:44] TORGamePacketHandler: Received a packet [WorldByteReport]
[2026-09-25 00:05:44] WorldByteReport: World report 8EB28DE9: component=0x65AB0007 bytes=48 words=[D89FA5D1,58D2B179,921D9BE9,EC4F8474,00000000,00000000,00000000,00000000,00000000,00000000,00000000,00000000] hex=D1-A5-9F-D8-79-B1-D2-58-E9-9B-1D-92-74-84-4F-EC-00-00-00-00-00-00-00-00-00-00-00-00-00-00-00-00-00-00-00-00-00-00-00-00-00-00-00-00-00-00-00-00; no synthetic WorldTravelStatus reply sent.
[2026-09-25 00:05:44] TORGamePacketHandler: Received a packet [HackNotifyData]
[2026-09-25 00:05:44] TORGamePacketHandler: Received a packet [Ping]
[2026-09-25 00:05:44] TORGameServerPacket: Constructing Packet [Ping]
[2026-09-25 00:05:45] TORGamePacketHandler: Received a packet [ModulesList]
[2026-09-25 00:05:45] ModulesList: ModulesList: len=12 startupSent=True hex=08-00-00-00-04-00-00-00-00-00-00-00
[2026-09-25 00:05:45] TORGamePacketHandler: Received a packet [CMsgC26464A9]
[2026-09-25 00:05:45] AreaPollExperiment: AREA-POLL CMsgC26464A9: component=0x65AB0007 len=43 placed=none areaSvc=0 mode=Swallow head=27-00-00-00-CF-AC-41-D7-18-00-00-00-00-00-00-00 tail=00-00-00-CF-AC-41-D7-0D-00-00-00-00-00-00-00-00
[2026-09-25 00:05:45] AreaPollExperiment: AREA-POLL CMsgC26464A9: decision=swallowed
[2026-09-25 00:05:49] TORGamePacketHandler: Received a packet [Ping]
[2026-09-25 00:05:49] TORGameServerPacket: Constructing Packet [Ping]
[2026-09-25 00:05:54] TORGamePacketHandler: Received a packet [WorldByteReport]
[2026-09-25 00:05:54] WorldByteReport: World report 8EB28DE9: component=0x65AB0007 bytes=48 words=[045A7A26,0FA9881A,6411E816,79E2ED7B,00000000,00000000,00000000,00000000,00000000,00000000,00000000,00000000] hex=26-7A-5A-04-1A-88-A9-0F-16-E8-11-64-7B-ED-E2-79-00-00-00-00-00-00-00-00-00-00-00-00-00-00-00-00-00-00-00-00-00-00-00-00-00-00-00-00-00-00-00-00; no synthetic WorldTravelStatus reply sent.
[2026-09-25 00:05:54] TORGamePacketHandler: Received a packet [HackNotifyData]
[2026-09-25 00:05:54] TORGamePacketHandler: Received a packet [Ping]
[2026-09-25 00:05:54] TORGameServerPacket: Constructing Packet [Ping]
[2026-09-25 00:05:57] TORGamePacketHandler: Received a packet [ModulesList]
[2026-09-25 00:05:57] ModulesList: ModulesList: len=12 startupSent=True hex=08-00-00-00-04-00-00-00-00-00-00-00
[2026-09-25 00:05:58] TORGamePacketHandler: Received a packet [CMsgC26464A9]
[2026-09-25 00:05:58] AreaPollExperiment: AREA-POLL CMsgC26464A9: component=0x65AB0007 len=43 placed=none areaSvc=0 mode=Swallow head=27-00-00-00-D3-AD-AC-A9-27-00-00-00-00-00-00-00 tail=00-00-00-CD-80-61-31-1C-00-00-00-00-00-00-00-00
[2026-09-25 00:05:58] AreaPollExperiment: AREA-POLL CMsgC26464A9: decision=swallowed
[2026-09-25 00:06:00] TORGamePacketHandler: Received a packet [Ping]
[2026-09-25 00:06:00] TORGameServerPacket: Constructing Packet [Ping]
[2026-09-25 00:06:05] TORGamePacketHandler: Received a packet [Ping]
[2026-09-25 00:06:05] TORGameServerPacket: Constructing Packet [Ping]
[2026-09-25 00:06:05] TORGamePacketHandler: Received a packet [WorldByteReport]
[2026-09-25 00:06:05] WorldByteReport: World report 8EB28DE9: component=0x65AB0007 bytes=48 words=[D887ADD0,283AAFA9,90BC1FFB,524702B6,1EC4DDFB,EA1490AB,F125EC76,B00AA8D9,1C3E05AB,0004B69D,93452BCC,1432F831] hex=D0-AD-87-D8-A9-AF-3A-28-FB-1F-BC-90-B6-02-47-52-FB-DD-C4-1E-AB-90-14-EA-76-EC-25-F1-D9-A8-0A-B0-AB-05-3E-1C-9D-B6-04-00-CC-2B-45-93-31-F8-32-14; no synthetic WorldTravelStatus reply sent.
[2026-09-25 00:06:05] TORGamePacketHandler: Received a packet [HackNotifyData]
[2026-09-25 00:06:09] TORGamePacketHandler: Received a packet [ModulesList]
[2026-09-25 00:06:09] ModulesList: ModulesList: len=12 startupSent=True hex=08-00-00-00-04-00-00-00-00-00-00-00
[2026-09-25 00:06:10] TORGamePacketHandler: Received a packet [Ping]
[2026-09-25 00:06:10] TORGameServerPacket: Constructing Packet [Ping]
[2026-09-25 00:06:12] TORGamePacketHandler: Received a packet [CMsgC26464A9]
[2026-09-25 00:06:12] AreaPollExperiment: AREA-POLL CMsgC26464A9: component=0x65AB0007 len=43 placed=none areaSvc=0 mode=Swallow head=27-00-00-00-9D-90-CC-B1-08-00-00-00-00-00-00-00 tail=00-00-00-A3-82-FD-6C-0F-00-00-00-00-00-00-00-00
[2026-09-25 00:06:12] AreaPollExperiment: AREA-POLL CMsgC26464A9: decision=swallowed
[2026-09-25 00:06:14] TORGamePacketHandler: Received a packet [RepositoryDataRequest]
[2026-09-25 00:06:14] TORGameServerPacket: Constructing Packet [RepositoryDataNotFound]
[2026-09-25 00:06:14] RepositoryDataRequest: Repository asset unavailable: request=4, path='/en-us/str/svy/bug/gui.stb'. Returned FQN NOT FOUND; verify the matching local archives.
[2026-09-25 00:06:14] TORGamePacketHandler: Received a packet [RepositoryDataRequest]
[2026-09-25 00:06:14] TORGameServerPacket: Constructing Packet [RepositoryDataNotFound]
[2026-09-25 00:06:14] RepositoryDataRequest: Repository asset unavailable: request=5, path='/en-us/str/svy/cohort/advanced_class.stb'. Returned FQN NOT FOUND; verify the matching local archives.
[2026-09-25 00:06:14] TORGamePacketHandler: Received a packet [RepositoryDataRequest]
[2026-09-25 00:06:14] TORGameServerPacket: Constructing Packet [RepositoryDataNotFound]
[2026-09-25 00:06:14] RepositoryDataRequest: Repository asset unavailable: request=6, path='/en-us/str/svy/cohort/auction_house.stb'. Returned FQN NOT FOUND; verify the matching local archives.
[2026-09-25 00:06:14] TORGamePacketHandler: Received a packet [RepositoryDataRequest]
[2026-09-25 00:06:14] TORGameServerPacket: Constructing Packet [RepositoryDataNotFound]
[2026-09-25 00:06:14] RepositoryDataRequest: Repository asset unavailable: request=7, path='/en-us/str/svy/cohort/class_quest.stb'. Returned FQN NOT FOUND; verify the matching local archives.
[2026-09-25 00:06:14] TORGamePacketHandler: Received a packet [RepositoryDataRequest]
[2026-09-25 00:06:14] TORGameServerPacket: Constructing Packet [RepositoryDataNotFound]
[2026-09-25 00:06:14] RepositoryDataRequest: Repository asset unavailable: request=8, path='/en-us/str/svy/cohort/companion.stb'. Returned FQN NOT FOUND; verify the matching local archives.
[2026-09-25 00:06:14] TORGamePacketHandler: Received a packet [RepositoryDataRequest]
[2026-09-25 00:06:14] TORGameServerPacket: Constructing Packet [RepositoryDataNotFound]
[2026-09-25 00:06:14] RepositoryDataRequest: Repository asset unavailable: request=9, path='/en-us/str/svy/cohort/death.stb'. Returned FQN NOT FOUND; verify the matching local archives.
[2026-09-25 00:06:14] TORGamePacketHandler: Received a packet [RepositoryDataRequest]
[2026-09-25 00:06:14] TORGameServerPacket: Constructing Packet [RepositoryDataNotFound]
[2026-09-25 00:06:14] RepositoryDataRequest: Repository asset unavailable: request=10, path='/en-us/str/svy/cohort/flashpoint.stb'. Returned FQN NOT FOUND; verify the matching local archives.
[2026-09-25 00:06:14] TORGamePacketHandler: Received a packet [RepositoryDataRequest]
[2026-09-25 00:06:14] TORGameServerPacket: Constructing Packet [RepositoryDataNotFound]
[2026-09-25 00:06:14] RepositoryDataRequest: Repository asset unavailable: request=11, path='/en-us/str/svy/cohort/group_composition.stb'. Returned FQN NOT FOUND; verify the matching local archives.
[2026-09-25 00:06:14] TORGamePacketHandler: Received a packet [RepositoryDataRequest]
[2026-09-25 00:06:14] TORGameServerPacket: Constructing Packet [RepositoryDataNotFound]
[2026-09-25 00:06:14] RepositoryDataRequest: Repository asset unavailable: request=12, path='/en-us/str/svy/cohort/heroic_quest.stb'. Returned FQN NOT FOUND; verify the matching local archives.
[2026-09-25 00:06:14] TORGamePacketHandler: Received a packet [RepositoryDataRequest]
[2026-09-25 00:06:14] TORGameServerPacket: Constructing Packet [RepositoryDataNotFound]
[2026-09-25 00:06:14] RepositoryDataRequest: Repository asset unavailable: request=13, path='/en-us/str/svy/cohort/level.stb'. Returned FQN NOT FOUND; verify the matching local archives.
[2026-09-25 00:06:14] TORGamePacketHandler: Received a packet [RepositoryDataRequest]
[2026-09-25 00:06:14] TORGameServerPacket: Constructing Packet [RepositoryDataNotFound]
[2026-09-25 00:06:14] RepositoryDataRequest: Repository asset unavailable: request=14, path='/en-us/str/svy/cohort/map.stb'. Returned FQN NOT FOUND; verify the matching local archives.
[2026-09-25 00:06:14] TORGamePacketHandler: Received a packet [RepositoryDataRequest]
[2026-09-25 00:06:14] TORGameServerPacket: Constructing Packet [RepositoryDataNotFound]
[2026-09-25 00:06:14] RepositoryDataRequest: Repository asset unavailable: request=15, path='/en-us/str/svy/cohort/net_promoter.stb'. Returned FQN NOT FOUND; verify the matching local archives.
[2026-09-25 00:06:14] TORGamePacketHandler: Received a packet [RepositoryDataRequest]
[2026-09-25 00:06:14] TORGameServerPacket: Constructing Packet [RepositoryDataNotFound]
[2026-09-25 00:06:14] RepositoryDataRequest: Repository asset unavailable: request=16, path='/en-us/str/svy/cohort/performance.stb'. Returned FQN NOT FOUND; verify the matching local archives.
[2026-09-25 00:06:15] TORGamePacketHandler: Received a packet [RepositoryDataRequest]
[2026-09-25 00:06:15] TORGameServerPacket: Constructing Packet [RepositoryDataNotFound]
[2026-09-25 00:06:15] RepositoryDataRequest: Repository asset unavailable: request=17, path='/en-us/str/svy/cohort/quest.stb'. Returned FQN NOT FOUND; verify the matching local archives.
[2026-09-25 00:06:15] TORGamePacketHandler: Received a packet [RepositoryDataRequest]
[2026-09-25 00:06:15] TORGameServerPacket: Constructing Packet [RepositoryDataNotFound]
[2026-09-25 00:06:15] RepositoryDataRequest: Repository asset unavailable: request=18, path='/en-us/str/svy/cohort/questabandoned.stb'. Returned FQN NOT FOUND; verify the matching local archives.
[2026-09-25 00:06:15] TORGamePacketHandler: Received a packet [RepositoryDataRequest]
[2026-09-25 00:06:15] TORGameServerPacket: Constructing Packet [RepositoryDataNotFound]
[2026-09-25 00:06:15] RepositoryDataRequest: Repository asset unavailable: request=19, path='/en-us/str/svy/cohort/quit.stb'. Returned FQN NOT FOUND; verify the matching local archives.
[2026-09-25 00:06:15] TORGamePacketHandler: Received a packet [RepositoryDataRequest]
[2026-09-25 00:06:15] TORGameServerPacket: Constructing Packet [RepositoryDataNotFound]
[2026-09-25 00:06:15] RepositoryDataRequest: Repository asset unavailable: request=20, path='/en-us/str/svy/cohort/alpha2/abilities.stb'. Returned FQN NOT FOUND; verify the matching local archives.
[2026-09-25 00:06:15] TORGamePacketHandler: Received a packet [RepositoryDataRequest]
[2026-09-25 00:06:15] TORGameServerPacket: Constructing Packet [RepositoryDataNotFound]
[2026-09-25 00:06:15] RepositoryDataRequest: Repository asset unavailable: request=21, path='/en-us/str/svy/cohort/alpha2/advanced_class.stb'. Returned FQN NOT FOUND; verify the matching local archives.
[2026-09-25 00:06:15] TORGamePacketHandler: Received a packet [RepositoryDataRequest]
[2026-09-25 00:06:15] TORGameServerPacket: Constructing Packet [RepositoryDataNotFound]
[2026-09-25 00:06:15] RepositoryDataRequest: Repository asset unavailable: request=22, path='/en-us/str/svy/cohort/alpha2/advanced_class2.stb'. Returned FQN NOT FOUND; verify the matching local archives.
[2026-09-25 00:06:15] TORGamePacketHandler: Received a packet [RepositoryDataRequest]
[2026-09-25 00:06:15] TORGameServerPacket: Constructing Packet [RepositoryDataNotFound]
[2026-09-25 00:06:15] RepositoryDataRequest: Repository asset unavailable: request=23, path='/en-us/str/svy/cohort/alpha2/calltoarms.stb'. Returned FQN NOT FOUND; verify the matching local archives.
[2026-09-25 00:06:15] TORGamePacketHandler: Received a packet [RepositoryDataRequest]
[2026-09-25 00:06:15] TORGameServerPacket: Constructing Packet [RepositoryDataNotFound]
[2026-09-25 00:06:15] RepositoryDataRequest: Repository asset unavailable: request=24, path='/en-us/str/svy/cohort/alpha2/companion.stb'. Returned FQN NOT FOUND; verify the matching local archives.
[2026-09-25 00:06:15] TORGamePacketHandler: Received a packet [RepositoryDataRequest]
[2026-09-25 00:06:15] TORGameServerPacket: Constructing Packet [RepositoryDataNotFound]
[2026-09-25 00:06:15] RepositoryDataRequest: Repository asset unavailable: request=25, path='/en-us/str/svy/cohort/alpha2/flashpoint.stb'. Returned FQN NOT FOUND; verify the matching local archives.
[2026-09-25 00:06:15] TORGamePacketHandler: Received a packet [RepositoryDataRequest]
[2026-09-25 00:06:15] TORGameServerPacket: Constructing Packet [RepositoryDataNotFound]
[2026-09-25 00:06:15] RepositoryDataRequest: Repository asset unavailable: request=26, path='/en-us/str/svy/cohort/alpha2/grouping.stb'. Returned FQN NOT FOUND; verify the matching local archives.
[2026-09-25 00:06:15] TORGamePacketHandler: Received a packet [RepositoryDataRequest]
[2026-09-25 00:06:15] TORGameServerPacket: Constructing Packet [RepositoryDataNotFound]
[2026-09-25 00:06:15] RepositoryDataRequest: Repository asset unavailable: request=27, path='/en-us/str/svy/cohort/alpha2/heroic_quest.stb'. Returned FQN NOT FOUND; verify the matching local archives.
[2026-09-25 00:06:15] TORGamePacketHandler: Received a packet [RepositoryDataRequest]
[2026-09-25 00:06:15] TORGameServerPacket: Constructing Packet [RepositoryDataNotFound]
[2026-09-25 00:06:15] RepositoryDataRequest: Repository asset unavailable: request=28, path='/en-us/str/svy/cohort/alpha2/heroic_quest2.stb'. Returned FQN NOT FOUND; verify the matching local archives.
[2026-09-25 00:06:15] TORGamePacketHandler: Received a packet [RepositoryDataRequest]
[2026-09-25 00:06:15] TORGameServerPacket: Constructing Packet [RepositoryDataNotFound]
[2026-09-25 00:06:15] RepositoryDataRequest: Repository asset unavailable: request=29, path='/en-us/str/svy/cohort/alpha2/heroic_quest3.stb'. Returned FQN NOT FOUND; verify the matching local archives.
[2026-09-25 00:06:15] TORGamePacketHandler: Received a packet [RepositoryDataRequest]
[2026-09-25 00:06:15] TORGameServerPacket: Constructing Packet [RepositoryDataNotFound]
[2026-09-25 00:06:15] RepositoryDataRequest: Repository asset unavailable: request=30, path='/en-us/str/svy/cohort/alpha2/jediprisoner.stb'. Returned FQN NOT FOUND; verify the matching local archives.
[2026-09-25 00:06:15] TORGamePacketHandler: Received a packet [RepositoryDataRequest]
[2026-09-25 00:06:15] TORGameServerPacket: Constructing Packet [RepositoryDataNotFound]
[2026-09-25 00:06:15] RepositoryDataRequest: Repository asset unavailable: request=31, path='/en-us/str/svy/cohort/alpha2/quit.stb'. Returned FQN NOT FOUND; verify the matching local archives.
[2026-09-25 00:06:15] TORGamePacketHandler: Received a packet [RepositoryDataRequest]
[2026-09-25 00:06:15] TORGameServerPacket: Constructing Packet [RepositoryDataNotFound]
[2026-09-25 00:06:15] RepositoryDataRequest: Repository asset unavailable: request=32, path='/en-us/str/svy/cohort/alpha2/quit2.stb'. Returned FQN NOT FOUND; verify the matching local archives.
[2026-09-25 00:06:15] TORGamePacketHandler: Received a packet [RepositoryDataRequest]
[2026-09-25 00:06:15] TORGameServerPacket: Constructing Packet [RepositoryDataNotFound]
[2026-09-25 00:06:15] RepositoryDataRequest: Repository asset unavailable: request=33, path='/en-us/str/svy/cohort/alpha2/skilltree.stb'. Returned FQN NOT FOUND; verify the matching local archives.
[2026-09-25 00:06:15] TORGamePacketHandler: Received a packet [RepositoryDataRequest]
[2026-09-25 00:06:15] TORGameServerPacket: Constructing Packet [RepositoryDataNotFound]
[2026-09-25 00:06:15] RepositoryDataRequest: Repository asset unavailable: request=34, path='/en-us/str/svy/cohort/alpha2/space_combat.stb'. Returned FQN NOT FOUND; verify the matching local archives.
[2026-09-25 00:06:15] TORGamePacketHandler: Received a packet [RepositoryDataRequest]
[2026-09-25 00:06:15] TORGameServerPacket: Constructing Packet [RepositoryDataNotFound]
[2026-09-25 00:06:15] RepositoryDataRequest: Repository asset unavailable: request=35, path='/en-us/str/svy/cohort/alpha2/warzone.stb'. Returned FQN NOT FOUND; verify the matching local archives.
[2026-09-25 00:06:15] TORGamePacketHandler: Received a packet [RepositoryDataRequest]
[2026-09-25 00:06:15] TORGameServerPacket: Constructing Packet [RepositoryDataNotFound]
[2026-09-25 00:06:15] RepositoryDataRequest: Repository asset unavailable: request=36, path='/en-us/str/svy/cohort/alpha2/levelup/1st_hour.stb'. Returned FQN NOT FOUND; verify the matching local archives.
[2026-09-25 00:06:15] TORGamePacketHandler: Received a packet [RepositoryDataRequest]
[2026-09-25 00:06:15] TORGameServerPacket: Constructing Packet [RepositoryDataNotFound]
[2026-09-25 00:06:15] RepositoryDataRequest: Repository asset unavailable: request=37, path='/en-us/str/svy/cohort/alpha2/levelup/week1.stb'. Returned FQN NOT FOUND; verify the matching local archives.
[2026-09-25 00:06:15] TORGamePacketHandler: Received a packet [RepositoryDataRequest]
[2026-09-25 00:06:16] TORGameServerPacket: Constructing Packet [RepositoryDataNotFound]
[2026-09-25 00:06:16] RepositoryDataRequest: Repository asset unavailable: request=38, path='/en-us/str/svy/cohort/alpha2/levelup/week2a.stb'. Returned FQN NOT FOUND; verify the matching local archives.
[2026-09-25 00:06:16] TORGamePacketHandler: Received a packet [RepositoryDataRequest]
[2026-09-25 00:06:16] TORGameServerPacket: Constructing Packet [RepositoryDataNotFound]
[2026-09-25 00:06:16] RepositoryDataRequest: Repository asset unavailable: request=39, path='/en-us/str/svy/cohort/alpha2/levelup/week2b.stb'. Returned FQN NOT FOUND; verify the matching local archives.
[2026-09-25 00:06:16] TORGamePacketHandler: Received a packet [RepositoryDataRequest]
[2026-09-25 00:06:16] TORGameServerPacket: Constructing Packet [RepositoryDataNotFound]
[2026-09-25 00:06:16] RepositoryDataRequest: Repository asset unavailable: request=40, path='/en-us/str/svy/cohort/alpha2/quest_complete/week1.stb'. Returned FQN NOT FOUND; verify the matching local archives.
[2026-09-25 00:06:16] TORGamePacketHandler: Received a packet [RepositoryDataRequest]
[2026-09-25 00:06:16] TORGameServerPacket: Constructing Packet [RepositoryDataNotFound]
[2026-09-25 00:06:16] RepositoryDataRequest: Repository asset unavailable: request=41, path='/en-us/str/svy/cohort/crewskills/gathering.stb'. Returned FQN NOT FOUND; verify the matching local archives.
[2026-09-25 00:06:16] TORGamePacketHandler: Received a packet [RepositoryDataRequest]
[2026-09-25 00:06:16] TORGameServerPacket: Constructing Packet [RepositoryDataNotFound]
[2026-09-25 00:06:16] RepositoryDataRequest: Repository asset unavailable: request=42, path='/en-us/str/svy/cohort/crewskills/production.stb'. Returned FQN NOT FOUND; verify the matching local archives.
[2026-09-25 00:06:16] TORGamePacketHandler: Received a packet [RepositoryDataRequest]
[2026-09-25 00:06:16] TORGameServerPacket: Constructing Packet [RepositoryDataNotFound]
[2026-09-25 00:06:16] RepositoryDataRequest: Repository asset unavailable: request=43, path='/en-us/str/svy/cohort/levelup/npe.stb'. Returned FQN NOT FOUND; verify the matching local archives.
[2026-09-25 00:06:16] TORGamePacketHandler: Received a packet [RepositoryDataRequest]
[2026-09-25 00:06:16] TORGameServerPacket: Constructing Packet [RepositoryDataNotFound]
[2026-09-25 00:06:16] RepositoryDataRequest: Repository asset unavailable: request=44, path='/en-us/str/svy/cohort/levelup/week1.stb'. Returned FQN NOT FOUND; verify the matching local archives.
[2026-09-25 00:06:16] TORGamePacketHandler: Received a packet [RepositoryDataRequest]
[2026-09-25 00:06:16] TORGameServerPacket: Constructing Packet [RepositoryDataNotFound]
[2026-09-25 00:06:16] RepositoryDataRequest: Repository asset unavailable: request=45, path='/en-us/str/svy/cohort/levelup/week2.stb'. Returned FQN NOT FOUND; verify the matching local archives.
[2026-09-25 00:06:16] TORGamePacketHandler: Received a packet [RepositoryDataRequest]
[2026-09-25 00:06:16] TORGameServerPacket: Constructing Packet [RepositoryDataNotFound]
[2026-09-25 00:06:16] RepositoryDataRequest: Repository asset unavailable: request=46, path='/en-us/str/svy/cohort/levelup/week3.stb'. Returned FQN NOT FOUND; verify the matching local archives.
[2026-09-25 00:06:16] TORGamePacketHandler: Received a packet [RepositoryDataRequest]
[2026-09-25 00:06:16] TORGameServerPacket: Constructing Packet [RepositoryDataNotFound]
[2026-09-25 00:06:16] RepositoryDataRequest: Repository asset unavailable: request=47, path='/en-us/str/svy/cohort/levelup/week4.stb'. Returned FQN NOT FOUND; verify the matching local archives.
[2026-09-25 00:06:16] TORGamePacketHandler: Received a packet [RepositoryDataRequest]
[2026-09-25 00:06:16] TORGameServerPacket: Constructing Packet [RepositoryDataNotFound]
[2026-09-25 00:06:16] RepositoryDataRequest: Repository asset unavailable: request=48, path='/en-us/str/svy/cohort/quest_complete/week1.stb'. Returned FQN NOT FOUND; verify the matching local archives.
[2026-09-25 00:06:16] TORGamePacketHandler: Received a packet [RepositoryDataRequest]
[2026-09-25 00:06:16] TORGameServerPacket: Constructing Packet [RepositoryDataNotFound]
[2026-09-25 00:06:16] RepositoryDataRequest: Repository asset unavailable: request=49, path='/en-us/str/svy/cohort/quest_complete/week2.stb'. Returned FQN NOT FOUND; verify the matching local archives.
[2026-09-25 00:06:16] TORGamePacketHandler: Received a packet [RepositoryDataRequest]
[2026-09-25 00:06:16] TORGameServerPacket: Constructing Packet [RepositoryDataNotFound]
[2026-09-25 00:06:16] RepositoryDataRequest: Repository asset unavailable: request=50, path='/en-us/str/svy/test/bbannon/testsurvey.stb'. Returned FQN NOT FOUND; verify the matching local archives.
[2026-09-25 00:06:16] TORGamePacketHandler: Received a packet [RepositoryDataRequest]
[2026-09-25 00:06:16] TORGameServerPacket: Constructing Packet [RepositoryDataNotFound]
[2026-09-25 00:06:16] RepositoryDataRequest: Repository asset unavailable: request=51, path='/en-us/str/svy/test/bmatt/surevey1.stb'. Returned FQN NOT FOUND; verify the matching local archives.
[2026-09-25 00:06:16] TORGamePacketHandler: Received a packet [RepositoryDataRequest]
[2026-09-25 00:06:16] TORGameServerPacket: Constructing Packet [RepositoryDataNotFound]
[2026-09-25 00:06:16] RepositoryDataRequest: Repository asset unavailable: request=52, path='/en-us/str/svy/test/bmatt/survey2.stb'. Returned FQN NOT FOUND; verify the matching local archives.
[2026-09-25 00:06:16] TORGamePacketHandler: Received a packet [RepositoryDataRequest]
[2026-09-25 00:06:16] TORGameServerPacket: Constructing Packet [RepositoryDataNotFound]
[2026-09-25 00:06:16] RepositoryDataRequest: Repository asset unavailable: request=53, path='/en-us/str/svy/test/bmatt/survey3.stb'. Returned FQN NOT FOUND; verify the matching local archives.
[2026-09-25 00:06:16] TORGamePacketHandler: Received a packet [RepositoryDataReceipt]
[2026-09-25 00:06:16] RepositoryDataReceipt: Repository resource receipt: value=0.
[2026-09-25 00:06:16] TORGamePacketHandler: Received a packet [RepositoryDataReceipt]
[2026-09-25 00:06:16] RepositoryDataReceipt: Repository resource receipt: value=0.
[2026-09-25 00:06:16] TORGamePacketHandler: Received a packet [RepositoryDataReceipt]
[2026-09-25 00:06:16] RepositoryDataReceipt: Repository resource receipt: value=0.
[2026-09-25 00:06:16] TORGamePacketHandler: Received a packet [RepositoryDataReceipt]
[2026-09-25 00:06:16] RepositoryDataReceipt: Repository resource receipt: value=0.
[2026-09-25 00:06:16] TORGamePacketHandler: Received a packet [RepositoryDataReceipt]
[2026-09-25 00:06:16] RepositoryDataReceipt: Repository resource receipt: value=0.
[2026-09-25 00:06:16] TORGamePacketHandler: Received a packet [RepositoryDataReceipt]
[2026-09-25 00:06:16] RepositoryDataReceipt: Repository resource receipt: value=0.
[2026-09-25 00:06:16] TORGamePacketHandler: Received a packet [RepositoryDataReceipt]
[2026-09-25 00:06:16] RepositoryDataReceipt: Repository resource receipt: value=0.
[2026-09-25 00:06:16] TORGamePacketHandler: Received a packet [RepositoryDataReceipt]
[2026-09-25 00:06:16] RepositoryDataReceipt: Repository resource receipt: value=0.
[2026-09-25 00:06:16] TORGamePacketHandler: Received a packet [RepositoryDataReceipt]
[2026-09-25 00:06:16] RepositoryDataReceipt: Repository resource receipt: value=0.
[2026-09-25 00:06:17] TORGamePacketHandler: Received a packet [RepositoryDataReceipt]
[2026-09-25 00:06:17] RepositoryDataReceipt: Repository resource receipt: value=0.
[2026-09-25 00:06:17] TORGamePacketHandler: Received a packet [RepositoryDataReceipt]
[2026-09-25 00:06:17] RepositoryDataReceipt: Repository resource receipt: value=0.
[2026-09-25 00:06:17] TORGamePacketHandler: Received a packet [RepositoryDataReceipt]
[2026-09-25 00:06:17] RepositoryDataReceipt: Repository resource receipt: value=0.
[2026-09-25 00:06:17] TORGamePacketHandler: Received a packet [RepositoryDataReceipt]
[2026-09-25 00:06:17] RepositoryDataReceipt: Repository resource receipt: value=0.
[2026-09-25 00:06:17] TORGamePacketHandler: Received a packet [RepositoryDataReceipt]
[2026-09-25 00:06:17] RepositoryDataReceipt: Repository resource receipt: value=0.
[2026-09-25 00:06:17] TORGamePacketHandler: Received a packet [RepositoryDataReceipt]
[2026-09-25 00:06:17] RepositoryDataReceipt: Repository resource receipt: value=0.
[2026-09-25 00:06:17] TORGamePacketHandler: Received a packet [RepositoryDataReceipt]
[2026-09-25 00:06:17] RepositoryDataReceipt: Repository resource receipt: value=0.
[2026-09-25 00:06:17] TORGamePacketHandler: Received a packet [RepositoryDataReceipt]
[2026-09-25 00:06:17] RepositoryDataReceipt: Repository resource receipt: value=0.
[2026-09-25 00:06:17] TORGamePacketHandler: Received a packet [RepositoryDataReceipt]
[2026-09-25 00:06:17] RepositoryDataReceipt: Repository resource receipt: value=0.
[2026-09-25 00:06:17] TORGamePacketHandler: Received a packet [RepositoryDataReceipt]
[2026-09-25 00:06:17] RepositoryDataReceipt: Repository resource receipt: value=0.
[2026-09-25 00:06:17] TORGamePacketHandler: Received a packet [RepositoryDataReceipt]
[2026-09-25 00:06:17] RepositoryDataReceipt: Repository resource receipt: value=0.
[2026-09-25 00:06:17] TORGamePacketHandler: Received a packet [RepositoryDataReceipt]
[2026-09-25 00:06:17] RepositoryDataReceipt: Repository resource receipt: value=0.
[2026-09-25 00:06:17] TORGamePacketHandler: Received a packet [RepositoryDataReceipt]
[2026-09-25 00:06:17] RepositoryDataReceipt: Repository resource receipt: value=0.
[2026-09-25 00:06:17] TORGamePacketHandler: Received a packet [RepositoryDataReceipt]
[2026-09-25 00:06:17] RepositoryDataReceipt: Repository resource receipt: value=0.
[2026-09-25 00:06:17] TORGamePacketHandler: Received a packet [RepositoryDataReceipt]
[2026-09-25 00:06:17] RepositoryDataReceipt: Repository resource receipt: value=0.
[2026-09-25 00:06:17] TORGamePacketHandler: Received a packet [RepositoryDataReceipt]
[2026-09-25 00:06:17] RepositoryDataReceipt: Repository resource receipt: value=0.
[2026-09-25 00:06:17] TORGamePacketHandler: Received a packet [RepositoryDataReceipt]
[2026-09-25 00:06:17] RepositoryDataReceipt: Repository resource receipt: value=0.
[2026-09-25 00:06:17] TORGamePacketHandler: Received a packet [RepositoryDataReceipt]
[2026-09-25 00:06:17] RepositoryDataReceipt: Repository resource receipt: value=0.
[2026-09-25 00:06:17] TORGamePacketHandler: Received a packet [RepositoryDataReceipt]
[2026-09-25 00:06:17] RepositoryDataReceipt: Repository resource receipt: value=0.
[2026-09-25 00:06:17] TORGamePacketHandler: Received a packet [RepositoryDataReceipt]
[2026-09-25 00:06:17] RepositoryDataReceipt: Repository resource receipt: value=0.
[2026-09-25 00:06:17] TORGamePacketHandler: Received a packet [RepositoryDataReceipt]
[2026-09-25 00:06:17] RepositoryDataReceipt: Repository resource receipt: value=0.
[2026-09-25 00:06:17] TORGamePacketHandler: Received a packet [RepositoryDataReceipt]
[2026-09-25 00:06:17] RepositoryDataReceipt: Repository resource receipt: value=0.
[2026-09-25 00:06:17] TORGamePacketHandler: Received a packet [RepositoryDataReceipt]
[2026-09-25 00:06:17] RepositoryDataReceipt: Repository resource receipt: value=0.
[2026-09-25 00:06:17] TORGamePacketHandler: Received a packet [RepositoryDataReceipt]
[2026-09-25 00:06:17] RepositoryDataReceipt: Repository resource receipt: value=0.
[2026-09-25 00:06:17] TORGamePacketHandler: Received a packet [RepositoryDataReceipt]
[2026-09-25 00:06:17] RepositoryDataReceipt: Repository resource receipt: value=0.
[2026-09-25 00:06:17] TORGamePacketHandler: Received a packet [RepositoryDataReceipt]
[2026-09-25 00:06:17] RepositoryDataReceipt: Repository resource receipt: value=0.
[2026-09-25 00:06:17] TORGamePacketHandler: Received a packet [RepositoryDataReceipt]
[2026-09-25 00:06:17] RepositoryDataReceipt: Repository resource receipt: value=0.
[2026-09-25 00:06:17] TORGamePacketHandler: Received a packet [RepositoryDataReceipt]
[2026-09-25 00:06:17] RepositoryDataReceipt: Repository resource receipt: value=0.
[2026-09-25 00:06:17] TORGamePacketHandler: Received a packet [RepositoryDataReceipt]
[2026-09-25 00:06:17] RepositoryDataReceipt: Repository resource receipt: value=0.
[2026-09-25 00:06:17] TORGamePacketHandler: Received a packet [RepositoryDataReceipt]
[2026-09-25 00:06:17] RepositoryDataReceipt: Repository resource receipt: value=0.
[2026-09-25 00:06:17] TORGamePacketHandler: Received a packet [RepositoryDataReceipt]
[2026-09-25 00:06:17] RepositoryDataReceipt: Repository resource receipt: value=0.
[2026-09-25 00:06:17] TORGamePacketHandler: Received a packet [RepositoryDataReceipt]
[2026-09-25 00:06:17] RepositoryDataReceipt: Repository resource receipt: value=0.
[2026-09-25 00:06:18] TORGamePacketHandler: Received a packet [RepositoryDataReceipt]
[2026-09-25 00:06:18] RepositoryDataReceipt: Repository resource receipt: value=0.
[2026-09-25 00:06:18] TORGamePacketHandler: Received a packet [RepositoryDataReceipt]
[2026-09-25 00:06:18] RepositoryDataReceipt: Repository resource receipt: value=0.
[2026-09-25 00:06:18] TORGamePacketHandler: Received a packet [RepositoryDataReceipt]
[2026-09-25 00:06:18] RepositoryDataReceipt: Repository resource receipt: value=0.
[2026-09-25 00:06:18] TORGamePacketHandler: Received a packet [RepositoryDataReceipt]
[2026-09-25 00:06:18] RepositoryDataReceipt: Repository resource receipt: value=0.
[2026-09-25 00:06:18] TORGamePacketHandler: Received a packet [RepositoryDataReceipt]
[2026-09-25 00:06:18] RepositoryDataReceipt: Repository resource receipt: value=0.
[2026-09-25 00:06:18] TORGamePacketHandler: Received a packet [RepositoryDataReceipt]
[2026-09-25 00:06:18] RepositoryDataReceipt: Repository resource receipt: value=0.
[2026-09-25 00:06:18] TORGamePacketHandler: Received a packet [RepositoryDataReceipt]
[2026-09-25 00:06:18] RepositoryDataReceipt: Repository resource receipt: value=0.
[2026-09-25 00:06:18] TORGamePacketHandler: Received a packet [RepositoryDataReceipt]
[2026-09-25 00:06:18] RepositoryDataReceipt: Repository resource receipt: value=0.
[2026-09-25 00:06:18] TORGamePacketHandler: Received a packet [RepositoryDataReceipt]
[2026-09-25 00:06:18] RepositoryDataReceipt: Repository resource receipt: value=0.
[2026-09-25 00:06:18] TORGamePacketHandler: Received a packet [RepositoryDataRequest]
[2026-09-25 00:06:18] TORGameServerPacket: Constructing Packet [RepositoryDataNotFound]
[2026-09-25 00:06:18] RepositoryDataRequest: Repository asset unavailable: request=54, path='/en-us/str/svy/test/damion/test.stb'. Returned FQN NOT FOUND; verify the matching local archives.
[2026-09-25 00:06:18] TORGamePacketHandler: Received a packet [RepositoryDataRequest]
[2026-09-25 00:06:18] TORGameServerPacket: Constructing Packet [RepositoryDataNotFound]
[2026-09-25 00:06:18] RepositoryDataRequest: Repository asset unavailable: request=55, path='/en-us/str/svy/test/damion/test2.stb'. Returned FQN NOT FOUND; verify the matching local archives.
[2026-09-25 00:06:18] TORGamePacketHandler: Received a packet [RepositoryDataRequest]
[2026-09-25 00:06:18] TORGameServerPacket: Constructing Packet [RepositoryDataNotFound]
[2026-09-25 00:06:18] RepositoryDataRequest: Repository asset unavailable: request=56, path='/en-us/str/svy/test/damion/test3.stb'. Returned FQN NOT FOUND; verify the matching local archives.
[2026-09-25 00:06:18] TORGamePacketHandler: Received a packet [RepositoryDataRequest]
[2026-09-25 00:06:18] TORGameServerPacket: Constructing Packet [RepositoryDataNotFound]
[2026-09-25 00:06:18] RepositoryDataRequest: Repository asset unavailable: request=57, path='/en-us/str/svy/test/jwalker/surveywithstrings.stb'. Returned FQN NOT FOUND; verify the matching local archives.
[2026-09-25 00:06:18] TORGamePacketHandler: Received a packet [RepositoryDataRequest]
[2026-09-25 00:06:18] TORGameServerPacket: Constructing Packet [RepositoryDataNotFound]
[2026-09-25 00:06:18] RepositoryDataRequest: Repository asset unavailable: request=58, path='/en-us/str/svy/test/qa/he8/jgibbs/test_survey01.stb'. Returned FQN NOT FOUND; verify the matching local archives.
[2026-09-25 00:06:18] TORGamePacketHandler: Received a packet [RepositoryDataRequest]
[2026-09-25 00:06:18] TORGameServerPacket: Constructing Packet [RepositoryDataNotFound]
[2026-09-25 00:06:18] RepositoryDataRequest: Repository asset unavailable: request=59, path='/en-us/str/svy/test/qa/jkoch/he15/test.stb'. Returned FQN NOT FOUND; verify the matching local archives.
[2026-09-25 00:06:18] TORGamePacketHandler: Received a packet [RepositoryDataRequest]
[2026-09-25 00:06:18] TORGameServerPacket: Constructing Packet [RepositoryDataNotFound]
[2026-09-25 00:06:18] RepositoryDataRequest: Repository asset unavailable: request=60, path='/en-us/str/svy/test/qa/sperasoft/itsinovkin/test.stb'. Returned FQN NOT FOUND; verify the matching local archives.
[2026-09-25 00:06:18] TORGamePacketHandler: Received a packet [Ping]
[2026-09-25 00:06:18] TORGameServerPacket: Constructing Packet [Ping]
[2026-09-25 00:06:18] TORGamePacketHandler: Received a packet [WorldByteReport]
[2026-09-25 00:06:18] WorldByteReport: World report 8EB28DE9: component=0x65AB0007 bytes=48 words=[9FFF95F8,7B126149,929CDFB9,C6640574,1EC4DDFB,EA1490AB,F125EC76,B00AA8D9,1C3E05AB,0004B69D,93452BCC,1432F831] hex=F8-95-FF-9F-49-61-12-7B-B9-DF-9C-92-74-05-64-C6-FB-DD-C4-1E-AB-90-14-EA-76-EC-25-F1-D9-A8-0A-B0-AB-05-3E-1C-9D-B6-04-00-CC-2B-45-93-31-F8-32-14; no synthetic WorldTravelStatus reply sent.
[2026-09-25 00:06:18] TORGamePacketHandler: Received a packet [HackNotifyData]
[2026-09-25 00:06:18] TORGamePacketHandler: Received a packet [RepositoryDataReceipt]
[2026-09-25 00:06:18] RepositoryDataReceipt: Repository resource receipt: value=0.
[2026-09-25 00:06:18] TORGamePacketHandler: Received a packet [RepositoryDataReceipt]
[2026-09-25 00:06:18] RepositoryDataReceipt: Repository resource receipt: value=0.
[2026-09-25 00:06:18] TORGamePacketHandler: Received a packet [RepositoryDataReceipt]
[2026-09-25 00:06:18] RepositoryDataReceipt: Repository resource receipt: value=0.
[2026-09-25 00:06:18] TORGamePacketHandler: Received a packet [RepositoryDataReceipt]
[2026-09-25 00:06:18] RepositoryDataReceipt: Repository resource receipt: value=0.
[2026-09-25 00:06:18] TORGamePacketHandler: Received a packet [RepositoryDataReceipt]
[2026-09-25 00:06:18] RepositoryDataReceipt: Repository resource receipt: value=0.
[2026-09-25 00:06:18] TORGamePacketHandler: Received a packet [RepositoryDataReceipt]
[2026-09-25 00:06:18] RepositoryDataReceipt: Repository resource receipt: value=0.
[2026-09-25 00:06:18] TORGamePacketHandler: Received a packet [RepositoryDataReceipt]
[2026-09-25 00:06:18] RepositoryDataReceipt: Repository resource receipt: value=0.
[2026-09-25 00:06:20] TORGamePacketHandler: Received a packet [Ping]
[2026-09-25 00:06:20] TORGameServerPacket: Constructing Packet [Ping]
[2026-09-25 00:06:23] TORGamePacketHandler: Received a packet [ModulesList]
[2026-09-25 00:06:23] ModulesList: ModulesList: len=12 startupSent=True hex=08-00-00-00-04-00-00-00-00-00-00-00
[2026-09-25 00:06:24] TORGamePacketHandler: Received a packet [CMsgC26464A9]
[2026-09-25 00:06:24] AreaPollExperiment: AREA-POLL CMsgC26464A9: component=0x65AB0007 len=43 placed=none areaSvc=0 mode=Swallow head=27-00-00-00-CF-AC-41-D7-0D-00-00-00-00-00-00-00 tail=00-00-00-A3-82-FD-6C-13-00-00-00-00-00-00-00-00
[2026-09-25 00:06:24] AreaPollExperiment: AREA-POLL CMsgC26464A9: decision=swallowed
[2026-09-25 00:06:26] TORGamePacketHandler: Received a packet [Ping]
[2026-09-25 00:06:26] TORGameServerPacket: Constructing Packet [Ping]
[2026-09-25 00:06:28] TORGamePacketHandler: Received a packet [WorldByteReport]
[2026-09-25 00:06:28] WorldByteReport: World report 8EB28DE9: component=0x65AB0007 bytes=48 words=[20624A2F,8BA9CEBE,6FCBA444,D97BF456,1EC4DDFB,EA1490AB,F125EC76,B00AA8D9,1C3E05AB,0004B69D,93452BCC,1432F831] hex=2F-4A-62-20-BE-CE-A9-8B-44-A4-CB-6F-56-F4-7B-D9-FB-DD-C4-1E-AB-90-14-EA-76-EC-25-F1-D9-A8-0A-B0-AB-05-3E-1C-9D-B6-04-00-CC-2B-45-93-31-F8-32-14; no synthetic WorldTravelStatus reply sent.
[2026-09-25 00:06:28] TORGamePacketHandler: Received a packet [HackNotifyData]
[2026-09-25 00:06:31] TORGamePacketHandler: Received a packet [Ping]
[2026-09-25 00:06:31] TORGameServerPacket: Constructing Packet [Ping]
[2026-09-25 00:06:35] TORGamePacketHandler: Received a packet [ModulesList]
[2026-09-25 00:06:35] ModulesList: ModulesList: len=12 startupSent=True hex=08-00-00-00-04-00-00-00-00-00-00-00
[2026-09-25 00:06:36] TORGamePacketHandler: Received a packet [Ping]
[2026-09-25 00:06:36] TORGameServerPacket: Constructing Packet [Ping]
[2026-09-25 00:06:38] TORGamePacketHandler: Received a packet [CMsgC26464A9]
[2026-09-25 00:06:38] AreaPollExperiment: AREA-POLL CMsgC26464A9: component=0x65AB0007 len=43 placed=none areaSvc=0 mode=Swallow head=27-00-00-00-D3-AD-AC-A9-23-00-00-00-00-00-00-00 tail=00-00-00-A3-82-FD-6C-14-00-00-00-00-00-00-00-00
[2026-09-25 00:06:38] AreaPollExperiment: AREA-POLL CMsgC26464A9: decision=swallowed
[2026-09-25 00:06:40] TORGamePacketHandler: Received a packet [WorldByteReport]
[2026-09-25 00:06:40] WorldByteReport: World report 8EB28DE9: component=0x65AB0007 bytes=48 words=[060A7327,B83842B4,4EC84205,2358510A,1EC4DDFB,EA1490AB,F125EC76,B00AA8D9,1C3E05AB,0004B69D,93452BCC,1432F831] hex=27-73-0A-06-B4-42-38-B8-05-42-C8-4E-0A-51-58-23-FB-DD-C4-1E-AB-90-14-EA-76-EC-25-F1-D9-A8-0A-B0-AB-05-3E-1C-9D-B6-04-00-CC-2B-45-93-31-F8-32-14; no synthetic WorldTravelStatus reply sent.
[2026-09-25 00:06:40] TORGamePacketHandler: Received a packet [HackNotifyData]
[2026-09-25 00:06:41] TORGamePacketHandler: Received a packet [Ping]
[2026-09-25 00:06:41] TORGameServerPacket: Constructing Packet [Ping]
[2026-09-25 00:06:46] TORGamePacketHandler: Received a packet [ModulesList]
[2026-09-25 00:06:46] ModulesList: ModulesList: len=12 startupSent=True hex=08-00-00-00-04-00-00-00-00-00-00-00
[2026-09-25 00:06:46] TORGamePacketHandler: Received a packet [Ping]
[2026-09-25 00:06:46] TORGameServerPacket: Constructing Packet [Ping]
[2026-09-25 00:06:48] TORGamePacketHandler: Received a packet [RepositoryDataRequest]
[2026-09-25 00:06:48] TORGameServerPacket: Constructing Packet [RepositoryDataNotFound]
[2026-09-25 00:06:48] RepositoryDataRequest: Repository asset unavailable: request=61, path='/en-us/str/test/abl.stb'. Returned FQN NOT FOUND; verify the matching local archives.
[2026-09-25 00:06:48] TORGamePacketHandler: Received a packet [RepositoryDataRequest]
[2026-09-25 00:06:48] TORGameServerPacket: Constructing Packet [RepositoryDataNotFound]
[2026-09-25 00:06:48] RepositoryDataRequest: Repository asset unavailable: request=62, path='/en-us/str/test/cdx.stb'. Returned FQN NOT FOUND; verify the matching local archives.
[2026-09-25 00:06:48] TORGamePacketHandler: Received a packet [RepositoryDataRequest]
[2026-09-25 00:06:48] TORGameServerPacket: Constructing Packet [RepositoryDataNotFound]
[2026-09-25 00:06:48] RepositoryDataRequest: Repository asset unavailable: request=63, path='/en-us/str/test/itm.stb'. Returned FQN NOT FOUND; verify the matching local archives.
[2026-09-25 00:06:48] TORGamePacketHandler: Received a packet [RepositoryDataRequest]
[2026-09-25 00:06:48] TORGameServerPacket: Constructing Packet [RepositoryDataNotFound]
[2026-09-25 00:06:48] RepositoryDataRequest: Repository asset unavailable: request=64, path='/en-us/str/test/mpn.stb'. Returned FQN NOT FOUND; verify the matching local archives.
[2026-09-25 00:06:48] TORGamePacketHandler: Received a packet [RepositoryDataRequest]
[2026-09-25 00:06:48] TORGameServerPacket: Constructing Packet [RepositoryDataNotFound]
[2026-09-25 00:06:48] RepositoryDataRequest: Repository asset unavailable: request=65, path='/en-us/str/test/npc.stb'. Returned FQN NOT FOUND; verify the matching local archives.
[2026-09-25 00:06:48] TORGamePacketHandler: Received a packet [RepositoryDataRequest]
[2026-09-25 00:06:48] TORGameServerPacket: Constructing Packet [RepositoryDataNotFound]
[2026-09-25 00:06:48] RepositoryDataRequest: Repository asset unavailable: request=66, path='/en-us/str/test/pcs.stb'. Returned FQN NOT FOUND; verify the matching local archives.
[2026-09-25 00:06:48] TORGamePacketHandler: Received a packet [RepositoryDataRequest]
[2026-09-25 00:06:48] TORGameServerPacket: Constructing Packet [RepositoryDataNotFound]
[2026-09-25 00:06:48] RepositoryDataRequest: Repository asset unavailable: request=67, path='/en-us/str/test/plc.stb'. Returned FQN NOT FOUND; verify the matching local archives.
[2026-09-25 00:06:48] TORGamePacketHandler: Received a packet [RepositoryDataRequest]
[2026-09-25 00:06:48] TORGameServerPacket: Constructing Packet [RepositoryDataNotFound]
[2026-09-25 00:06:48] RepositoryDataRequest: Repository asset unavailable: request=68, path='/en-us/str/test/qa/bchafin.stb'. Returned FQN NOT FOUND; verify the matching local archives.
[2026-09-25 00:06:48] TORGamePacketHandler: Received a packet [RepositoryDataRequest]
[2026-09-25 00:06:48] TORGameServerPacket: Constructing Packet [RepositoryDataNotFound]
[2026-09-25 00:06:48] RepositoryDataRequest: Repository asset unavailable: request=69, path='/en-us/str/test/qa/bvt_22412.stb'. Returned FQN NOT FOUND; verify the matching local archives.
[2026-09-25 00:06:48] TORGamePacketHandler: Received a packet [RepositoryDataRequest]
[2026-09-25 00:06:48] TORGameServerPacket: Constructing Packet [RepositoryDataNotFound]
[2026-09-25 00:06:48] RepositoryDataRequest: Repository asset unavailable: request=70, path='/en-us/str/test/qa/emulkey/smoketest.stb'. Returned FQN NOT FOUND; verify the matching local archives.
[2026-09-25 00:06:48] TORGamePacketHandler: Received a packet [RepositoryDataRequest]
[2026-09-25 00:06:48] TORGameServerPacket: Constructing Packet [RepositoryDataNotFound]
[2026-09-25 00:06:48] RepositoryDataRequest: Repository asset unavailable: request=71, path='/en-us/str/test/qa/emulkey/smoketest02.stb'. Returned FQN NOT FOUND; verify the matching local archives.
[2026-09-25 00:06:48] TORGamePacketHandler: Received a packet [RepositoryDataRequest]
[2026-09-25 00:06:48] TORGameServerPacket: Constructing Packet [RepositoryDataNotFound]
[2026-09-25 00:06:48] RepositoryDataRequest: Repository asset unavailable: request=72, path='/en-us/str/test/qa/fparker/bvt_09mar2012.stb'. Returned FQN NOT FOUND; verify the matching local archives.
[2026-09-25 00:06:48] TORGamePacketHandler: Received a packet [RepositoryDataRequest]
[2026-09-25 00:06:48] TORGameServerPacket: Constructing Packet [RepositoryDataNotFound]
[2026-09-25 00:06:48] RepositoryDataRequest: Repository asset unavailable: request=73, path='/en-us/str/test/qa/ggarret/bvt_10nov2011.stb'. Returned FQN NOT FOUND; verify the matching local archives.
[2026-09-25 00:06:48] TORGamePacketHandler: Received a packet [RepositoryDataRequest]
[2026-09-25 00:06:48] TORGameServerPacket: Constructing Packet [RepositoryDataNotFound]
[2026-09-25 00:06:49] RepositoryDataRequest: Repository asset unavailable: request=74, path='/en-us/str/test/qa/ggarret/bvt_29oct2011.stb'. Returned FQN NOT FOUND; verify the matching local archives.
[2026-09-25 00:06:49] TORGamePacketHandler: Received a packet [RepositoryDataRequest]
[2026-09-25 00:06:49] TORGameServerPacket: Constructing Packet [RepositoryDataNotFound]
[2026-09-25 00:06:49] RepositoryDataRequest: Repository asset unavailable: request=75, path='/en-us/str/test/qa/ggarrett/bvt_14jan2012.stb'. Returned FQN NOT FOUND; verify the matching local archives.
[2026-09-25 00:06:49] TORGamePacketHandler: Received a packet [RepositoryDataRequest]
[2026-09-25 00:06:49] TORGameServerPacket: Constructing Packet [RepositoryDataNotFound]
[2026-09-25 00:06:49] RepositoryDataRequest: Repository asset unavailable: request=76, path='/en-us/str/test/qa/ggarrett/bvt_15dec2011.stb'. Returned FQN NOT FOUND; verify the matching local archives.
[2026-09-25 00:06:49] TORGamePacketHandler: Received a packet [RepositoryDataRequest]
[2026-09-25 00:06:49] TORGameServerPacket: Constructing Packet [RepositoryDataNotFound]
[2026-09-25 00:06:49] RepositoryDataRequest: Repository asset unavailable: request=77, path='/en-us/str/test/qa/ggarrett/bvt_17nov2011.stb'. Returned FQN NOT FOUND; verify the matching local archives.
[2026-09-25 00:06:49] TORGamePacketHandler: Received a packet [RepositoryDataRequest]
[2026-09-25 00:06:49] TORGameServerPacket: Constructing Packet [RepositoryDataNotFound]
[2026-09-25 00:06:49] RepositoryDataRequest: Repository asset unavailable: request=78, path='/en-us/str/test/qa/ggarrett/bvt_1dec2011.stb'. Returned FQN NOT FOUND; verify the matching local archives.
[2026-09-25 00:06:49] TORGamePacketHandler: Received a packet [RepositoryDataRequest]
[2026-09-25 00:06:49] TORGameServerPacket: Constructing Packet [RepositoryDataNotFound]
[2026-09-25 00:06:49] RepositoryDataRequest: Repository asset unavailable: request=79, path='/en-us/str/test/qa/ggarrett/bvt_20jan2011.stb'. Returned FQN NOT FOUND; verify the matching local archives.
[2026-09-25 00:06:49] TORGamePacketHandler: Received a packet [RepositoryDataRequest]
[2026-09-25 00:06:49] TORGameServerPacket: Constructing Packet [RepositoryDataNotFound]
[2026-09-25 00:06:49] RepositoryDataRequest: Repository asset unavailable: request=80, path='/en-us/str/test/qa/ggarrett/bvt_22dec2011.stb'. Returned FQN NOT FOUND; verify the matching local archives.
[2026-09-25 00:06:49] TORGamePacketHandler: Received a packet [RepositoryDataRequest]
[2026-09-25 00:06:49] TORGameServerPacket: Constructing Packet [RepositoryDataNotFound]
[2026-09-25 00:06:49] RepositoryDataRequest: Repository asset unavailable: request=81, path='/en-us/str/test/qa/ggarrett/bvt_27_jan2012.stb'. Returned FQN NOT FOUND; verify the matching local archives.
[2026-09-25 00:06:49] TORGamePacketHandler: Received a packet [RepositoryDataRequest]
[2026-09-25 00:06:49] TORGameServerPacket: Constructing Packet [RepositoryDataNotFound]
[2026-09-25 00:06:49] RepositoryDataRequest: Repository asset unavailable: request=82, path='/en-us/str/test/qa/ggarrett/bvt_29nov2011.stb'. Returned FQN NOT FOUND; verify the matching local archives.
[2026-09-25 00:06:49] TORGamePacketHandler: Received a packet [RepositoryDataRequest]
[2026-09-25 00:06:49] TORGameServerPacket: Constructing Packet [RepositoryDataNotFound]
[2026-09-25 00:06:49] RepositoryDataRequest: Repository asset unavailable: request=83, path='/en-us/str/test/qa/ggarrett/bvt_2feb2012.stb'. Returned FQN NOT FOUND; verify the matching local archives.
[2026-09-25 00:06:49] TORGamePacketHandler: Received a packet [RepositoryDataRequest]
[2026-09-25 00:06:49] TORGameServerPacket: Constructing Packet [RepositoryDataNotFound]
[2026-09-25 00:06:49] RepositoryDataRequest: Repository asset unavailable: request=84, path='/en-us/str/test/qa/ggarrett/bvt_5jan2012.stb'. Returned FQN NOT FOUND; verify the matching local archives.
[2026-09-25 00:06:49] TORGamePacketHandler: Received a packet [RepositoryDataRequest]
[2026-09-25 00:06:49] TORGameServerPacket: Constructing Packet [RepositoryDataNotFound]
[2026-09-25 00:06:49] RepositoryDataRequest: Repository asset unavailable: request=85, path='/en-us/str/test/qa/ggarrett/bvt_9dec2011.stb'. Returned FQN NOT FOUND; verify the matching local archives.
[2026-09-25 00:06:49] TORGamePacketHandler: Received a packet [RepositoryDataRequest]
[2026-09-25 00:06:49] TORGameServerPacket: Constructing Packet [RepositoryDataNotFound]
[2026-09-25 00:06:49] RepositoryDataRequest: Repository asset unavailable: request=86, path='/en-us/str/test/qa/jsklarew/bvt/bvt_02162012.stb'. Returned FQN NOT FOUND; verify the matching local archives.
[2026-09-25 00:06:49] TORGamePacketHandler: Received a packet [RepositoryDataRequest]
[2026-09-25 00:06:49] TORGameServerPacket: Constructing Packet [RepositoryDataNotFound]
[2026-09-25 00:06:49] RepositoryDataRequest: Repository asset unavailable: request=87, path='/en-us/str/test/qa/jsklarew/bvt/bvt_02242012.stb'. Returned FQN NOT FOUND; verify the matching local archives.
[2026-09-25 00:06:49] TORGamePacketHandler: Received a packet [RepositoryDataRequest]
[2026-09-25 00:06:49] TORGameServerPacket: Constructing Packet [RepositoryDataNotFound]
[2026-09-25 00:06:49] RepositoryDataRequest: Repository asset unavailable: request=88, path='/en-us/str/test/qa/mhadley.stb'. Returned FQN NOT FOUND; verify the matching local archives.
[2026-09-25 00:06:49] TORGamePacketHandler: Received a packet [RepositoryDataRequest]
[2026-09-25 00:06:49] TORGameServerPacket: Constructing Packet [RepositoryDataNotFound]
[2026-09-25 00:06:49] RepositoryDataRequest: Repository asset unavailable: request=89, path='/en-us/str/test/qst.stb'. Returned FQN NOT FOUND; verify the matching local archives.
[2026-09-25 00:06:49] TORGamePacketHandler: Received a packet [RepositoryDataRequest]
[2026-09-25 00:06:49] TORGameServerPacket: Constructing Packet [RepositoryDataNotFound]
[2026-09-25 00:06:49] RepositoryDataRequest: Repository asset unavailable: request=90, path='/en-us/str/test/rdd.stb'. Returned FQN NOT FOUND; verify the matching local archives.
[2026-09-25 00:06:49] TORGamePacketHandler: Received a packet [RepositoryDataRequest]
[2026-09-25 00:06:49] TORGameServerPacket: Constructing Packet [RepositoryDataNotFound]
[2026-09-25 00:06:49] RepositoryDataRequest: Repository asset unavailable: request=91, path='/en-us/str/test/svy.stb'. Returned FQN NOT FOUND; verify the matching local archives.
[2026-09-25 00:06:49] TORGamePacketHandler: Received a packet [RepositoryDataReceipt]
[2026-09-25 00:06:49] RepositoryDataReceipt: Repository resource receipt: value=0.
[2026-09-25 00:06:49] TORGamePacketHandler: Received a packet [RepositoryDataReceipt]
[2026-09-25 00:06:49] RepositoryDataReceipt: Repository resource receipt: value=0.
[2026-09-25 00:06:49] TORGamePacketHandler: Received a packet [RepositoryDataReceipt]
[2026-09-25 00:06:49] RepositoryDataReceipt: Repository resource receipt: value=0.
[2026-09-25 00:06:49] TORGamePacketHandler: Received a packet [RepositoryDataReceipt]
[2026-09-25 00:06:49] RepositoryDataReceipt: Repository resource receipt: value=0.
[2026-09-25 00:06:49] TORGamePacketHandler: Received a packet [RepositoryDataReceipt]
[2026-09-25 00:06:49] RepositoryDataReceipt: Repository resource receipt: value=0.
[2026-09-25 00:06:49] TORGamePacketHandler: Received a packet [RepositoryDataReceipt]
[2026-09-25 00:06:50] RepositoryDataReceipt: Repository resource receipt: value=0.
[2026-09-25 00:06:50] TORGamePacketHandler: Received a packet [RepositoryDataReceipt]
[2026-09-25 00:06:50] RepositoryDataReceipt: Repository resource receipt: value=0.
[2026-09-25 00:06:50] TORGamePacketHandler: Received a packet [RepositoryDataReceipt]
[2026-09-25 00:06:50] RepositoryDataReceipt: Repository resource receipt: value=0.
[2026-09-25 00:06:50] TORGamePacketHandler: Received a packet [RepositoryDataReceipt]
[2026-09-25 00:06:50] RepositoryDataReceipt: Repository resource receipt: value=0.
[2026-09-25 00:06:50] TORGamePacketHandler: Received a packet [RepositoryDataReceipt]
[2026-09-25 00:06:50] RepositoryDataReceipt: Repository resource receipt: value=0.
[2026-09-25 00:06:50] TORGamePacketHandler: Received a packet [RepositoryDataReceipt]
[2026-09-25 00:06:50] RepositoryDataReceipt: Repository resource receipt: value=0.
[2026-09-25 00:06:50] TORGamePacketHandler: Received a packet [RepositoryDataReceipt]
[2026-09-25 00:06:50] RepositoryDataReceipt: Repository resource receipt: value=0.
[2026-09-25 00:06:50] TORGamePacketHandler: Received a packet [RepositoryDataReceipt]
[2026-09-25 00:06:50] RepositoryDataReceipt: Repository resource receipt: value=0.
[2026-09-25 00:06:50] TORGamePacketHandler: Received a packet [RepositoryDataReceipt]
[2026-09-25 00:06:50] RepositoryDataReceipt: Repository resource receipt: value=0.
[2026-09-25 00:06:50] TORGamePacketHandler: Received a packet [RepositoryDataReceipt]
[2026-09-25 00:06:50] RepositoryDataReceipt: Repository resource receipt: value=0.
[2026-09-25 00:06:50] TORGamePacketHandler: Received a packet [RepositoryDataReceipt]
[2026-09-25 00:06:50] RepositoryDataReceipt: Repository resource receipt: value=0.
[2026-09-25 00:06:50] TORGamePacketHandler: Received a packet [RepositoryDataReceipt]
[2026-09-25 00:06:50] RepositoryDataReceipt: Repository resource receipt: value=0.
[2026-09-25 00:06:50] TORGamePacketHandler: Received a packet [RepositoryDataReceipt]
[2026-09-25 00:06:50] RepositoryDataReceipt: Repository resource receipt: value=0.
[2026-09-25 00:06:50] TORGamePacketHandler: Received a packet [RepositoryDataReceipt]
[2026-09-25 00:06:50] RepositoryDataReceipt: Repository resource receipt: value=0.
[2026-09-25 00:06:50] TORGamePacketHandler: Received a packet [RepositoryDataReceipt]
[2026-09-25 00:06:50] RepositoryDataReceipt: Repository resource receipt: value=0.
[2026-09-25 00:06:50] TORGamePacketHandler: Received a packet [RepositoryDataReceipt]
[2026-09-25 00:06:50] RepositoryDataReceipt: Repository resource receipt: value=0.
[2026-09-25 00:06:50] TORGamePacketHandler: Received a packet [RepositoryDataReceipt]
[2026-09-25 00:06:50] RepositoryDataReceipt: Repository resource receipt: value=0.
[2026-09-25 00:06:50] TORGamePacketHandler: Received a packet [RepositoryDataReceipt]
[2026-09-25 00:06:50] RepositoryDataReceipt: Repository resource receipt: value=0.
[2026-09-25 00:06:50] TORGamePacketHandler: Received a packet [RepositoryDataReceipt]
[2026-09-25 00:06:50] RepositoryDataReceipt: Repository resource receipt: value=0.
[2026-09-25 00:06:50] TORGamePacketHandler: Received a packet [RepositoryDataReceipt]
[2026-09-25 00:06:50] RepositoryDataReceipt: Repository resource receipt: value=0.
[2026-09-25 00:06:50] TORGamePacketHandler: Received a packet [RepositoryDataReceipt]
[2026-09-25 00:06:50] RepositoryDataReceipt: Repository resource receipt: value=0.
[2026-09-25 00:06:50] TORGamePacketHandler: Received a packet [RepositoryDataReceipt]
[2026-09-25 00:06:50] RepositoryDataReceipt: Repository resource receipt: value=0.
[2026-09-25 00:06:50] TORGamePacketHandler: Received a packet [RepositoryDataReceipt]
[2026-09-25 00:06:50] RepositoryDataReceipt: Repository resource receipt: value=0.
[2026-09-25 00:06:50] TORGamePacketHandler: Received a packet [RepositoryDataReceipt]
[2026-09-25 00:06:50] RepositoryDataReceipt: Repository resource receipt: value=0.
[2026-09-25 00:06:50] TORGamePacketHandler: Received a packet [RepositoryDataReceipt]
[2026-09-25 00:06:50] RepositoryDataReceipt: Repository resource receipt: value=0.
[2026-09-25 00:06:50] TORGamePacketHandler: Received a packet [RepositoryDataReceipt]
[2026-09-25 00:06:50] RepositoryDataReceipt: Repository resource receipt: value=0.
[2026-09-25 00:06:50] TORGamePacketHandler: Received a packet [WorldByteReport]
[2026-09-25 00:06:50] WorldByteReport: World report 8EB28DE9: component=0x65AB0007 bytes=48 words=[66284A06,15C19CAC,44302A04,ADF4DD9B,1EC4DDFB,EA1490AB,F125EC76,B00AA8D9,1C3E05AB,0004B69D,93452BCC,1432F831] hex=06-4A-28-66-AC-9C-C1-15-04-2A-30-44-9B-DD-F4-AD-FB-DD-C4-1E-AB-90-14-EA-76-EC-25-F1-D9-A8-0A-B0-AB-05-3E-1C-9D-B6-04-00-CC-2B-45-93-31-F8-32-14; no synthetic WorldTravelStatus reply sent.
[2026-09-25 00:06:50] TORGamePacketHandler: Received a packet [HackNotifyData]
[2026-09-25 00:06:51] TORGamePacketHandler: Received a packet [Ping]
[2026-09-25 00:06:51] TORGameServerPacket: Constructing Packet [Ping]
[2026-09-25 00:06:52] TORGamePacketHandler: Received a packet [CMsgC26464A9]
[2026-09-25 00:06:52] AreaPollExperiment: AREA-POLL CMsgC26464A9: component=0x65AB0007 len=43 placed=none areaSvc=0 mode=Swallow head=27-00-00-00-A3-82-FD-6C-14-00-00-00-00-00-00-00 tail=00-00-00-CD-80-61-31-1C-00-00-00-00-00-00-00-00
[2026-09-25 00:06:52] AreaPollExperiment: AREA-POLL CMsgC26464A9: decision=swallowed
[2026-09-25 00:06:52] TORGamePacketHandler: Received a packet [RepositoryDataRequest]
[2026-09-25 00:06:52] TORGameServerPacket: Constructing Packet [RepositoryDataNotFound]
[2026-09-25 00:06:52] RepositoryDataRequest: Repository asset unavailable: request=92, path='/engine/staging/engine_staging_human_01.gr2'. Returned FQN NOT FOUND; verify the matching local archives.
[2026-09-25 00:06:52] TORGamePacketHandler: Received a packet [RepositoryDataRequest]
[2026-09-25 00:06:52] TORGameServerPacket: Constructing Packet [RepositoryDataNotFound]
[2026-09-25 00:06:52] RepositoryDataRequest: Repository asset unavailable: request=93, path='/engine/staging/engine_staging_human_02.gr2'. Returned FQN NOT FOUND; verify the matching local archives.
[2026-09-25 00:06:53] TORGamePacketHandler: Received a packet [RepositoryDataReceipt]
[2026-09-25 00:06:53] RepositoryDataReceipt: Repository resource receipt: value=0.
[2026-09-25 00:06:53] TORGamePacketHandler: Received a packet [RepositoryDataReceipt]
[2026-09-25 00:06:53] RepositoryDataReceipt: Repository resource receipt: value=0.
[2026-09-25 00:06:54] TORGamePacketHandler: Received a packet [CharacterListRequest]
[2026-09-25 00:06:54] CharacterListRequest: CharacterListRequest: reply routing content=0x0007 transport=0x65AB
[2026-09-25 00:06:54] TORGameServerPacket: Constructing Packet [CharacterListReply]
[2026-09-25 00:06:54] TORGamePacketHandler: Received a packet [SetTrackingInfo]
[2026-09-25 00:06:54] TORGameClient: Setting client tracking info to Character Selection
[2026-09-25 00:06:54] TORGamePacketHandler: Received a packet [RepositoryDataRequest]
[2026-09-25 00:06:54] TORGameServerPacket: Constructing Packet [RepositoryDataNotFound]
[2026-09-25 00:06:54] RepositoryDataRequest: Repository asset unavailable: request=94, path='/world/areas/1/mapnotes.not'. Returned FQN NOT FOUND; verify the matching local archives.
[2026-09-25 00:06:54] TORGamePacketHandler: Received a packet [RepositoryDataRequest]
[2026-09-25 00:06:54] TORGameServerPacket: Constructing Packet [RepositoryDataNotFound]
[2026-09-25 00:06:54] RepositoryDataRequest: Repository asset unavailable: request=95, path='/server/facefx/lepi_base.fxa'. Returned FQN NOT FOUND; verify the matching local archives.
[2026-09-25 00:06:54] TORGamePacketHandler: Received a packet [RepositoryDataReceipt]
[2026-09-25 00:06:54] RepositoryDataReceipt: Repository resource receipt: value=0.
[2026-09-25 00:06:54] TORGamePacketHandler: Received a packet [RepositoryDataReceipt]
[2026-09-25 00:06:54] RepositoryDataReceipt: Repository resource receipt: value=0.
[2026-09-25 00:06:56] TORGamePacketHandler: Received a packet [Ping]
[2026-09-25 00:06:56] TORGameServerPacket: Constructing Packet [Ping]
[2026-09-25 00:06:58] TORGamePacketHandler: Received a packet [CharacterListRequest]
[2026-09-25 00:06:58] CharacterListRequest: CharacterListRequest: reply routing content=0x0007 transport=0x65AB
[2026-09-25 00:06:58] TORGameServerPacket: Constructing Packet [CharacterListReply]
[2026-09-25 00:06:59] TORGamePacketHandler: Received a packet [RepositoryDataRequest]
[2026-09-25 00:06:59] TORGameServerPacket: Constructing Packet [RepositoryDataNotFound]
[2026-09-25 00:06:59] RepositoryDataRequest: Repository asset unavailable: request=96, path='/art/shaders/materials/handbma.mat'. Returned FQN NOT FOUND; verify the matching local archives.
[2026-09-25 00:06:59] TORGamePacketHandler: Received a packet [RepositoryDataReceipt]
[2026-09-25 00:06:59] RepositoryDataReceipt: Repository resource receipt: value=0.
[2026-09-25 00:06:59] TORGamePacketHandler: Received a packet [RepositoryDataRequest]
[2026-09-25 00:06:59] TORGameServerPacket: Constructing Packet [RepositoryDataNotFound]
[2026-09-25 00:06:59] RepositoryDataRequest: Repository asset unavailable: request=97, path='/.tex'. Returned FQN NOT FOUND; verify the matching local archives.
[2026-09-25 00:06:59] TORGamePacketHandler: Received a packet [RepositoryDataReceipt]
[2026-09-25 00:06:59] RepositoryDataReceipt: Repository resource receipt: value=0.
[2026-09-25 00:07:00] TORGamePacketHandler: Received a packet [WorldByteReport]
[2026-09-25 00:07:00] WorldByteReport: World report 8EB28DE9: component=0x65AB0007 bytes=48 words=[471A3207,B11DCA58,6D8B4457,93C8D9E6,1EC4DDFB,EA1490AB,F125EC76,B00AA8D9,1C3E05AB,0004B69D,93452BCC,1432F831] hex=07-32-1A-47-58-CA-1D-B1-57-44-8B-6D-E6-D9-C8-93-FB-DD-C4-1E-AB-90-14-EA-76-EC-25-F1-D9-A8-0A-B0-AB-05-3E-1C-9D-B6-04-00-CC-2B-45-93-31-F8-32-14; no synthetic WorldTravelStatus reply sent.
[2026-09-25 00:07:00] TORGamePacketHandler: Received a packet [HackNotifyData]
[2026-09-25 00:07:01] TORGamePacketHandler: Received a packet [Ping]
[2026-09-25 00:07:01] TORGameServerPacket: Constructing Packet [Ping]
[2026-09-25 00:07:04] TORGamePacketHandler: Received a packet [CMsgC26464A9]
[2026-09-25 00:07:04] AreaPollExperiment: AREA-POLL CMsgC26464A9: component=0x65AB0007 len=43 placed=none areaSvc=0 mode=Swallow head=27-00-00-00-A3-82-FD-6C-14-00-00-00-00-00-00-00 tail=00-00-00-CD-80-61-31-1D-00-00-00-00-00-00-00-00
[2026-09-25 00:07:04] AreaPollExperiment: AREA-POLL CMsgC26464A9: decision=swallowed
[2026-09-25 00:07:06] TORGamePacketHandler: Received a packet [Ping]
[2026-09-25 00:07:06] TORGameServerPacket: Constructing Packet [Ping]
[2026-09-25 00:07:10] TORGamePacketHandler: Received a packet [ModulesList]
[2026-09-25 00:07:10] ModulesList: ModulesList: len=12 startupSent=True hex=08-00-00-00-04-00-00-00-00-00-00-00
[2026-09-25 00:07:10] TORGamePacketHandler: Received a packet [WorldByteReport]
[2026-09-25 00:07:10] WorldByteReport: World report 8EB28DE9: component=0x65AB0007 bytes=48 words=[04181227,B80CC2C6,65C964D7,A1E2D48B,1EC4DDFB,EA1490AB,F125EC76,B00AA8D9,1C3E05AB,0004B69D,93452BCC,1432F831] hex=27-12-18-04-C6-C2-0C-B8-D7-64-C9-65-8B-D4-E2-A1-FB-DD-C4-1E-AB-90-14-EA-76-EC-25-F1-D9-A8-0A-B0-AB-05-3E-1C-9D-B6-04-00-CC-2B-45-93-31-F8-32-14; no synthetic WorldTravelStatus reply sent.
[2026-09-25 00:07:10] TORGamePacketHandler: Received a packet [HackNotifyData]
[2026-09-25 00:07:11] TORGamePacketHandler: Received a packet [Ping]
[2026-09-25 00:07:11] TORGameServerPacket: Constructing Packet [Ping]
[2026-09-25 00:07:16] TORGamePacketHandler: Received a packet [Ping]
[2026-09-25 00:07:16] TORGameServerPacket: Constructing Packet [Ping]
[2026-09-25 00:07:17] TORGamePacketHandler: Received a packet [CMsgC26464A9]
[2026-09-25 00:07:17] AreaPollExperiment: AREA-POLL CMsgC26464A9: component=0x65AB0007 len=43 placed=none areaSvc=0 mode=Swallow head=27-00-00-00-CF-AC-41-D7-18-00-00-00-00-00-00-00 tail=00-00-00-CF-AC-41-D7-21-00-00-00-00-00-00-00-00
[2026-09-25 00:07:17] AreaPollExperiment: AREA-POLL CMsgC26464A9: decision=swallowed
[2026-09-25 00:07:20] TORGamePacketHandler: Received a packet [WorldByteReport]
[2026-09-25 00:07:20] WorldByteReport: World report 8EB28DE9: component=0x65AB0007 bytes=48 words=[BFB5ECF0,32BF3CDF,B9EDDFE8,E7260660,1EC4DDFB,EA1490AB,F125EC76,B00AA8D9,1C3E05AB,0004B69D,93452BCC,1432F831] hex=F0-EC-B5-BF-DF-3C-BF-32-E8-DF-ED-B9-60-06-26-E7-FB-DD-C4-1E-AB-90-14-EA-76-EC-25-F1-D9-A8-0A-B0-AB-05-3E-1C-9D-B6-04-00-CC-2B-45-93-31-F8-32-14; no synthetic WorldTravelStatus reply sent.
[2026-09-25 00:07:20] TORGamePacketHandler: Received a packet [HackNotifyData]
[2026-09-25 00:07:21] TORGamePacketHandler: Received a packet [Ping]
[2026-09-25 00:07:21] TORGameServerPacket: Constructing Packet [Ping]
[2026-09-25 00:07:22] TORGamePacketHandler: Received a packet [ModulesList]
[2026-09-25 00:07:22] ModulesList: ModulesList: len=12 startupSent=True hex=08-00-00-00-04-00-00-00-00-00-00-00
[2026-09-25 00:07:22] TORGamePacketHandler: Received a packet [SelectCharacterRequest]
[2026-09-25 00:07:22] SelectCharacterRequest: SelectCharacterRequest: selected char=4611687178631283611 routing content=0x0007 transport=0x65AB
[2026-09-25 00:07:22] TORGameServerPacket: Constructing Packet [SelectCharacterReply]
[2026-09-25 00:07:22] TORGameServerPacket: Constructing Packet [WorldTravelPending]
[2026-09-25 00:07:22] TORGameServerPacket: Constructing Packet [WorldTravelStatus]
[2026-09-25 00:07:22] TORGameServerPacket: Constructing Packet [WorldSendToArea]
[2026-09-25 00:07:23] TORGamePacketHandler: Received a packet [RepositoryDataRequest]
[2026-09-25 00:07:23] TORGameServerPacket: Constructing Packet [RepositoryDataNotFound]
[2026-09-25 00:07:23] RepositoryDataRequest: Repository asset unavailable: request=98, path='/art/dynamic/spec/all_item_construction_forklift_animated.mag'. Returned FQN NOT FOUND; verify the matching local archives.
[2026-09-25 00:07:23] TORGamePacketHandler: Received a packet [RepositoryDataReceipt]
[2026-09-25 00:07:23] RepositoryDataReceipt: Repository resource receipt: value=0.
[2026-09-25 00:07:24] TORGamePacketHandler: Received a packet [RepositoryDataRequest]
[2026-09-25 00:07:24] TORGameServerPacket: Constructing Packet [RepositoryDataNotFound]
[2026-09-25 00:07:24] RepositoryDataRequest: Repository asset unavailable: request=99, path='/engine/staging/engine_staging_human_01.gr2'. Returned FQN NOT FOUND; verify the matching local archives.
[2026-09-25 00:07:24] TORGamePacketHandler: Received a packet [RepositoryDataRequest]
[2026-09-25 00:07:24] TORGameServerPacket: Constructing Packet [RepositoryDataNotFound]
[2026-09-25 00:07:24] RepositoryDataRequest: Repository asset unavailable: request=100, path='/engine/staging/engine_staging_human_02.gr2'. Returned FQN NOT FOUND; verify the matching local archives.
[2026-09-25 00:07:25] TORGamePacketHandler: Received a packet [RepositoryDataRequest]
[2026-09-25 00:07:25] TORGameServerPacket: Constructing Packet [RepositoryDataNotFound]
[2026-09-25 00:07:25] RepositoryDataRequest: Repository asset unavailable: request=101, path='/art/shaders/materials/material #27.mat'. Returned FQN NOT FOUND; verify the matching local archives.
[2026-09-25 00:07:25] TORGamePacketHandler: Received a packet [RepositoryDataRequest]
[2026-09-25 00:07:25] TORGameServerPacket: Constructing Packet [RepositoryDataNotFound]
[2026-09-25 00:07:25] RepositoryDataRequest: Repository asset unavailable: request=102, path='/art/shaders/materials/speedtree_collision.mat'. Returned FQN NOT FOUND; verify the matching local archives.
[2026-09-25 00:07:25] TORGamePacketHandler: Received a packet [RepositoryDataReceipt]
[2026-09-25 00:07:25] RepositoryDataReceipt: Repository resource receipt: value=0.
[2026-09-25 00:07:25] TORGamePacketHandler: Received a packet [RepositoryDataReceipt]
[2026-09-25 00:07:25] RepositoryDataReceipt: Repository resource receipt: value=0.
[2026-09-25 00:07:25] TORGamePacketHandler: Received a packet [RepositoryDataReceipt]
[2026-09-25 00:07:25] RepositoryDataReceipt: Repository resource receipt: value=0.
[2026-09-25 00:07:25] TORGamePacketHandler: Received a packet [RepositoryDataReceipt]
[2026-09-25 00:07:25] RepositoryDataReceipt: Repository resource receipt: value=0.
[2026-09-25 00:07:26] TORGamePacketHandler: Received a packet [Ping]
[2026-09-25 00:07:26] TORGameServerPacket: Constructing Packet [Ping]
[2026-09-25 00:07:27] TORGamePacketHandler: Received a packet [ServiceRequest]
[2026-09-25 00:07:27] ServiceRequest: Received Service Request [AreaServer-tython_blockout-4611686019869492753-1-:areaserver] object='omegaareaobject' hash='e00aebae:29f2db17' details=''/''/''
[2026-09-25 00:07:27] TORGameServerPacket: Constructing Packet [ObjectRequest]
[2026-09-25 00:07:27] TORGamePacketHandler: Received a packet [SetTrackingInfo]
[2026-09-25 00:07:27] TORGameClient: Setting client tracking info to tython_blockout
[2026-09-25 00:07:27] TORGamePacketHandler: Received a packet [ObjectReply]
[2026-09-25 00:07:27] ObjectReply: Received Object Reply service=0x0008 id='omegaareaobject' hash='e00aebae:29f2db17' target='Client'
[2026-09-25 00:07:27] ObjectReply: Area service attached: server=0x65B3 client=0x0008. Routing area startup packets to this pair.
[2026-09-25 00:07:27] TORGameServerPacket: Constructing Packet [SignatureResponse]
[2026-09-25 00:07:27] TORGamePacketHandler: Received a packet [CMsgF96DCDB0]
[2026-09-25 00:07:27] TORGamePacketHandler: CMsgF96DCDB0 rx    B0 CD 6D F9 08 00 B3 65 0F 00 00 00 C7 71 C3 79 12 5B | ..m....e.....q.y.[
   66 8E A0 06 04 74 72 75 65                            | f....true

[2026-09-25 00:07:27] AreaPollExperiment: AREA-POLL CMsgF96DCDB0: component=0x65B30008 len=19 placed=4611687178631283611 areaSvc=8 mode=Echo sub=0F trueTail=True head=0F-00-00-00-C7-71-C3-79-12-5B-66-8E-A0-06-04-74 tail=00-C7-71-C3-79-12-5B-66-8E-A0-06-04-74-72-75-65
[2026-09-25 00:07:27] AreaPollExperiment: AREA-POLL CMsgF96DCDB0: decision=swallowed
[2026-09-25 00:07:28] TORGamePacketHandler: Received a packet [CMsg4A765897]
[2026-09-25 00:07:28] TORGamePacketHandler: CMsg4A765897 rx    97 58 76 4A 09 00 AC 65 09 00 00 00 C7 71 C3 79 12 43 | .XvJ...e.....q.y.C
   35 7C 7C                                              | 5||

[2026-09-25 00:07:28] CMsg4A765897: CMsg4A765897: client rpc received (body 13 bytes), swallowed. hex=09-00-00-00-C7-71-C3-79-12-43-35-7C-7C
[2026-09-25 00:07:30] TORGamePacketHandler: Received a packet [CMsgC26464A9]
[2026-09-25 00:07:30] AreaPollExperiment: AREA-POLL CMsgC26464A9: component=0x65AB0007 len=43 placed=4611687178631283611 areaSvc=8 mode=Swallow head=27-00-00-00-CD-80-61-31-1E-00-00-00-00-00-00-00 tail=00-00-00-CF-AC-41-D7-07-00-00-00-00-00-00-00-00
[2026-09-25 00:07:30] AreaPollExperiment: AREA-POLL CMsgC26464A9: decision=swallowed
[2026-09-25 00:07:30] TORGamePacketHandler: Received a packet [WorldByteReport]
[2026-09-25 00:07:30] WorldByteReport: World report 8EB28DE9: component=0x65AB0007 bytes=48 words=[265A2326,C9C555BE,4C908255,08ED59CB,1EC4DDFB,EA1490AB,F125EC76,B00AA8D9,1C3E05AB,0004B69D,93452BCC,1432F831] hex=26-23-5A-26-BE-55-C5-C9-55-82-90-4C-CB-59-ED-08-FB-DD-C4-1E-AB-90-14-EA-76-EC-25-F1-D9-A8-0A-B0-AB-05-3E-1C-9D-B6-04-00-CC-2B-45-93-31-F8-32-14; no synthetic WorldTravelStatus reply sent.
[2026-09-25 00:07:30] TORGamePacketHandler: Received a packet [HackNotifyData]
[2026-09-25 00:07:32] TORGamePacketHandler: Received a packet [Ping]
[2026-09-25 00:07:32] TORGameServerPacket: Constructing Packet [Ping]
[2026-09-25 00:07:34] TORGamePacketHandler: Received a packet [ModulesList]
[2026-09-25 00:07:34] ModulesList: ModulesList: len=12 startupSent=True hex=08-00-00-00-04-00-00-00-00-00-00-00
[2026-09-25 00:07:37] TORGamePacketHandler: Received a packet [Ping]
[2026-09-25 00:07:37] TORGameServerPacket: Constructing Packet [Ping]
[2026-09-25 00:07:40] TORGamePacketHandler: Received a packet [WorldByteReport]
[2026-09-25 00:07:40] WorldByteReport: World report 8EB28DE9: component=0x65AB0007 bytes=48 words=[DEDDE4D8,61F6FDE7,B14F57A8,3740E65C,1EC4DDFB,EA1490AB,F125EC76,B00AA8D9,1C3E05AB,0004B69D,93452BCC,1432F831] hex=D8-E4-DD-DE-E7-FD-F6-61-A8-57-4F-B1-5C-E6-40-37-FB-DD-C4-1E-AB-90-14-EA-76-EC-25-F1-D9-A8-0A-B0-AB-05-3E-1C-9D-B6-04-00-CC-2B-45-93-31-F8-32-14; no synthetic WorldTravelStatus reply sent.
[2026-09-25 00:07:40] TORGamePacketHandler: Received a packet [HackNotifyData]
[2026-09-25 00:07:42] TORGamePacketHandler: Received a packet [Ping]
[2026-09-25 00:07:42] TORGameServerPacket: Constructing Packet [Ping]
[2026-09-25 00:07:42] TORGamePacketHandler: Received a packet [AreaModulesList]
[2026-09-25 00:07:42] AreaPollExperiment: AREA-POLL AreaModulesList: component=0x65B30008 len=6627 placed=4611687178631283611 areaSvc=8 mode=Echo head=DF-19-00-00-DB-19-00-00-69-7F-20-0D-03-00-00-00 tail=6F-75-72-5C-6D-64-6E-73-6E-73-70-2E-64-6C-6C-00
[2026-09-25 00:07:42] TORGameServerPacket: Constructing Packet [AreaModulesList]
[2026-09-25 00:07:42] AreaPollExperiment: AREA-POLL AreaModulesList: decision=echo-reply-sent
[2026-09-25 00:07:42] TORGameServerPacket: Constructing Packet [AreaHackPack]
[2026-09-25 00:07:42] TORGameServerPacket: AREA-PAYLOAD type=AreaHackPack bytes=572 prefixBytes=256 hex=3B-62-71-0E-B3-65-08-00-30-02-00-00-0F-00-00-00-00-00-00-00-00-00-00-00-01-00-00-00-05-00-00-00-01-00-00-00-01-00-00-00-01-00-00-00-02-00-00-00-02-00-00-00-02-00-00-00-01-00-00-00-1C-00-00-00-02-00-00-00-03-00-00-00-03-00-00-00-15-00-00-00-03-00-00-00-03-00-00-00-01-00-00-00-0D-00-00-00-04-00-00-00-04-00-00-00-01-00-00-00-1E-00-00-00-05-00-00-00-06-00-00-00-01-00-00-00-1A-00-00-00-07-00-00-00-07-00-00-00-01-00-00-00-13-00-00-00-08-00-00-00-09-00-00-00-00-00-00-00-1F-00-00-00-09-00-00-00-09-00-00-00-02-00-00-00-12-00-00-00-0A-00-00-00-0B-00-00-00-01-00-00-00-11-00-00-00-0B-00-00-00-0B-00-00-00-01-00-00-00-0E-00-00-00-0C-00-00-00-0C-00-00-00-01-00-00-00-08-00-00-00-0D-00-00-00-0D-00-00-00-00-00-00-00-09-00-00-00-0D-00-00-00-0E-00-00-00-02-00-00-00-10-00-00-00
[2026-09-25 00:07:42] TORGameServerPacket: Constructing Packet [AreaUpdateTimeSource]
[2026-09-25 00:07:42] TORGameServerPacket: AREA-PAYLOAD type=AreaUpdateTimeSource bytes=24 prefixBytes=24 hex=AA-39-0A-8F-B3-65-08-00-92-78-55-05-00-00-00-00-6F-98-22-AB-36-01-00-00
[2026-09-25 00:07:42] TORGameServerPacket: Constructing Packet [AreaSendAwarenessRange]
[2026-09-25 00:07:42] TORGameServerPacket: AREA-PAYLOAD type=AreaSendAwarenessRange bytes=16 prefixBytes=16 hex=2D-2F-A7-1C-B3-65-08-00-00-00-10-41-00-00-58-41
[2026-09-25 00:07:42] TORGameServerPacket: Constructing Packet [AreaRequestRPC]
[2026-09-25 00:07:42] TORGameServerPacket: AREA-PAYLOAD type=AreaRequestRPC bytes=23 prefixBytes=23 hex=BF-F9-DF-0A-B3-65-08-00-0B-00-00-00-CF-2B-7E-42-02-2E-10-03-0D-06-00
[2026-09-25 00:07:42] TORGameServerPacket: Constructing Packet [SetMailboxInteraction]
[2026-09-25 00:07:42] TORGameServerPacket: Constructing Packet [AreaTeleportCharacter]
[2026-09-25 00:07:42] TORGameServerPacket: AREA-PAYLOAD type=AreaTeleportCharacter bytes=45 prefixBytes=45 hex=BF-11-45-94-B3-65-08-00-9B-83-8A-21-0E-01-00-40-01-00-00-00-8A-BF-81-C2-C3-FF-DC-C0-8D-57-FF-C2-00-00-00-00-1A-00-B4-C2-00-00-00-00-01
[2026-09-25 00:07:42] CRT: CRT emit [tython_blockout-4611686019869492753-1.1.acrt] bytes=57382 sha256=0022cfcc8ae2a913b22bebf5bc688710517f8dbb1f37883ad1a3440bbedd44fa
[2026-09-25 00:07:42] CRT: CRT bytes [tython_blockout-4611686019869492753-1.1.acrt] 12 50 1b 00 e1 ab 00 00 68 01 cf 40 00 00 05 df a8 40 4d 00 01 cf 40 00 00 34 be b2 3f 86 03 08 00 00 01 00 00 09 cf 40 00 00 34 be b2 3f 80 02 02 cf 40 00 00 34 be b2 3f 80 00 05 cf 40 00 00 30 7d ab f7 05 01 01 00 00 cf 40 00 00 30 7d ab f7 07 02 07 00 00 01 00 00 cf 40 00 00 34 be b2 3f 83 01 12 00 00 cf 40 00 00 34 be b2 3f 84 01 01 00 00 cf 40 00 00 34 d3 52 b4 60 01 03 00 00 03 cf 40 00 00 10 b7 8b ff 29 00 02 cf 40 00 00 0b 97 fd f5 59 03 08 00 00 01 00 00 0f 00 00 cf 40 00 00 27 87 e8 71 73 01 01 00 00 04 cf 40 00 00 11 08 b4 5d 27 00 02 cf 40 00 00 0b 97 fd f5 59 03 08 00 00 01 00 00 0f 00 00 cf 40 00 00 27 87 e8 71 73 01 01 00 00 05 cf 40 00 00 01 e3 89 df 42 00 00 06 cf 40 00 00 03 24 b2 88 db 00 01 cf 40 00 00 03 24 b2 88 dd 02 07 00 00 09 cf 40 00 00 03 24 b2 88 dc 07 07 cf 40 00 00 03 24 b2 88 dc 00 02 cf 40 00 00 03 24 b2 88 de 01 02 00 00 cf 40 00 00 03 24 b2 88 e0 01 05 cf 40 00 00 03 24 b2 88 df 00 08 cf 40 00 00 06 17 90 fe 94 00 01 cf 40 00 00 34 be b2 3f 85 03 08 00 00 01 00 00 09 cf 40 00 00 34 be b2 3f 80 02 09 cf 40 00 00 02 f8 c3 47 f1 00 05 cf 40 00 00 02 7e 3e d7 16 03 08 00 00 02 00 00 0f 00 00 cf 40 00 00 02 bb 83 59 9e 01 0f 00 00 cf 40 00 00 09 c7 8e ff f8 01 01 00 00 cf 40 00 00 0a 1d 20 84 7c 01 0f 00 00 cf 40 00 00 13 a0 33 19 c6 01 02 00 00 0a cf 40 00 00 00 02 83 f4 d2 00 02 cf 40 00 00 30 5b f9 dd c0 01 0f 00 00 cf 40 00 00 48 b6 8a 25 20 01 0f 00 00 0b cf 40 00 00 00 02 75 4e e0 00 09 cf 40 00 00 00 39 5b 94 8e 01 05 cf 40 00 00 00 01 2c 7b 3f 00 cf 40 00 00 00 4c 2e c1 f0 01 01 00 00 cf 40 00 00 01 65 b9 9c 4c 01 12 00 00 cf 40 00 00 04 09 a2 04 71 01 15 00 00 cf 40 00 00 0c b4 97 42 df 01 15 00 00 cf 40 00 00 0d fb 2b 27 c1 01 02 00 00 cf 40 00 00 34 e4 9f df 91 01 03 00 00 cf 40 00 00 48 b6 8a 25 20 01 0f 00 00 cf 80 00 00 00 00 a1 a6 3f 01 01 00 00 0c cf 40 00 00 04 35 52 b5 bc 00 05 cf 40 00 00 02 7e 3e d7 16 03 08 00 00 02 00 00 0f 00 00 cf 40 00 00 02 bb 83 59 9e 01 0f 00 00 cf 40 00 00 09 c7 8e ff f8 01 01 00 00 cf 40 00 00 0a 1d 20 84 7c 01 0f 00 00 cf 40 00 00 13 a0 33 19 c6 01 02 00 00 0d cf 40 00 00 02 fe e8 76 5e 00 05 cf 40 00 00 02 7e 3e d7 16 03 08 00 00 02 00 00 0f 00 00 cf 40 00 00 02 bb 83 59 9e 01 0f 00 00 cf 40 00 00 09 c7 8e ff f8 01 01 00 00 cf 40 00 00 0a 1d 20 84 7c 01 0f 00 00 cf 40 00 00 13 a0 33 19 c6 01 02 00 00 0e cf 40 00 00 03 45 2e 93 32 00 05 cf 40 00 00 02 7e 3e d7 16 03 08 00 00 02 00 00 0f 00 00 cf 40 00 00 02 bb 83 59 9e 01 0f 00 00 cf 40 00 00 09 c7 8e ff f8 01 01 00 00 cf 40 00 00 0a 1d 20 84 7c 01 0f 00 00 cf 40 00 00 13 a0 33 19 c6 01 02 00 00 0f cf 40 00 00 00 01 1a cd 0e 00 16 cf 40 00 00 00 01 e5 44 a2 01 03 00 00 cf 40 00 00 02 ae 77 33 53 01 02 00 00 cf 40 00 00 04 3c 5f d3 16 01 0f 00 00 cf 40 00 00 04 d4 5d bc 97 01 05 cf 40 00 00 04 d4 5d bc 93 00 cf 40 00 00 04 d4 5d bc 98 01 02 00 00 cf 40 00 00 05 db b4 97 c6 01 02 00 00 cf 40 00 00 05 db b4 97 c7 01 05 cf 40 00 00 05 db b4 97 c5 00 cf 40 00 00 09 69 66 b0 d8 01 06 00 00 cf 40 00 00 0b 67 d9 6f 3e 01 09 cf 40 00 00 0b 67 d9 6f 37 10 cf 40 00 00 0b bc f6 fc 3d 01 03 00 00 cf 40 00 00 0d ac ec 47 db 01 02 00 00 cf 40 00 00 10 b9 f7 80 e7 01 04 00 00 cf 40 00 00 12 4b ac 1c c8 03 08 00 00 05 cf 40 00 00 04 a4 fa ff d7 00 04 00 00 cf 40 00 00 16 45 16 69 31 02 07 00 00 01 00 00 cf 40 00 00 27 86 30 61 30 01 01 00 00 cf 40 00 00 27 9d 9b b5 e2 01 05 cf 40 00 00 00 2e 2c 1b fc 00 cf 40 00 00 33 24 ea d6 46 01 02 00 00 cf 40 00 00 33 31 b7 ac 0f 01 01 00 00 cf 40 00 00 36 06 3f 8c d2 01 01 00 00 cf 40 00 00 48 b6 8a 25 20 01 0f 00 00 cf 40 00 01 05 33 95 d6 b2 01 02 00 00 cf 40 00 01 05 33 95 d6 b3 01 03 00 00 10 cf 40 00 00 0b 67 d9 6f 37 00 03 cf 40 00 00 0b 67 d9 6f 38 01 01 00 00 cf 40 00 00 0b 67 d9 6f 3a 01 02 00 00 cf 40 00 00 0b 67 d9 6f 3b 01 02 00 00 11 cf 40 00 00 02 cd eb 43 79 00 05 cf 40 00 00 02 7e 3e d7 16 03 08 00 00 02 00 00 0f 00 00 cf 40 00 00 02 bb 83 59 9e 01 0f 00 00 cf 40 00 00 09 c7 8e ff f8 01 01 00 00 cf 40 00 00 0a 1d 20 84 7c 01 0f 00 00 cf 40 00 00 13 a0 33 19 c6 01 02 00 00 12 cf 40 00 00 03 ac 7e a2 31 00 05 cf 40 00 00 02 7e 3e d7 16 03 08 00 00 02 00 00 0f 00 00 cf 40 00 00 02 bb 83 59 9e 01 0f 00 00 cf 40 00 00 09 c7 8e ff f8 01 01 00 00 cf 40 00 00 0a 1d 20 84 7c 01 0f 00 00 cf 40 00 00 13 a0 33 19 c6 01 02 00 00 13 cf 40 00 00 06 d5 74 72 00 00 05 cf 40 00 00 02 7e 3e d7 16 03 08 00 00 02 00 00 0f 00 00 cf 40 00 00 02 bb 83 59 9e 01 0f 00 00 cf 40 00 00 09 c7 8e ff f8 01 01 00 00 cf 40 00 00 0a 1d 20 84 7c 01 0f 00 00 cf 40 00 00 13 a0 33 19 c6 01 02 00 00 14 cf 40 00 00 07 a3 b7 7f ed 00 07 cf 40 00 00 02 7e 3e d7 16 03 08 00 00 02 00 00 0f 00 00 cf 40 00 00 02 bb 83 59 9e 01 0f 00 00 cf 40 00 00 07 93 d1 fb 0f 01 02 00 00 cf 40 00 00 07 b8 6d ed db 01 02 00 00 cf 40 00 00 09 c7 8e ff f8 01 01 00 00 cf 40 00 00 0a 1d 20 84 7c 01 0f 00 00 cf 40 00 00 13 a0 33 19 c6 01 02 00 00 15 cf 40 00 00 09 7e 0a cf 3c 00 05 cf 40 00 00 02 7e 3e d7 16 03 08 00 00 02 00 00 0f 00 00 cf 40 00 00 02 bb 83 59 9e 01 0f 00 00 cf 40 00 00 09 c7 8e ff f8 01 01 00 00 cf 40 00 00 0a 1d 20 84 7c 01 0f 00 00 cf 40 00 00 13 a0 33 19 c6 01 02 00 00 16 cf 40 00 00 04 36 f6 53 91 00 05 cf 40 00 00 02 7e 3e d7 16 03 08 00 00 02 00 00 0f 00 00 cf 40 00 00 02 bb 83 59 9e 01 0f 00 00 cf 40 00 00 09 c7 8e ff f8 01 01 00 00 cf 40 00 00 0a 1d 20 84 7c 01 0f 00 00 cf 40 00 00 13 a0 33 19 c6 01 02 00 00 17 cf 40 00 00 04 36 f6 53 93 00 03 cf 40 00 00 09 ae 2f 55 5c 01 01 00 00 cf 40 00 00 1c bc 85 4d f2 01 05 cf 40 00 00 1c bc 85 4d f1 00 cf 40 00 00 48 b6 8a 25 20 01 0f 00 00 18 cf 40 00 00 35 3a 4e 3a e1 00 05 cf 40 00 00 35 3a 4e 3a e2 01 06 00 00 cf 40 00 00 35 3a 4e 3a e3 01 02 00 00 cf 40 00 00 35 3a 4e 3a e4 01 02 00 00 cf 40 00 00 35 f7 0e b2 11 03 08 00 00 01 00 00 09 cf 40 00 00 35 f7 0e b2 0e 19 cf 40 00 00 49 62 fa 95 b1 02 07 00 00 02 00 00 19 cf 40 00 00 35 f7 0e b2 0e 00 03 cf 40 00 00 35 f7 0e b2 0f 01 01 00 00 cf 40 00 00 35 f7 0e b2 10 01 05 cf 40 00 00 35 f7 0e b2 0d 00 cf 40 00 00 49 68 3a e2 50 01 02 00 00 1a cf 40 00 00 00 00 56 b3 c1 00 c8 d7 cb df fe 87 86 01 01 00 00 cb df fe 88 86 01 12 00 00 cb df fe 88 87 01 12 00 00 cf 40 00 00 00 00 9e 1e f2 01 02 00 00 cf 40 00 00 00 00 a7 bb d7 01 02 00 00 cf 40 00 00 00 03 57 3b 73 01 05 cf 40 00 00 00 03 57 3b 1d 00 cf 40 00 00 00 03 60 40 c5 01 03 00 00 cf 40 00 00 00 05 27 18 45 01 01 00 00 cf 40 00 00 00 1e 4b d1 26 01 03 00 00 cf 40 00 00 00 1f d7 9a 97 01 05 cf 40 00 00 00 1f d5 71 1e 00 cf 40 00 00 00 25 6a ee 1a 01 05 cf 40 00 00 0f 57 7c b4 66 00 cf 40 00 00 00 29 98 13 2a 01 04 00 00 cf 40 00 00 00 ba 08 46 d3 01 04 00 00 cf 40 00 00 00 c3 3a aa bf 01 01 00 00 cf 40 00 00 00 cc a7 45 1f 01 0f 00 00 cf 40 00 00 00 f4 fe 40 26 01 05 cf 40 00 00 00 f4 fe 40 05 00 cf 40 00 00 00 f6 71 fd 39 01 02 00 00 cf 40 00 00 00 f7 33 7a 8d 01 05 cf 40 00 00 00 22 64 a5 89 00 cf 40 00 00 00 fd 6f fb c2 01 05 cf 40 00 00 00 fd 6f f1 f3 00 cf 40 00 00 01 1d fc 47 50 01 01 00 00 cf 40 00 00 01 56 a4 08 ba 01 03 00 00 cf 40 00 00 01 63 4e 5e 8e 01 03 00 00 cf 40 00 00 01 65 b9 92 00 01 12 00 00 cf 40 00 00 01 e4 12 34 ab 01 03 00 00 cf 40 00 00 02 5f 4c 8e 09 01 01 00 00 cf 40 00 00 02 64 1f 28 cc 01 01 00 00 cf 40 00 00 02 bb 83 59 98 01 0f 00 00 cf 40 00 00 02 cd eb 43 7a 01 0f 00 00 cf 40 00 00 02 cd eb 43 7d 01 0f 00 00 cf 40 00 00 02 df b6 67 94 02 07 00 00 0f 00 00 cf 40 00 00 02 df dc 57 a5 01 01 00 00 cf 40 00 00 02 fe e8 76 5f 01 0f 00 00 cf 40 00 00 02 fe e8 76 60 01 0f 00 00 cf 40 00 00 02 fe e8 76 61 01 0f 00 00 cf 40 00 00 03 65 d2 49 be 01 03 00 00 cf 40 00 00 03 65 d2 49 cb 01 03 00 00 cf 40 00 00 03 75 51 92 a0 01 03 00 00 cf 40 00 00 03 7f 9b 3d 50 02 07 00 00 09 cf 40 00 00 03 7c ee 1e bb 1b cf 40 00 00 03 97 f5 fb 10 03 08 00 00 01 00 00 02 00 00 cf 40 00 00 03 a3 72 59 7b 01 01 00 00 cf 40 00 00 03 ac 7e a2 32 01 0f 00 00 cf 40 00 00 03 b0 9d 04 17 01 02 00 00 cf 40 00 00 03 c8 25 2f 90 03 08 00 00 01 00 00 03 00 00 cf 40 00 00 03 cf 40 08 ae 01 02 00 00 cf 40 00 00 03 d0 b8 ec fa 02 07 00 00 01 00 00 cf 40 00 00 03 d0 e2 1f d0 01 03 00 00 cf 40 00 00 04 01 f3 28 d6 03 08 00 00 01 00 00 15 00 00 cf 40 00 00 04 33 db 57 fc 03 08 00 00 01 00 00 05 cf 40 00 00 00 a9 1c 99 29 00 cf 40 00 00 04 35 52 b5 bd 01 0f 00 00 cf 40 00 00 04 36 f6 53 92 01 0f 00 00 cf 40 00 00 04 4f 1e b6 b9 02 07 00 00 0f 00 00 cf 40 00 00 04 7b eb 38 37 01 01 00 00 cf 40 00 00 04 a4 fa ff d8 03 08 00 00 05 cf 40 00 00 04 a4 fa ff d7 00 04 00 00 cf 40 00 00 04 a4 fa ff d9 03 08 00 00 05 cf 40 00 00 04 a4 fa ff d7 00 04 00 00 cf 40 00 00 04 bc 0c 26 9c 01 04 00 00 cf 40 00 00 04 d6 91 03 e7 01 02 00 00 cf 40 00 00 04 e1 a0 d1 3b 01 04 00 00 cf 40 00 00 04 e1 a0 d1 3c 01 04 00 00 cf 40 00 00 04 e1 a0 d1 4c 01 02 00 00 cf 40 00 00 04 e1 a0 d1 50 01 02 00 00 cf 40 00 00 05 0e 81 28 d2 01 05 cf 40 00 00 05 0e 81 28 d1 00 cf 40 00 00 05 3a 7f ac 13 01 03 00 00 cf 40 00 00 05 5e c4 a5 13 01 05 cf 40 00 00 05 5e c4 a5 10 00 cf 40 00 00 05 7b 5c 49 47 01 04 00 00 cf 40 00 00 05 7b 5c 49 69 01 04 00 00 cf 40 00 00 05 95 02 24 ae 01 02 00 00 cf 40 00 00 05 a1 98 cd 3f 01 06 00 00 cf 40 00 00 05 df a8 40 a2 01 03 00 00 cf 40 00 00 06 01 61 ac 50 01 01 00 00 cf 40 00 00 06 01 61 ac 53 01 01 00 00 cf 40 00 00 06 10 97 b7 50 01 03 00 00 cf 40 00 00 06 56 57 8d 11 01 03 00 00 cf 40 00 00 06 56 57 8d 15 01 12 00 00 cf 40 00 00 06 56 57 8d 16 01 04 00 00 cf 40 00 00 06 56 57 8d 18 01 12 00 00 cf 40 00 00 06 56 57 8d 1d 01 03 00 00 cf 40 00 00 06 70 40 8c 37 03 08 00 00 02 00 00 03 00 00 cf 40 00 00 06 e5 2f 3d 46 01 02 00 00 cf 40 00 00 06 fc c9 b8 5f 01 0f 00 00 cf 40 00 00 06 fc c9 b8 63 01 05 cf 40 00 00 06 fc c9 b8 60 00 cf 40 00 00 07 00 a1 ed 8a 01 01 00 00 cf 40 00 00 07 54 e6 cd af 01 03 00 00 cf 40 00 00 07 63 d3 9a 93 01 15 00 00 cf 40 00 00 07 6b cb c6 2b 01 04 00 00 cf 40 00 00 07 6b cb c6 2c 01 04 00 00 cf 40 00 00 07 6b cb c6 2d 01 12 00 00 cf 40 00 00 07 6b cb c6 2e 01 04 00 00 cf 40 00 00 07 7c df 59 18 01 04 00 00 cf 40 00 00 07 7c df 59 19 01 02 00 00 cf 40 00 00 07 7c df 59 3b 01 05 cf 40 00 00 07 7c df 59 3a 00 cf 40 00 00 07 85 89 f9 92 01 0f 00 00 cf 40 00 00 07 8f 17 f5 81 01 09 cf 40 00 00 07 8f 17 f5 80 1c cf 40 00 00 07 93 d1 fb 0e 01 05 cf 40 00 00 07 93 d1 fb 0d 00 cf 40 00 00 07 93 d1 fb 12 01 0f 00 00 cf 40 00 00 07 99 0f 3a 6d 01 05 cf 40 00 00 07 6b b3 4a 2d 00 cf 40 00 00 07 a3 b7 7f ee 01 0f 00 00 cf 40 00 00 07 b2 2b c1 9e 01 12 00 00 cf 40 00 00 07 b2 2b c1 a4 01 04 00 00 cf 40 00 00 08 08 62 fc 9a 02 07 00 00 04 00 00 cf 40 00 00 08 4f 09 3a c2 01 04 00 00 cf 40 00 00 08 62 3c 1a e1 05 08 00 00 02 00 00 08 00 00 05 cf 40 00 00 04 a4 fa ff d7 00 04 00 00 cf 40 00 00 08 6a bb fd 29 01 0f 00 00 cf 40 00 00 08 86 e1 30 67 01 03 00 00 cf 40 00 00 08 86 e1 30 69 05 08 00 00 02 00 00 08 00 00 05 cf 40 00 00 04 a4 fa ff d7 00 02 00 00 cf 40 00 00 08 86 e1 30 d2 01 05 cf 40 00 00 07 7c df 59 3a 00 cf 40 00 00 08 d9 2e 86 c9 01 0f 00 00 cf 40 00 00 09 6b e4 82 25 02 07 00 00 02 00 00 cf 40 00 00 09 6d 06 6c eb 01 02 00 00 cf 40 00 00 09 6d 06 6c ec 01 02 00 00 cf 40 00 00 09 6d 06 6c fb 01 02 00 00 cf 40 00 00 09 7e 0a cf 3d 01 0f 00 00 cf 40 00 00 09 ef fe 8f fa 01 03 00 00 cf 40 00 00 09 f4 78 7f 6b 02 07 00 00 01 00 00 cf 40 00 00 09 f4 8a ce e7 03 08 00 00 01 00 00 09 cf 40 00 00 30 a0 70 6a a0 21 cf 40 00 00 0a 1d 6b 49 20 01 01 00 00 cf 40 00 00 0a 3a 8f 4e b7 01 12 00 00 cf 40 00 00 0a 4e e2 8d fa 01 01 00 00 cf 40 00 00 0a 4e e2 8d fc 01 03 00 00 cf 40 00 00 0a 6b e0 6d f9 01 05 cf 40 00 00 0a 6b e0 6d f8 00 cf 40 00 00 0a 72 9f b9 77 01 01 00 00 cf 40 00 00 0a f1 ab d5 57 01 02 00 00 cf 40 00 00 0b 15 c6 14 f8 02 07 00 00 01 00 00 cf 40 00 00 0b 73 3b dc fa 01 02 00 00 cf 40 00 00 0b 93 ae bf 79 04 07 00 00 08 00 00 01 00 00 05 cf 40 00 00 00 e3 16 bc 36 00 cf 40 00 00 0c 06 bf d7 17 01 02 00 00 cf 40 00 00 0c 26 dd 46 97 01 03 00 00 cf 40 00 00 0c 66 e1 90 29 01 04 00 00 cf 40 00 00 0c c5 3c 67 ff 01 03 00 00 cf 40 00 00 0c d1 cd 28 47 01 12 00 00 cf 40 00 00 0d 5d f5 34 77 01 03 00 00 cf 40 00 00 0d 8e f2 9d 3f 01 04 00 00 cf 40 00 00 0e 58 29 39 a7 01 01 00 00 cf 40 00 00 0e 6b 9d 02 a7 01 15 00 00 cf 40 00 00 0e d3 cb d3 91 01 04 00 00 cf 40 00 00 0e d3 cb d3 92 01 04 00 00 cf 40 00 00 0e d3 cb d3 93 01 04 00 00 cf 40 00 00 0f 14 6e 15 bf 05 08 00 00 05 cf 40 00 00 04 a4 fa ff d7 00 08 00 00 01 00 00 04 00 00 cf 40 00 00 0f 14 6e 15 c0 05 08 00 00 05 cf 40 00 00 04 a4 fa ff d7 00 08 00 00 01 00 00 04 00 00 cf 40 00 00 0f 2d 47 a8 40 01 03 00 00 cf 40 00 00 0f 48 75 e1 b7 03 08 00 00 02 00 00 09 cf 40 00 00 04 ec b0 d9 4e 22 cf 40 00 00 0f 99 ca 14 08 01 03 00 00 cf 40 00 00 0f e0 4d 55 e7 01 05 cf 40 00 00 0f 2d 47 a8 3f 00 cf 40 00 00 10 36 f1 a2 42 01 01 00 00 cf 40 00 00 10 52 0a 47 7f 01 02 00 00 cf 40 00 00 10 86 c7 41 6d 01 01 00 00 cf 40 00 00 10 e2 ae c8 47 01 01 00 00 cf 40 00 00 11 3c 03 21 2a 01 02 00 00 cf 40 00 00 11 59 e2 d5 a7 01 03 00 00 cf 40 00 00 11 8a 7e 60 88 01 0f 00 00 cf 40 00 00 11 8a 7e 60 89 03 08 00 00 01 00 00 02 00 00 cf 40 00 00 11 8a 7e 60 8a 03 08 00 00 01 00 00 02 00 00 cf 40 00 00 11 8d 87 0c a7 03 08 00 00 01 00 00 05 cf 40 00 00 11 8d 87 0c aa 00 cf 40 00 00 11 8d 87 0c a8 03 08 00 00 01 00 00 02 00 00 cf 40 00 00 11 8d 87 0c a9 03 08 00 00 01 00 00 02 00 00 cf 40 00 00 11 d0 62 d5 47 01 03 00 00 cf 40 00 00 12 62 1e 92 90 05 08 00 00 05 cf 40 00 00 05 db b4 97 c5 00 08 00 00 01 00 00 09 cf 40 00 00 12 5c 93 81 47 23 cf 40 00 00 13 2e c8 ad 45 01 03 00 00 cf 40 00 00 13 40 d8 17 06 03 08 00 00 05 cf 40 00 00 03 16 c1 81 24 00 02 00 00 cf 40 00 00 13 df 0d 7e 65 01 01 00 00 cf 40 00 00 13 e6 17 8e 85 03 08 00 00 02 00 00 03 00 00 cf 40 00 00 13 f4 e7 5d a5 01 02 00 00 cf 40 00 00 13 fb 43 7a 85 01 01 00 00 cf 40 00 00 16 30 6f 51 19 01 03 00 00 cf 40 00 00 16 45 68 80 d1 01 06 00 00 cf 40 00 00 18 a3 8a 2e 51 01 04 00 00 cf 40 00 00 18 ae 42 52 5a 02 07 00 00 02 00 00 cf 40 00 00 18 ae 42 52 5b 01 02 00 00 cf 40 00 00 18 af 55 e5 31 01 15 00 00 cf 40 00 00 1b 6a d0 d2 02 02 07 00 00 02 00 00 cf 40 00 00 1c 34 ed 63 f2 02 07 00 00 02 00 00 cf 40 00 00 1c bc be 38 41 01 04 00 00 cf 40 00 00 1c e4 ee 13 81 02 07 00 00 02 00 00 cf 40 00 00 1c e6 15 2e 60 01 02 00 00 cf 40 00 00 1c e8 77 3a 44 03 08 00 00 01 00 00 03 00 00 cf 40 00 00 1c ee a5 de 82 04 08 00 00 01 00 00 07 00 00 02 00 00 cf 40 00 00 20 f9 d8 8c e0 02 07 00 00 01 00 00 cf 40 00 00 23 63 8b a7 62 01 05 cf 40 00 00 23 63 8b a7 60 00 cf 40 00 00 25 cb 11 35 01 01 05 cf 40 00 00 05 db b4 97 c5 00 cf 40 00 00 27 87 e8 71 73 01 01 00 00 cf 40 00 00 27 bf 6c 89 28 01 02 00 00 cf 40 00 00 2a 08 59 62 90 01 02 00 00 cf 40 00 00 2a 11 81 97 c1 02 07 00 00 02 00 00 cf 40 00 00 2e ee cb fe f0 02 07 00 00 02 00 00 cf 40 00 00 30 5f 52 30 80 03 08 00 00 05 cf 40 00 00 05 db b4 97 c5 00 09 cf 40 00 00 1c cc a8 16 40 24 cf 40 00 00 30 67 6b db e2 03 08 00 00 02 00 00 02 00 00 cf 40 00 00 30 67 be dd e1 02 07 00 00 0f 00 00 cf 40 00 00 30 76 24 a0 90 01 04 00 00 cf 40 00 00 30 78 60 fc 02 05 08 00 00 02 00 00 08 00 00 01 00 00 05 cf 40 00 00 07 7c df 59 3a 00 cf 40 00 00 33 53 c3 36 27 01 03 00 00 cf 40 00 00 34 b2 1e 56 ae 03 08 00 00 01 00 00 09 cf 40 00 00 00 30 8a 93 bf 25 cf 40 00 00 34 b2 1f 41 0c 03 08 00 00 01 00 00 02 00 00 cf 40 00 00 34 b2 1f 41 0e 03 08 00 00 01 00 00 02 00 00 cf 40 00 00 34 b2 1f 41 0f 03 08 00 00 01 00 00 03 00 00 cf 40 00 00 34 b3 7c fc 43 03 08 00 00 02 00 00 09 cf 40 00 00 27 8a ef 6f e0 26 cf 40 00 00 35 3c 53 a7 dc 01 12 00 00 cf 40 00 00 35 42 ac 42 40 01 01 00 00 cf 40 00 00 35 52 68 94 42 01 05 cf 40 00 00 35 52 68 94 40 00 cf 40 00 00 35 f7 40 70 50 05 08 00 00 05 cf 40 00 00 05 db b4 97 c5 00 07 00 00 07 00 00 01 00 00 cf 40 00 00 35 f9 b5 b6 11 01 03 00 00 cf 40 00 00 36 0b 2a 66 70 04 07 00 00 08 00 00 01 00 00 05 cf 40 00 00 00 e3 16 bc 36 00 cf 40 00 00 36 f7 ab e6 e0 01 04 00 00 cf 40 00 00 3d db 09 69 21 01 0f 00 00 cf 40 00 00 3d e3 85 0a c1 03 08 00 00 01 00 00 02 00 00 cf 40 00 00 49 07 37 fb f0 01 02 00 00 cf 40 00 00 49 07 37 fb f1 01 02 00 00 cf 40 00 00 49 07 37 fb f2 01 06 00 00 cf 40 00 00 49 15 37 83 1f 01 12 00 00 cf 40 00 00 49 71 15 6c bd 03 08 00 00 01 00 00 03 00 00 cf 40 00 00 49 76 69 dd f1 03 08 00 00 01 00 00 03 00 00 cf 40 00 00 49 76 69 dd f2 03 08 00 00 01 00 00 03 00 00 cf 40 00 00 49 7b ab 62 b0 01 02 00 00 cf 40 00 00 49 7f 9e e4 01 01 09 cf 40 00 00 49 7f 9e e4 00 27 cf 40 00 00 49 8f 84 de 11 01 03 00 00 cf 80 00 00 09 76 75 24 70 01 06 00 00 cf 80 00 00 09 82 ae 2b b0 01 02 00 00 1b cf 40 00 00 03 7c ee 1e bb 00 05 cf 40 00 00 03 97 f4 74 82 01 06 00 00 cf 40 00 00 09 f4 78 7f 59 01 01 00 00 cf 40 00 00 09 f5 0f 8f 37 03 08 00 00 01 00 00 02 00 00 cf 40 00 00 12 03 c2 62 27 01 01 00 00 cf 40 00 00 3e 0c 4d 69 00 01 03 00 00 1c cf 40 00 00 07 8f 17 f5 80 00 0a cf 40 00 00 07 8f 17 f5 7f 03 08 00 00 01 00 00 09 cf 40 00 00 07 8f 17 f5 7e 1d cf 40 00 00 07 9a b7 6c 33 03 08 00 00 01 00 00 09 cf 40 00 00 07 9a b7 6c 31 1e cf 40 00 00 07 aa b9 ee f1 01 03 00 00 cf 40 00 00 07 aa b9 ee f3 01 03 00 00 cf 40 00 00 07 aa b9 ee f4 01 06 00 00 cf 40 00 00 07 aa b9 ee f5 01 03 00 00 cf 40 00 00 07 aa b9 ee f6 01 06 00 00 cf 40 00 00 07 aa b9 ee f7 01 06 00 00 cf 40 00 00 08 5c d7 2a 48 01 09 cf 40 00 00 08 5c d7 2a 47 1f cf 40 00 00 35 19 bd e5 51 01 03 00 00 1d cf 40 00 00 07 8f 17 f5 7e 00 09 cb df fe 87 86 01 01 00 00 cf 40 00 00 00 00 9e 1e f1 01 02 00 00 cf 40 00 00 07 8f 17 f5 7c 01 01 00 00 cf 40 00 00 07 8f 17 f5 82 01 06 00 00 cf 40 00 00 08 3a a0 9e e3 01 02 00 00 cf 40 00 00 08 47 7f 01 b6 01 05 cf 40 00 00 07 9a b7 6c 2d 00 cf 40 00 00 08 5c d7 2a 46 01 02 00 00 cf 40 00 00 08 6a bb fd 17 01 06 00 00 cf 40 00 00 10 e2 ae c8 47 01 01 00 00 1e cf 40 00 00 07 9a b7 6c 31 00 02 cf 40 00 00 07 9a b7 6c 2f 01 01 00 00 cf 40 00 00 07 9a b7 6c 32 01 06 00 00 1f cf 40 00 00 08 5c d7 2a 47 00 0d cf 40 00 00 08 5c d7 2a 3b 01 06 00 00 cf 40 00 00 08 5c d7 2a 3c 01 06 00 00 cf 40 00 00 08 5c d7 2a 3d 01 06 00 00 cf 40 00 00 08 5c d7 2a 3e 01 06 00 00 cf 40 00 00 08 5c d7 2a 3f 01 06 00 00 cf 40 00 00 08 5c d7 2a 40 01 06 00 00 cf 40 00 00 08 5c d7 2a 41 01 06 00 00 cf 40 00 00 08 5c d7 2a 42 01 06 00 00 cf 40 00 00 08 5c d7 2a 43 01 06 00 00 cf 40 00 00 08 5c d7 2a 44 01 06 00 00 cf 40 00 00 08 5c d7 2a 45 01 06 00 00 cf 40 00 00 08 5c d7 2a 46 01 02 00 00 cf 40 00 00 28 1d 36 cb 53 03 08 00 00 02 00 00 09 cf 40 00 00 28 1d 36 cb 52 20 20 cf 40 00 00 28 1d 36 cb 52 00 04 cf 40 00 00 27 9d 02 35 01 01 06 00 00 cf 40 00 00 28 1d 34 33 44 01 06 00 00 cf 40 00 00 28 1d 36 cb 50 01 06 00 00 cf 40 00 00 28 1d 36 cb 51 01 02 00 00 21 cf 40 00 00 30 a0 70 6a a0 00 02 cf 40 00 00 30 a0 70 6a a1 01 14 00 00 cf 40 00 00 30 a0 70 6a a2 01 15 00 00 22 cf 40 00 00 04 ec b0 d9 4e 00 03 cf 40 00 00 04 ec b0 d9 50 01 02 00 00 cf 40 00 00 04 ec b0 d9 51 01 06 00 00 cf 40 00 00 30 6f 48 57 32 02 07 00 00 01 00 00 23 cf 40 00 00 12 5c 93 81 47 00 04 cf 40 00 00 0b 67 d9 6f 38 01 01 00 00 cf 40 00 00 13 8a 62 62 49 01 02 00 00 cf 40 00 00 13 aa 35 0d 26 02 07 00 00 02 00 00 cf 40 00 00 27 8c 09 b9 80 01 02 00 00 24 cf 40 00 00 1c cc a8 16 40 00 01 cf 40 00 00 1c cc a8 16 41 01 02 00 00 25 cf 40 00 00 00 30 8a 93 bf 00 08 cf 40 00 00 00 30 8a 97 a4 01 02 00 00 cf 40 00 00 00 30 8a 9b 02 01 02 00 00 cf 40 00 00 00 4c 85 bf c7 03 08 00 00 06 00 00 01 00 00 cf 40 00 00 03 db 3b 0e 09 03 08 00 00 01 00 00 02 00 00 cf 40 00 00 04 bc 0c 26 90 01 02 00 00 cf 40 00 00 05 08 62 14 f6 02 07 00 00 02 00 00 cf 40 00 00 05 df a8 40 a3 01 03 00 00 cf 40 00 00 30 78 60 fc 05 01 01 00 00 26 cf 40 00 00 27 8a ef 6f e0 00 02 cf 40 00 00 27 8a ef 6f e1 01 15 00 00 cf 40 00 00 27 8a ef 6f e2 01 02 00 00 27 cf 40 00 00 49 7f 9e e4 00 00 0d cf 40 00 00 3d d9 39 64 11 01 02 00 00 cf 40 00 00 3d d9 39 64 14 01 02 00 00 cf 40 00 00 3d d9 39 64 17 01 02 00 00 cf 40 00 00 3d d9 39 64 18 01 02 00 00 cf 40 00 00 3d d9 39 64 19 01 02 00 00 cf 40 00 00 3d d9 39 64 1a 01 02 00 00 cf 40 00 00 3d d9 39 64 1b 01 02 00 00 cf 40 00 00 3d d9 39 64 1c 01 02 00 00 cf 40 00 00 3d d9 39 64 1d 01 02 00 00 cf 40 00 00 3d d9 39 64 1e 01 02 00 00 cf 40 00 00 3d d9 39 64 1f 01 02 00 00 cf 40 00 00 3d d9 39 64 21 01 02 00 00 cf 40 00 00 49 79 ed 5f 00 01 02 00 00 28 cf 40 00 00 00 02 75 4e e0 01 cf 40 00 00 04 b0 ac c6 10 09 cf 40 00 00 00 39 5b 94 8e 01 05 cf 40 00 00 00 01 2c 7b 3f 00 cf 40 00 00 00 4c 2e c1 f0 01 01 00 00 cf 40 00 00 01 65 b9 9c 4c 01 12 00 00 cf 40 00 00 04 09 a2 04 71 01 15 00 00 cf 40 00 00 0c b4 97 42 df 01 15 00 00 cf 40 00 00 0d fb 2b 27 c1 01 02 00 00 cf 40 00 00 34 e4 9f df 91 01 03 00 00 cf 40 00 00 48 b6 8a 25 20 01 0f 00 00 cf 80 00 00 00 00 a1 a6 3f 01 01 00 00 29 cf 40 00 00 03 98 6e 86 71 00 02 cf 40 00 00 27 87 e8 71 73 01 01 00 00 cf 40 00 00 30 67 33 18 a0 01 12 00 00 2a cf 40 00 00 00 00 78 e1 bd 02 cf 40 00 00 00 01 a7 ec 41 cf 40 00 00 00 01 c0 56 0b 5c cb df fe 88 86 01 12 00 00 cb df fe 88 87 01 12 00 00 cf 40 00 00 00 00 9e 1e f2 01 02 00 00 cf 40 00 00 00 00 a7 bb d7 01 02 00 00 cf 40 00 00 00 03 57 3b 73 01 05 cf 40 00 00 00 03 57 3b 1d 00 cf 40 00 00 00 03 60 40 c5 01 03 00 00 cf 40 00 00 00 1e 4b d1 26 01 03 00 00 cf 40 00 00 00 1f d7 9a 97 01 05 cf 40 00 00 00 1f d5 71 1e 00 cf 40 00 00 00 25 6a ee 1a 01 05 cf 40 00 00 0f 57 7c b4 66 00 cf 40 00 00 00 29 98 13 2a 01 04 00 00 cf 40 00 00 00 ba 08 46 d3 01 04 00 00 cf 40 00 00 00 c3 3a aa bf 01 01 00 00 cf 40 00 00 00 cc a7 45 1f 01 0f 00 00 cf 40 00 00 00 f4 fe 40 26 01 05 cf 40 00 00 00 f4 fe 40 05 00 cf 40 00 00 00 f6 71 fd 39 01 02 00 00 cf 40 00 00 00 f7 33 7a 8d 01 05 cf 40 00 00 00 22 64 a5 89 00 cf 40 00 00 00 fa 77 a5 ef 01 01 00 00 cf 40 00 00 00 fd 6f fb c2 01 05 cf 40 00 00 00 fd 6f f1 f3 00 cf 40 00 00 01 63 4e 5e 8e 01 03 00 00 cf 40 00 00 01 65 b9 92 00 01 12 00 00 cf 40 00 00 01 67 37 fa 5c 01 01 00 00 cf 40 00 00 02 5f 4c 8e 09 01 01 00 00 cf 40 00 00 02 64 1f 28 cc 01 01 00 00 cf 40 00 00 02 bb 83 59 98 01 0f 00 00 cf 40 00 00 02 fe e8 76 5f 01 0f 00 00 cf 40 00 00 02 fe e8 76 60 01 0f 00 00 cf 40 00 00 02 fe e8 76 61 01 0f 00 00 cf 40 00 00 03 0b 2b 32 1d 01 01 00 00 cf 40 00 00 03 65 d2 49 be 01 03 00 00 cf 40 00 00 03 75 51 92 a0 01 03 00 00 cf 40 00 00 03 b0 9d 04 17 01 02 00 00 cf 40 00 00 03 d0 b8 ec fa 02 07 00 00 01 00 00 cf 40 00 00 04 35 52 b5 bd 01 0f 00 00 cf 40 00 00 04 a4 fa ff d8 03 08 00 00 05 cf 40 00 00 04 a4 fa ff d7 00 04 00 00 cf 40 00 00 04 a4 fa ff d9 03 08 00 00 05 cf 40 00 00 04 a4 fa ff d7 00 04 00 00 cf 40 00 00 04 bc 0c 26 9c 01 04 00 00 cf 40 00 00 05 3a 7f ac 13 01 03 00 00 cf 40 00 00 05 5e c4 a5 13 01 05 cf 40 00 00 05 5e c4 a5 10 00 cf 40 00 00 05 7b 5c 49 47 01 04 00 00 cf 40 00 00 05 7b 5c 49 69 01 04 00 00 cf 40 00 00 05 95 02 24 ae 01 02 00 00 cf 40 00 00 05 a1 98 cd 3f 01 06 00 00 cf 40 00 00 06 70 40 8c 37 03 08 00 00 02 00 00 03 00 00 cf 40 00 00 07 6b cb c6 2b 01 04 00 00 cf 40 00 00 07 6b cb c6 2c 01 04 00 00 cf 40 00 00 07 6b cb c6 2d 01 12 00 00 cf 40 00 00 07 6b cb c6 2e 01 04 00 00 cf 40 00 00 07 72 17 08 44 01 03 00 00 cf 40 00 00 07 99 0f 3a 6d 01 05 cf 40 00 00 07 6b b3 4a 2d 00 cf 40 00 00 07 b2 2b c1 9e 01 12 00 00 cf 40 00 00 07 b2 2b c1 a4 01 04 00 00 cf 40 00 00 08 62 3c 1a e1 05 08 00 00 02 00 00 08 00 00 05 cf 40 00 00 04 a4 fa ff d7 00 04 00 00 cf 40 00 00 08 f7 bc 2e 23 02 07 00 00 06 00 00 cf 40 00 00 09 6b e4 82 25 02 07 00 00 02 00 00 cf 40 00 00 09 ef fe 8f fa 01 03 00 00 cf 40 00 00 09 f4 78 7f 58 01 01 00 00 cf 40 00 00 0a 1d 6b 49 20 01 01 00 00 cf 40 00 00 0a 4e 63 e8 2a 01 01 00 00 cf 40 00 00 0a 4e e2 8d fa 01 01 00 00 cf 40 00 00 0a 4e e2 8d fc 01 03 00 00 cf 40 00 00 0a bb e5 5a 97 02 07 00 00 05 cf 40 00 00 09 84 08 51 57 00 cf 40 00 00 0a f1 ab d5 57 01 02 00 00 cf 40 00 00 0b 15 c6 14 f8 02 07 00 00 01 00 00 cf 40 00 00 0b 73 3b dc fa 01 02 00 00 cf 40 00 00 0b ec 8f 20 d8 01 02 00 00 cf 40 00 00 0c 66 e1 90 29 01 04 00 00 cf 40 00 00 0c ec 9e b5 87 01 05 cf 40 00 00 0c ec 41 a1 67 00 cf 40 00 00 0e d3 cb d3 91 01 04 00 00 cf 40 00 00 0e d3 cb d3 92 01 04 00 00 cf 40 00 00 0e d3 cb d3 93 01 04 00 00 cf 40 00 00 0f 14 6e 15 bf 05 08 00 00 05 cf 40 00 00 04 a4 fa ff d7 00 08 00 00 01 00 00 04 00 00 cf 40 00 00 0f 14 6e 15 c0 05 08 00 00 05 cf 40 00 00 04 a4 fa ff d7 00 08 00 00 01 00 00 04 00 00 cf 40 00 00 0f 9c 0c 62 e7 01 03 00 00 cf 40 00 00 10 36 f1 a2 42 01 01 00 00 cf 40 00 00 10 52 0a 47 7f 01 02 00 00 cf 40 00 00 11 59 e2 d5 a7 01 03 00 00 cf 40 00 00 11 8a 7e 60 88 01 0f 00 00 cf 40 00 00 11 8a 7e 60 89 03 08 00 00 01 00 00 02 00 00 cf 40 00 00 11 8a 7e 60 8a 03 08 00 00 01 00 00 02 00 00 cf 40 00 00 11 8d 87 0c a7 03 08 00 00 01 00 00 05 cf 40 00 00 11 8d 87 0c aa 00 cf 40 00 00 11 8d 87 0c a8 03 08 00 00 01 00 00 02 00 00 cf 40 00 00 11 8d 87 0c a9 03 08 00 00 01 00 00 02 00 00 cf 40 00 00 13 f4 e7 5d a5 01 02 00 00 cf 40 00 00 18 a3 8a 2e 51 01 04 00 00 cf 40 00 00 1c bc be 38 41 01 04 00 00 cf 40 00 00 1c e8 77 3a 44 03 08 00 00 01 00 00 03 00 00 cf 40 00 00 20 f9 d8 8c e0 02 07 00 00 01 00 00 cf 40 00 00 27 87 e8 71 73 01 01 00 00 cf 40 00 00 29 d8 d6 e8 d1 01 01 00 00 cf 40 00 00 2a 08 59 62 90 01 02 00 00 cf 40 00 00 36 02 99 8f 40 01 01 00 00 cf 40 00 00 3d e3 85 0a c1 03 08 00 00 01 00 00 02 00 00 2b cf 40 00 00 04 95 0f 60 70 02 cf 40 00 00 00 01 c0 56 0b cf 40 00 00 01 ed b2 e9 b6 19 cf 40 00 00 02 64 1f 28 cc 01 01 00 00 cf 40 00 00 02 76 69 d5 ee 01 12 00 00 cf 40 00 00 02 76 69 d5 ef 01 12 00 00 cf 40 00 00 02 76 69 d5 f4 01 06 00 00 cf 40 00 00 02 8c 42 2e 74 01 06 00 00 cf 40 00 00 03 0b 2b 32 1d 01 01 00 00 cf 40 00 00 03 d9 a0 97 21 01 06 00 00 cf 40 00 00 04 67 79 74 a6 01 06 00 00 cf 40 00 00 04 67 79 74 a7 01 06 00 00 cf 40 00 00 04 95 0f 60 7a 02 07 00 00 09 cf 40 00 00 04 95 0f 60 74 2c cf 40 00 00 04 95 0f 60 7c 04 08 00 00 06 00 00 07 00 00 09 cf 40 00 00 04 95 0f 60 71 2d cf 40 00 00 04 96 1d 75 16 01 06 00 00 cf 40 00 00 07 10 d3 bd 6e 01 01 00 00 cf 40 00 00 07 10 d3 bd 72 01 05 cf 40 00 00 07 10 d3 bd 71 00 cf 40 00 00 07 e4 fa 59 2e 01 03 00 00 cf 40 00 00 08 83 c6 3e 6f 01 03 00 00 cf 40 00 00 09 ae 2f 55 5a 01 02 00 00 cf 40 00 00 09 f4 78 7f 58 01 01 00 00 cf 40 00 00 09 f4 78 7f 6a 01 01 00 00 cf 40 00 00 0a 1d 6b 49 24 01 01 00 00 cf 40 00 00 0a 2d 7b 87 77 01 01 00 00 cf 40 00 00 0a 2d 7b 87 97 01 01 00 00 cf 40 00 00 10 d1 f2 1d 47 01 05 cf 40 00 00 07 6b b3 4a 2d 00 cf 40 00 00 27 87 e8 71 73 01 01 00 00 cf 40 00 00 29 d8 d6 e8 d1 01 01 00 00 2c cf 40 00 00 04 95 0f 60 74 00 09 cf 40 00 00 04 95 0f 60 72 01 02 00 00 cf 40 00 00 04 95 0f 60 73 01 06 00 00 cf 40 00 00 04 95 0f 60 75 01 12 00 00 cf 40 00 00 04 95 0f 60 76 01 12 00 00 cf 40 00 00 04 95 0f 60 77 01 12 00 00 cf 40 00 00 04 96 1d 75 11 01 06 00 00 cf 40 00 00 04 d0 a7 1d 3c 01 06 00 00 cf 40 00 00 05 df a8 40 71 01 02 00 00 cf 40 00 00 05 df a8 40 73 01 06 00 00 2d cf 40 00 00 04 95 0f 60 71 00 02 cf 40 00 00 04 95 0f 60 72 01 02 00 00 cf 40 00 00 04 95 0f 60 73 01 06 00 00 2e cf 40 00 00 04 95 0f 60 74 00 09 cf 40 00 00 04 95 0f 60 72 01 02 00 00 cf 40 00 00 04 95 0f 60 73 01 06 00 00 cf 40 00 00 04 95 0f 60 75 01 12 00 00 cf 40 00 00 04 95 0f 60 76 01 12 00 00 cf 40 00 00 04 95 0f 60 77 01 12 00 00 cf 40 00 00 04 96 1d 75 11 01 06 00 00 cf 40 00 00 04 d0 a7 1d 3c 01 06 00 00 cf 40 00 00 05 df a8 40 71 01 02 00 00 cf 40 00 00 05 df a8 40 73 01 06 00 00 2f cf 40 00 00 04 95 0f 60 71 00 02 cf 40 00 00 04 95 0f 60 72 01 02 00 00 cf 40 00 00 04 95 0f 60 73 01 06 00 00 30 cf 40 00 00 04 95 0f 60 70 01 cf 40 00 00 00 01 c0 56 0b 18 cf 40 00 00 02 64 1f 28 cc 01 01 00 00 cf 40 00 00 02 76 69 d5 ee 01 12 00 00 cf 40 00 00 02 76 69 d5 ef 01 12 00 00 cf 40 00 00 02 76 69 d5 f4 01 06 00 00 cf 40 00 00 02 8c 42 2e 74 01 06 00 00 cf 40 00 00 03 0b 2b 32 1d 01 01 00 00 cf 40 00 00 03 d9 a0 97 21 01 06 00 00 cf 40 00 00 04 67 79 74 a6 01 06 00 00 cf 40 00 00 04 67 79 74 a7 01 06 00 00 cf 40 00 00 04 95 0f 60 7a 02 07 00 00 09 cf 40 00 00 04 95 0f 60 74 2c cf 40 00 00 04 95 0f 60 7c 04 08 00 00 06 00 00 07 00 00 09 cf 40 00 00 04 95 0f 60 71 2d cf 40 00 00 04 96 1d 75 16 01 06 00 00 cf 40 00 00 07 10 d3 bd 6e 01 01 00 00 cf 40 00 00 07 10 d3 bd 72 01 05 cf 40 00 00 07 10 d3 bd 71 00 cf 40 00 00 07 e4 fa 59 2e 01 03 00 00 cf 40 00 00 08 83 c6 3e 6f 01 03 00 00 cf 40 00 00 09 ae 2f 55 5a 01 02 00 00 cf 40 00 00 09 f4 78 7f 58 01 01 00 00 cf 40 00 00 09 f4 78 7f 6a 01 01 00 00 cf 40 00 00 0a 1d 6b 49 24 01 01 00 00 cf 40 00 00 0a 2d 7b 87 77 01 01 00 00 cf 40 00 00 0a 2d 7b 87 97 01 01 00 00 cf 40 00 00 10 d1 f2 1d 47 01 05 cf 40 00 00 07 6b b3 4a 2d 00 cf 40 00 00 29 d8 d6 e8 d1 01 01 00 00 31 cf 40 00 00 02 76 69 d5 f2 02 cf 40 00 00 00 01 c0 56 0b cf 40 00 00 01 ed b2 e9 b6 14 cf 40 00 00 02 64 1f 28 cc 01 01 00 00 cf 40 00 00 02 76 69 d5 ee 01 12 00 00 cf 40 00 00 02 76 69 d5 ef 01 12 00 00 cf 40 00 00 02 76 69 d5 f4 01 06 00 00 cf 40 00 00 02 8c 42 2e 74 01 06 00 00 cf 40 00 00 03 0b 2b 32 1d 01 01 00 00 cf 40 00 00 03 d9 a0 97 21 01 06 00 00 cf 40 00 00 04 67 79 74 a6 01 06 00 00 cf 40 00 00 04 67 79 74 a7 01 06 00 00 cf 40 00 00 07 10 d3 bd 6e 01 01 00 00 cf 40 00 00 07 10 d3 bd 72 01 05 cf 40 00 00 07 10 d3 bd 71 00 cf 40 00 00 07 e4 fa 59 2e 01 03 00 00 cf 40 00 00 09 f4 78 7f 58 01 01 00 00 cf 40 00 00 09 f4 78 7f 6a 01 01 00 00 cf 40 00 00 0a 1d 6b 49 24 01 01 00 00 cf 40 00 00 0a 2d 7b 87 77 01 01 00 00 cf 40 00 00 0a 2d 7b 87 97 01 01 00 00 cf 40 00 00 10 d1 f2 1d 47 01 05 cf 40 00 00 07 6b b3 4a 2d 00 cf 40 00 00 27 87 e8 71 73 01 01 00 00 cf 40 00 00 29 d8 d6 e8 d1 01 01 00 00 32 cf 40 00 00 00 00 78 e1 bd 03 cf 40 00 00 00 01 a7 ec 41 cf 40 00 00 00 01 c0 56 0b cf 40 00 00 04 d0 a7 1d 86 5f cb df fe 88 86 01 12 00 00 cb df fe 88 87 01 12 00 00 cf 40 00 00 00 00 9e 1e f2 01 02 00 00 cf 40 00 00 00 00 a7 bb d7 01 02 00 00 cf 40 00 00 00 03 57 3b 73 01 05 cf 40 00 00 00 03 57 3b 1d 00 cf 40 00 00 00 03 60 40 c5 01 03 00 00 cf 40 00 00 00 1e 4b d1 26 01 03 00 00 cf 40 00 00 00 1f d7 9a 97 01 05 cf 40 00 00 00 1f d5 71 1e 00 cf 40 00 00 00 25 6a ee 1a 01 05 cf 40 00 00 0f 57 7c b4 66 00 cf 40 00 00 00 29 98 13 2a 01 04 00 00 cf 40 00 00 00 ba 08 46 d3 01 04 00 00 cf 40 00 00 00 c3 3a aa bf 01 01 00 00 cf 40 00 00 00 cc a7 45 1f 01 0f 00 00 cf 40 00 00 00 f4 fe 40 26 01 05 cf 40 00 00 00 f4 fe 40 05 00 cf 40 00 00 00 f6 71 fd 39 01 02 00 00 cf 40 00 00 00 f7 33 7a 8d 01 05 cf 40 00 00 00 22 64 a5 89 00 cf 40 00 00 00 fa 77 a5 ef 01 01 00 00 cf 40 00 00 00 fd 6f fb c2 01 05 cf 40 00 00 00 fd 6f f1 f3 00 cf 40 00 00 01 63 4e 5e 8e 01 03 00 00 cf 40 00 00 01 65 b9 92 00 01 12 00 00 cf 40 00 00 01 67 37 fa 5c 01 01 00 00 cf 40 00 00 02 5f 4c 8e 09 01 01 00 00 cf 40 00 00 02 64 1f 28 cc 01 01 00 00 cf 40 00 00 02 bb 83 59 98 01 0f 00 00 cf 40 00 00 02 fe e8 76 5f 01 0f 00 00 cf 40 00 00 02 fe e8 76 60 01 0f 00 00 cf 40 00 00 02 fe e8 76 61 01 0f 00 00 cf 40 00 00 03 0b 2b 32 1d 01 01 00 00 cf 40 00 00 03 65 d2 49 be 01 03 00 00 cf 40 00 00 03 75 51 92 a0 01 03 00 00 cf 40 00 00 03 b0 9d 04 17 01 02 00 00 cf 40 00 00 03 d0 b8 ec fa 02 07 00 00 01 00 00 cf 40 00 00 04 35 52 b5 bd 01 0f 00 00 cf 40 00 00 04 a4 fa ff d8 03 08 00 00 05 cf 40 00 00 04 a4 fa ff d7 00 04 00 00 cf 40 00 00 04 a4 fa ff d9 03 08 00 00 05 cf 40 00 00 04 a4 fa ff d7 00 04 00 00 cf 40 00 00 04 bc 0c 26 9c 01 04 00 00 cf 40 00 00 05 3a 7f ac 13 01 03 00 00 cf 40 00 00 05 5e c4 a5 13 01 05 cf 40 00 00 05 5e c4 a5 10 00 cf 40 00 00 05 7b 5c 49 47 01 04 00 00 cf 40 00 00 05 7b 5c 49 69 01 04 00 00 cf 40 00 00 05 95 02 24 ae 01 02 00 00 cf 40 00 00 05 a1 98 cd 3f 01 06 00 00 cf 40 00 00 06 70 40 8c 37 03 08 00 00 02 00 00 03 00 00 cf 40 00 00 07 6b cb c6 2b 01 04 00 00 cf 40 00 00 07 6b cb c6 2c 01 04 00 00 cf 40 00 00 07 6b cb c6 2d 01 12 00 00 cf 40 00 00 07 6b cb c6 2e 01 04 00 00 cf 40 00 00 07 72 17 08 44 01 03 00 00 cf 40 00 00 07 99 0f 3a 6d 01 05 cf 40 00 00 07 6b b3 4a 2d 00 cf 40 00 00 07 b2 2b c1 9e 01 12 00 00 cf 40 00 00 07 b2 2b c1 a4 01 04 00 00 cf 40 00 00 08 62 3c 1a e1 05 08 00 00 02 00 00 08 00 00 05 cf 40 00 00 04 a4 fa ff d7 00 04 00 00 cf 40 00 00 08 f7 bc 2e 23 02 07 00 00 06 00 00 cf 40 00 00 09 6b e4 82 25 02 07 00 00 02 00 00 cf 40 00 00 09 ef fe 8f fa 01 03 00 00 cf 40 00 00 09 f4 78 7f 58 01 01 00 00 cf 40 00 00 0a 1d 6b 49 20 01 01 00 00 cf 40 00 00 0a 4e 63 e8 2a 01 01 00 00 cf 40 00 00 0a 4e e2 8d fa 01 01 00 00 cf 40 00 00 0a 4e e2 8d fc 01 03 00 00 cf 40 00 00 0a bb e5 5a 97 02 07 00 00 05 cf 40 00 00 09 84 08 51 57 00 cf 40 00 00 0a f1 ab d5 57 01 02 00 00 cf 40 00 00 0b 15 c6 14 f8 02 07 00 00 01 00 00 cf 40 00 00 0b 73 3b dc fa 01 02 00 00 cf 40 00 00 0b ec 8f 20 d8 01 02 00 00 cf 40 00 00 0c 66 e1 90 29 01 04 00 00 cf 40 00 00 0c ec 9e b5 87 01 05 cf 40 00 00 0c ec 41 a1 67 00 cf 40 00 00 0e d3 cb d3 91 01 04 00 00 cf 40 00 00 0e d3 cb d3 92 01 04 00 00 cf 40 00 00 0e d3 cb d3 93 01 04 00 00 cf 40 00 00 0f 14 6e 15 bf 05 08 00 00 05 cf 40 00 00 04 a4 fa ff d7 00 08 00 00 01 00 00 04 00 00 cf 40 00 00 0f 14 6e 15 c0 05 08 00 00 05 cf 40 00 00 04 a4 fa ff d7 00 08 00 00 01 00 00 04 00 00 cf 40 00 00 0f 9c 0c 62 e7 01 03 00 00 cf 40 00 00 10 36 f1 a2 42 01 01 00 00 cf 40 00 00 10 52 0a 47 7f 01 02 00 00 cf 40 00 00 11 59 e2 d5 a7 01 03 00 00 cf 40 00 00 11 8a 7e 60 88 01 0f 00 00 cf 40 00 00 11 8a 7e 60 89 03 08 00 00 01 00 00 02 00 00 cf 40 00 00 11 8a 7e 60 8a 03 08 00 00 01 00 00 02 00 00 cf 40 00 00 11 8d 87 0c a7 03 08 00 00 01 00 00 05 cf 40 00 00 11 8d 87 0c aa 00 cf 40 00 00 11 8d 87 0c a8 03 08 00 00 01 00 00 02 00 00 cf 40 00 00 11 8d 87 0c a9 03 08 00 00 01 00 00 02 00 00 cf 40 00 00 13 f4 e7 5d a5 01 02 00 00 cf 40 00 00 18 a3 8a 2e 51 01 04 00 00 cf 40 00 00 1b 6a d0 d2 02 02 07 00 00 02 00 00 cf 40 00 00 1c bc be 38 41 01 04 00 00 cf 40 00 00 1c e8 77 3a 44 03 08 00 00 01 00 00 03 00 00 cf 40 00 00 20 f9 d8 8c e0 02 07 00 00 01 00 00 cf 40 00 00 27 87 e8 71 73 01 01 00 00 cf 40 00 00 29 d8 d6 e8 d1 01 01 00 00 cf 40 00 00 2a 08 59 62 90 01 02 00 00 cf 40 00 00 34 b2 1f 41 0c 03 08 00 00 01 00 00 02 00 00 cf 40 00 00 34 b2 1f 41 0e 03 08 00 00 01 00 00 02 00 00 cf 40 00 00 36 02 99 8f 40 01 01 00 00 cf 40 00 00 3d e3 85 0a c1 03 08 00 00 01 00 00 02 00 00 33 cf 40 00 00 04 95 0f 60 70 03 cf 40 00 00 00 01 c0 56 0b cf 40 00 00 00 24 fb 5a b5 cf 40 00 00 01 ed b2 e9 b6 1d cf 40 00 00 01 d1 d4 2a 24 01 06 00 00 cf 40 00 00 02 64 1f 28 cc 01 01 00 00 cf 40 00 00 02 76 69 d5 ee 01 12 00 00 cf 40 00 00 02 76 69 d5 ef 01 12 00 00 cf 40 00 00 02 76 69 d5 f4 01 06 00 00 cf 40 00 00 02 8c 42 2e 74 01 06 00 00 cf 40 00 00 03 0b 2b 32 1d 01 01 00 00 cf 40 00 00 03 d9 a0 97 21 01 06 00 00 cf 40 00 00 04 67 79 74 a6 01 06 00 00 cf 40 00 00 04 67 79 74 a7 01 06 00 00 cf 40 00 00 04 7e 98 56 d6 02 07 00 00 06 00 00 cf 40 00 00 04 95 0f 60 7a 02 07 00 00 09 cf 40 00 00 04 95 0f 60 74 2c cf 40 00 00 04 95 0f 60 7c 04 08 00 00 06 00 00 07 00 00 09 cf 40 00 00 04 95 0f 60 71 2d cf 40 00 00 04 96 1d 75 16 01 06 00 00 cf 40 00 00 07 10 d3 bd 6e 01 01 00 00 cf 40 00 00 07 10 d3 bd 72 01 05 cf 40 00 00 07 10 d3 bd 71 00 cf 40 00 00 07 e4 fa 59 2e 01 03 00 00 cf 40 00 00 07 ec 50 18 d7 05 08 00 00 06 00 00 08 00 00 06 00 00 03 00 00 cf 40 00 00 08 83 c6 3e 6f 01 03 00 00 cf 40 00 00 09 ae 2f 55 5a 01 02 00 00 cf 40 00 00 09 f4 78 7f 58 01 01 00 00 cf 40 00 00 09 f4 78 7f 6a 01 01 00 00 cf 40 00 00 0a 1d 6b 49 24 01 01 00 00 cf 40 00 00 0a 2d 7b 87 77 01 01 00 00 cf 40 00 00 0a 2d 7b 87 97 01 01 00 00 cf 40 00 00 10 d1 f2 1d 47 01 05 cf 40 00 00 07 6b b3 4a 2d 00 cf 40 00 00 12 3b 9d 65 07 01 06 00 00 cf 40 00 00 27 87 e8 71 73 01 01 00 00 cf 40 00 00 29 d8 d6 e8 d1 01 01 00 00 34 cf 40 00 00 00 02 75 4e e0 02 cf 40 00 00 04 b0 ac c6 10 cf 40 00 00 04 bc ca e2 b3 09 cf 40 00 00 00 39 5b 94 8e 01 05 cf 40 00 00 00 01 2c 7b 3f 00 cf 40 00 00 00 4c 2e c1 f0 01 01 00 00 cf 40 00 00 01 65 b9 9c 4c 01 12 00 00 cf 40 00 00 04 09 a2 04 71 01 15 00 00 cf 40 00 00 0c b4 97 42 df 01 15 00 00 cf 40 00 00 0d fb 2b 27 c1 01 02 00 00 cf 40 00 00 34 e4 9f df 91 01 03 00 00 cf 40 00 00 48 b6 8a 25 20 01 0f 00 00 cf 80 00 00 00 00 a1 a6 3f 01 01 00 00 35 cf 40 00 00 02 76 69 d5 f2 01 cf 40 00 00 00 01 c0 56 0b 13 cf 40 00 00 02 64 1f 28 cc 01 01 00 00 cf 40 00 00 02 76 69 d5 ee 01 12 00 00 cf 40 00 00 02 76 69 d5 ef 01 12 00 00 cf 40 00 00 02 76 69 d5 f4 01 06 00 00 cf 40 00 00 02 8c 42 2e 74 01 06 00 00 cf 40 00 00 03 0b 2b 32 1d 01 01 00 00 cf 40 00 00 03 d9 a0 97 21 01 06 00 00 cf 40 00 00 04 67 79 74 a6 01 06 00 00 cf 40 00 00 04 67 79 74 a7 01 06 00 00 cf 40 00 00 07 10 d3 bd 6e 01 01 00 00 cf 40 00 00 07 10 d3 bd 72 01 05 cf 40 00 00 07 10 d3 bd 71 00 cf 40 00 00 07 e4 fa 59 2e 01 03 00 00 cf 40 00 00 09 f4 78 7f 58 01 01 00 00 cf 40 00 00 09 f4 78 7f 6a 01 01 00 00 cf 40 00 00 0a 1d 6b 49 24 01 01 00 00 cf 40 00 00 0a 2d 7b 87 77 01 01 00 00 cf 40 00 00 0a 2d 7b 87 97 01 01 00 00 cf 40 00 00 10 d1 f2 1d 47 01 05 cf 40 00 00 07 6b b3 4a 2d 00 cf 40 00 00 29 d8 d6 e8 d1 01 01 00 00 36 cf 80 00 00 00 00 72 f6 d5 00 04 cf 40 00 00 00 3b f9 f8 ed 01 14 00 00 cf 40 00 00 09 ae 2f 55 5c 01 01 00 00 cf 40 00 00 13 49 2b be 26 01 15 00 00 cf 40 00 00 48 b6 8a 25 20 01 0f 00 00 37 cf 40 00 00 00 02 75 4e e0 01 cf 40 00 00 04 e8 35 63 34 09 cf 40 00 00 00 39 5b 94 8e 01 05 cf 40 00 00 00 01 2c 7b 3f 00 cf 40 00 00 00 4c 2e c1 f0 01 01 00 00 cf 40 00 00 01 65 b9 9c 4c 01 12 00 00 cf 40 00 00 04 09 a2 04 71 01 15 00 00 cf 40 00 00 0c b4 97 42 df 01 15 00 00 cf 40 00 00 0d fb 2b 27 c1 01 02 00 00 cf 40 00 00 34 e4 9f df 91 01 03 00 00 cf 40 00 00 48 b6 8a 25 20 01 0f 00 00 cf 80 00 00 00 00 a1 a6 3f 01 01 00 00 38 cf 40 00 00 00 00 78 e1 bd 03 cf 40 00 00 00 01 a7 ec 41 cf 40 00 00 00 01 c0 56 0b cf 40 00 00 00 a3 75 5e 34 60 cb df fe 88 86 01 12 00 00 cb df fe 88 87 01 12 00 00 cf 40 00 00 00 00 9e 1e f2 01 02 00 00 cf 40 00 00 00 00 a7 bb d7 01 02 00 00 cf 40 00 00 00 03 57 3b 73 01 05 cf 40 00 00 00 03 57 3b 1d 00 cf 40 00 00 00 03 60 40 c5 01 03 00 00 cf 40 00 00 00 1e 4b d1 26 01 03 00 00 cf 40 00 00 00 1f d7 9a 97 01 05 cf 40 00 00 00 1f d5 71 1e 00 cf 40 00 00 00 25 6a ee 1a 01 05 cf 40 00 00 0f 57 7c b4 66 00 cf 40 00 00 00 29 98 13 2a 01 04 00 00 cf 40 00 00 00 ba 08 46 d3 01 04 00 00 cf 40 00 00 00 c3 3a aa bf 01 01 00 00 cf 40 00 00 00 cc a7 45 1f 01 0f 00 00 cf 40 00 00 00 f4 fe 40 26 01 05 cf 40 00 00 00 f4 fe 40 05 00 cf 40 00 00 00 f6 71 fd 39 01 02 00 00 cf 40 00 00 00 f7 33 7a 8d 01 05 cf 40 00 00 00 22 64 a5 89 00 cf 40 00 00 00 fa 77 a5 ef 01 01 00 00 cf 40 00 00 00 fd 6f fb c2 01 05 cf 40 00 00 00 fd 6f f1 f3 00 cf 40 00 00 01 63 4e 5e 8e 01 03 00 00 cf 40 00 00 01 65 b9 92 00 01 12 00 00 cf 40 00 00 01 67 37 fa 5c 01 01 00 00 cf 40 00 00 02 5f 4c 8e 09 01 01 00 00 cf 40 00 00 02 64 1f 28 cc 01 01 00 00 cf 40 00 00 02 bb 83 59 98 01 0f 00 00 cf 40 00 00 02 fe e8 76 5f 01 0f 00 00 cf 40 00 00 02 fe e8 76 60 01 0f 00 00 cf 40 00 00 02 fe e8 76 61 01 0f 00 00 cf 40 00 00 03 0b 2b 32 1d 01 01 00 00 cf 40 00 00 03 65 d2 49 be 01 03 00 00 cf 40 00 00 03 75 51 92 a0 01 03 00 00 cf 40 00 00 03 b0 9d 04 17 01 02 00 00 cf 40 00 00 03 d0 b8 ec fa 02 07 00 00 01 00 00 cf 40 00 00 04 35 52 b5 bd 01 0f 00 00 cf 40 00 00 04 3c 5f d3 16 01 0f 00 00 cf 40 00 00 04 a4 fa ff d8 03 08 00 00 05 cf 40 00 00 04 a4 fa ff d7 00 04 00 00 cf 40 00 00 04 a4 fa ff d9 03 08 00 00 05 cf 40 00 00 04 a4 fa ff d7 00 04 00 00 cf 40 00 00 04 bc 0c 26 9c 01 04 00 00 cf 40 00 00 04 d4 5d bc 97 01 05 cf 40 00 00 04 d4 5d bc 93 00 cf 40 00 00 04 d4 5d bc 98 01 02 00 00 cf 40 00 00 05 3a 7f ac 13 01 03 00 00 cf 40 00 00 05 5e c4 a5 13 01 05 cf 40 00 00 05 5e c4 a5 10 00 cf 40 00 00 05 7b 5c 49 47 01 04 00 00 cf 40 00 00 05 7b 5c 49 69 01 04 00 00 cf 40 00 00 05 95 02 24 ae 01 02 00 00 cf 40 00 00 05 a1 98 cd 3f 01 06 00 00 cf 40 00 00 06 70 40 8c 37 03 08 00 00 02 00 00 03 00 00 cf 40 00 00 07 6b cb c6 2b 01 04 00 00 cf 40 00 00 07 6b cb c6 2c 01 04 00 00 cf 40 00 00 07 6b cb c6 2d 01 12 00 00 cf 40 00 00 07 6b cb c6 2e 01 04 00 00 cf 40 00 00 07 72 17 08 44 01 03 00 00 cf 40 00 00 07 99 0f 3a 6d 01 05 cf 40 00 00 07 6b b3 4a 2d 00 cf 40 00 00 07 b2 2b c1 9e 01 12 00 00 cf 40 00 00 07 b2 2b c1 a4 01 04 00 00 cf 40 00 00 08 62 3c 1a e1 05 08 00 00 02 00 00 08 00 00 05 cf 40 00 00 04 a4 fa ff d7 00 04 00 00 cf 40 00 00 08 f7 bc 2e 23 02 07 00 00 06 00 00 cf 40 00 00 09 6b e4 82 25 02 07 00 00 02 00 00 cf 40 00 00 09 ef fe 8f fa 01 03 00 00 cf 40 00 00 09 f4 78 7f 58 01 01 00 00 cf 40 00 00 0a 1d 6b 49 20 01 01 00 00 cf 40 00 00 0a 4e 63 e8 2a 01 01 00 00 cf 40 00 00 0a 4e e2 8d fa 01 01 00 00 cf 40 00 00 0a 4e e2 8d fc 01 03 00 00 cf 40 00 00 0a bb e5 5a 97 02 07 00 00 05 cf 40 00 00 09 84 08 51 57 00 cf 40 00 00 0a f1 ab d5 57 01 02 00 00 cf 40 00 00 0b 15 c6 14 f8 02 07 00 00 01 00 00 cf 40 00 00 0b 73 3b dc fa 01 02 00 00 cf 40 00 00 0b ec 8f 20 d8 01 02 00 00 cf 40 00 00 0c 66 e1 90 29 01 04 00 00 cf 40 00 00 0c ec 9e b5 87 01 05 cf 40 00 00 0c ec 41 a1 67 00 cf 40 00 00 0e d3 cb d3 91 01 04 00 00 cf 40 00 00 0e d3 cb d3 92 01 04 00 00 cf 40 00 00 0e d3 cb d3 93 01 04 00 00 cf 40 00 00 0f 14 6e 15 bf 05 08 00 00 05 cf 40 00 00 04 a4 fa ff d7 00 08 00 00 01 00 00 04 00 00 cf 40 00 00 0f 14 6e 15 c0 05 08 00 00 05 cf 40 00 00 04 a4 fa ff d7 00 08 00 00 01 00 00 04 00 00 cf 40 00 00 0f 9c 0c 62 e7 01 03 00 00 cf 40 00 00 10 36 f1 a2 42 01 01 00 00 cf 40 00 00 10 52 0a 47 7f 01 02 00 00 cf 40 00 00 11 59 e2 d5 a7 01 03 00 00 cf 40 00 00 11 8a 7e 60 88 01 0f 00 00 cf 40 00 00 11 8a 7e 60 89 03 08 00 00 01 00 00 02 00 00 cf 40 00 00 11 8a 7e 60 8a 03 08 00 00 01 00 00 02 00 00 cf 40 00 00 11 8d 87 0c a7 03 08 00 00 01 00 00 05 cf 40 00 00 11 8d 87 0c aa 00 cf 40 00 00 11 8d 87 0c a8 03 08 00 00 01 00 00 02 00 00 cf 40 00 00 11 8d 87 0c a9 03 08 00 00 01 00 00 02 00 00 cf 40 00 00 13 f4 e7 5d a5 01 02 00 00 cf 40 00 00 18 a3 8a 2e 51 01 04 00 00 cf 40 00 00 1c bc be 38 41 01 04 00 00 cf 40 00 00 1c e8 77 3a 44 03 08 00 00 01 00 00 03 00 00 cf 40 00 00 20 f9 d8 8c e0 02 07 00 00 01 00 00 cf 40 00 00 27 87 e8 71 73 01 01 00 00 cf 40 00 00 27 9d 9b b5 e2 01 05 cf 40 00 00 00 2e 2c 1b fc 00 cf 40 00 00 29 d8 d6 e8 d1 01 01 00 00 cf 40 00 00 2a 08 59 62 90 01 02 00 00 cf 40 00 00 36 02 99 8f 40 01 01 00 00 cf 40 00 00 3d e3 85 0a c1 03 08 00 00 01 00 00 02 00 00 39 cf 40 00 00 04 3c 5f d3 14 00 07 cf 40 00 00 02 7e 3e d7 16 03 08 00 00 02 00 00 0f 00 00 cf 40 00 00 02 bb 83 59 9e 01 0f 00 00 cf 40 00 00 04 3c 5f d3 13 04 08 00 00 02 00 00 07 00 00 01 00 00 cf 40 00 00 08 84 51 10 90 01 03 00 00 cf 40 00 00 09 c7 8e ff f8 01 01 00 00 cf 40 00 00 0a 1d 20 84 7c 01 0f 00 00 cf 40 00 00 13 a0 33 19 c6 01 02 00 00 3a cf 40 00 00 02 76 69 d5 f2 03 cf 40 00 00 00 01 c0 56 0b cf 40 00 00 00 24 fb 5a b5 cf 40 00 00 01 ed b2 e9 b6 18 cf 40 00 00 01 d1 d4 2a 24 01 06 00 00 cf 40 00 00 02 64 1f 28 cc 01 01 00 00 cf 40 00 00 02 76 69 d5 ee 01 12 00 00 cf 40 00 00 02 76 69 d5 ef 01 12 00 00 cf 40 00 00 02 76 69 d5 f4 01 06 00 00 cf 40 00 00 02 8c 42 2e 74 01 06 00 00 cf 40 00 00 03 0b 2b 32 1d 01 01 00 00 cf 40 00 00 03 d9 a0 97 21 01 06 00 00 cf 40 00 00 04 67 79 74 a6 01 06 00 00 cf 40 00 00 04 67 79 74 a7 01 06 00 00 cf 40 00 00 04 7e 98 56 d6 02 07 00 00 06 00 00 cf 40 00 00 07 10 d3 bd 6e 01 01 00 00 cf 40 00 00 07 10 d3 bd 72 01 05 cf 40 00 00 07 10 d3 bd 71 00 cf 40 00 00 07 e4 fa 59 2e 01 03 00 00 cf 40 00 00 07 ec 50 18 d7 05 08 00 00 06 00 00 08 00 00 06 00 00 03 00 00 cf 40 00 00 09 f4 78 7f 58 01 01 00 00 cf 40 00 00 09 f4 78 7f 6a 01 01 00 00 cf 40 00 00 0a 1d 6b 49 24 01 01 00 00 cf 40 00 00 0a 2d 7b 87 77 01 01 00 00 cf 40 00 00 0a 2d 7b 87 97 01 01 00 00 cf 40 00 00 10 d1 f2 1d 47 01 05 cf 40 00 00 07 6b b3 4a 2d 00 cf 40 00 00 12 3b 9d 65 07 01 06 00 00 cf 40 00 00 27 87 e8 71 73 01 01 00 00 cf 40 00 00 29 d8 d6 e8 d1 01 01 00 00 3b cf 40 00 00 0f 69 26 1d b0 00 01 cf 40 00 00 0f 99 b7 c4 99 01 0f 00 00 3c cf 40 00 00 0f 69 26 1d b2 00 02 cf 40 00 00 0f 69 26 1d b1 01 01 00 00 cf 40 00 00 10 39 06 2a 4c 01 06 00 00 3d cf 40 00 00 00 02 75 4e e0 02 cf 40 00 00 04 b0 ac c6 10 cf 80 00 00 00 00 70 5e f5 0a cf 40 00 00 00 03 60 ad ec 01 06 00 00 cf 40 00 00 00 39 5b 94 8e 01 05 cf 40 00 00 00 01 2c 7b 3f 00 cf 40 00 00 00 4c 2e c1 f0 01 01 00 00 cf 40 00 00 01 65 b9 9c 4c 01 12 00 00 cf 40 00 00 04 09 a2 04 71 01 15 00 00 cf 40 00 00 0c b4 97 42 df 01 15 00 00 cf 40 00 00 0d fb 2b 27 c1 01 02 00 00 cf 40 00 00 34 e4 9f df 91 01 03 00 00 cf 40 00 00 48 b6 8a 25 20 01 0f 00 00 cf 80 00 00 00 00 a1 a6 3f 01 01 00 00 3e cf 40 00 00 00 00 78 e1 bd 03 cf 40 00 00 00 01 a7 ec 41 cf 40 00 00 00 01 c0 56 0b cf 40 00 00 00 24 fb 5a b5 60 cb df fe 88 86 01 12 00 00 cb df fe 88 87 01 12 00 00 cf 40 00 00 00 00 9e 1e f2 01 02 00 00 cf 40 00 00 00 00 a7 bb d7 01 02 00 00 cf 40 00 00 00 03 57 3b 73 01 05 cf 40 00 00 00 03 57 3b 1d 00 cf 40 00 00 00 03 60 40 c5 01 03 00 00 cf 40 00 00 00 1e 4b d1 26 01 03 00 00 cf 40 00 00 00 1f d7 9a 97 01 05 cf 40 00 00 00 1f d5 71 1e 00 cf 40 00 00 00 25 6a ee 1a 01 05 cf 40 00 00 0f 57 7c b4 66 00 cf 40 00 00 00 29 98 13 2a 01 04 00 00 cf 40 00 00 00 ba 08 46 d3 01 04 00 00 cf 40 00 00 00 c3 3a aa bf 01 01 00 00 cf 40 00 00 00 cc a7 45 1f 01 0f 00 00 cf 40 00 00 00 f4 fe 40 26 01 05 cf 40 00 00 00 f4 fe 40 05 00 cf 40 00 00 00 f6 71 fd 39 01 02 00 00 cf 40 00 00 00 f7 33 7a 8d 01 05 cf 40 00 00 00 22 64 a5 89 00 cf 40 00 00 00 fa 77 a5 ef 01 01 00 00 cf 40 00 00 00 fd 6f fb c2 01 05 cf 40 00 00 00 fd 6f f1 f3 00 cf 40 00 00 01 63 4e 5e 8e 01 03 00 00 cf 40 00 00 01 65 b9 92 00 01 12 00 00 cf 40 00 00 01 67 37 fa 5c 01 01 00 00 cf 40 00 00 01 d1 d4 2a 24 01 06 00 00 cf 40 00 00 02 5f 4c 8e 09 01 01 00 00 cf 40 00 00 02 64 1f 28 cc 01 01 00 00 cf 40 00 00 02 bb 83 59 98 01 0f 00 00 cf 40 00 00 02 fe e8 76 5f 01 0f 00 00 cf 40 00 00 02 fe e8 76 60 01 0f 00 00 cf 40 00 00 02 fe e8 76 61 01 0f 00 00 cf 40 00 00 03 0b 2b 32 1d 01 01 00 00 cf 40 00 00 03 65 d2 49 be 01 03 00 00 cf 40 00 00 03 75 51 92 a0 01 03 00 00 cf 40 00 00 03 b0 9d 04 17 01 02 00 00 cf 40 00 00 03 d0 b8 ec fa 02 07 00 00 01 00 00 cf 40 00 00 04 35 52 b5 bd 01 0f 00 00 cf 40 00 00 04 7e 98 56 d6 02 07 00 00 06 00 00 cf 40 00 00 04 a4 fa ff d8 03 08 00 00 05 cf 40 00 00 04 a4 fa ff d7 00 04 00 00 cf 40 00 00 04 a4 fa ff d9 03 08 00 00 05 cf 40 00 00 04 a4 fa ff d7 00 04 00 00 cf 40 00 00 04 bc 0c 26 9c 01 04 00 00 cf 40 00 00 05 3a 7f ac 13 01 03 00 00 cf 40 00 00 05 5e c4 a5 13 01 05 cf 40 00 00 05 5e c4 a5 10 00 cf 40 00 00 05 7b 5c 49 47 01 04 00 00 cf 40 00 00 05 7b 5c 49 69 01 04 00 00 cf 40 00 00 05 95 02 24 ae 01 02 00 00 cf 40 00 00 05 a1 98 cd 3f 01 06 00 00 cf 40 00 00 06 70 40 8c 37 03 08 00 00 02 00 00 03 00 00 cf 40 00 00 07 6b cb c6 2b 01 04 00 00 cf 40 00 00 07 6b cb c6 2c 01 04 00 00 cf 40 00 00 07 6b cb c6 2d 01 12 00 00 cf 40 00 00 07 6b cb c6 2e 01 04 00 00 cf 40 00 00 07 72 17 08 44 01 03 00 00 cf 40 00 00 07 99 0f 3a 6d 01 05 cf 40 00 00 07 6b b3 4a 2d 00 cf 40 00 00 07 b2 2b c1 9e 01 12 00 00 cf 40 00 00 07 b2 2b c1 a4 01 04 00 00 cf 40 00 00 07 ec 50 18 d7 05 08 00 00 06 00 00 08 00 00 06 00 00 03 00 00 cf 40 00 00 08 62 3c 1a e1 05 08 00 00 02 00 00 08 00 00 05 cf 40 00 00 04 a4 fa ff d7 00 04 00 00 cf 40 00 00 08 f7 bc 2e 23 02 07 00 00 06 00 00 cf 40 00 00 09 6b e4 82 25 02 07 00 00 02 00 00 cf 40 00 00 09 ef fe 8f fa 01 03 00 00 cf 40 00 00 09 f4 78 7f 58 01 01 00 00 cf 40 00 00 0a 1d 6b 49 20 01 01 00 00 cf 40 00 00 0a 4e 63 e8 2a 01 01 00 00 cf 40 00 00 0a 4e e2 8d fa 01 01 00 00 cf 40 00 00 0a 4e e2 8d fc 01 03 00 00 cf 40 00 00 0a bb e5 5a 97 02 07 00 00 05 cf 40 00 00 09 84 08 51 57 00 cf 40 00 00 0a f1 ab d5 57 01 02 00 00 cf 40 00 00 0b 15 c6 14 f8 02 07 00 00 01 00 00 cf 40 00 00 0b 73 3b dc fa 01 02 00 00 cf 40 00 00 0b ec 8f 20 d8 01 02 00 00 cf 40 00 00 0c 66 e1 90 29 01 04 00 00 cf 40 00 00 0c ec 9e b5 87 01 05 cf 40 00 00 0c ec 41 a1 67 00 cf 40 00 00 0e d3 cb d3 91 01 04 00 00 cf 40 00 00 0e d3 cb d3 92 01 04 00 00 cf 40 00 00 0e d3 cb d3 93 01 04 00 00 cf 40 00 00 0f 14 6e 15 bf 05 08 00 00 05 cf 40 00 00 04 a4 fa ff d7 00 08 00 00 01 00 00 04 00 00 cf 40 00 00 0f 14 6e 15 c0 05 08 00 00 05 cf 40 00 00 04 a4 fa ff d7 00 08 00 00 01 00 00 04 00 00 cf 40 00 00 0f 9c 0c 62 e7 01 03 00 00 cf 40 00 00 10 36 f1 a2 42 01 01 00 00 cf 40 00 00 10 52 0a 47 7f 01 02 00 00 cf 40 00 00 11 59 e2 d5 a7 01 03 00 00 cf 40 00 00 11 8a 7e 60 88 01 0f 00 00 cf 40 00 00 11 8a 7e 60 89 03 08 00 00 01 00 00 02 00 00 cf 40 00 00 11 8a 7e 60 8a 03 08 00 00 01 00 00 02 00 00 cf 40 00 00 11 8d 87 0c a7 03 08 00 00 01 00 00 05 cf 40 00 00 11 8d 87 0c aa 00 cf 40 00 00 11 8d 87 0c a8 03 08 00 00 01 00 00 02 00 00 cf 40 00 00 11 8d 87 0c a9 03 08 00 00 01 00 00 02 00 00 cf 40 00 00 12 3b 9d 65 07 01 06 00 00 cf 40 00 00 13 f4 e7 5d a5 01 02 00 00 cf 40 00 00 18 a3 8a 2e 51 01 04 00 00 cf 40 00 00 1c bc be 38 41 01 04 00 00 cf 40 00 00 1c e8 77 3a 44 03 08 00 00 01 00 00 03 00 00 cf 40 00 00 20 f9 d8 8c e0 02 07 00 00 01 00 00 cf 40 00 00 27 87 e8 71 73 01 01 00 00 cf 40 00 00 29 d8 d6 e8 d1 01 01 00 00 cf 40 00 00 2a 08 59 62 90 01 02 00 00 cf 40 00 00 36 02 99 8f 40 01 01 00 00 cf 40 00 00 3d e3 85 0a c1 03 08 00 00 01 00 00 02 00 00 3f cf 40 00 00 30 67 be dd e0 00 01 cf 40 00 00 30 67 be dd e2 01 0f 00 00 40 cf 40 00 00 00 00 78 e1 bd 04 cf 40 00 00 00 01 a7 ec 41 cf 40 00 00 00 01 c0 56 0b cf 40 00 00 00 47 c9 1f fe cf 40 00 00 03 79 96 1a 10 60 cb df fe 88 86 01 12 00 00 cb df fe 88 87 01 12 00 00 cf 40 00 00 00 00 9e 1e f2 01 02 00 00 cf 40 00 00 00 00 a7 bb d7 01 02 00 00 cf 40 00 00 00 03 57 3b 73 01 05 cf 40 00 00 00 03 57 3b 1d 00 cf 40 00 00 00 03 60 40 c5 01 03 00 00 cf 40 00 00 00 1e 4b d1 26 01 03 00 00 cf 40 00 00 00 1f d7 9a 97 01 05 cf 40 00 00 00 1f d5 71 1e 00 cf 40 00 00 00 25 6a ee 1a 01 05 cf 40 00 00 0f 57 7c b4 66 00 cf 40 00 00 00 29 98 13 2a 01 04 00 00 cf 40 00 00 00 ba 08 46 d3 01 04 00 00 cf 40 00 00 00 c3 3a aa bf 01 01 00 00 cf 40 00 00 00 cc a7 45 1f 01 0f 00 00 cf 40 00 00 00 f4 fe 40 26 01 05 cf 40 00 00 00 f4 fe 40 05 00 cf 40 00 00 00 f6 71 fd 39 01 02 00 00 cf 40 00 00 00 f7 33 7a 8d 01 05 cf 40 00 00 00 22 64 a5 89 00 cf 40 00 00 00 fa 77 a5 ef 01 01 00 00 cf 40 00 00 00 fd 6f fb c2 01 05 cf 40 00 00 00 fd 6f f1 f3 00 cf 40 00 00 01 63 4e 5e 8e 01 03 00 00 cf 40 00 00 01 65 b9 92 00 01 12 00 00 cf 40 00 00 01 67 37 fa 5c 01 01 00 00 cf 40 00 00 02 5f 4c 8e 09 01 01 00 00 cf 40 00 00 02 64 1f 28 cc 01 01 00 00 cf 40 00 00 02 bb 83 59 98 01 0f 00 00 cf 40 00 00 02 fe e8 76 5f 01 0f 00 00 cf 40 00 00 02 fe e8 76 60 01 0f 00 00 cf 40 00 00 02 fe e8 76 61 01 0f 00 00 cf 40 00 00 03 0b 2b 32 1d 01 01 00 00 cf 40 00 00 03 65 d2 49 be 01 03 00 00 cf 40 00 00 03 75 51 92 a0 01 03 00 00 cf 40 00 00 03 79 96 1a 15 01 03 00 00 cf 40 00 00 03 b0 9d 04 17 01 02 00 00 cf 40 00 00 03 d0 b8 ec fa 02 07 00 00 01 00 00 cf 40 00 00 04 35 52 b5 bd 01 0f 00 00 cf 40 00 00 04 a4 fa ff d8 03 08 00 00 05 cf 40 00 00 04 a4 fa ff d7 00 04 00 00 cf 40 00 00 04 a4 fa ff d9 03 08 00 00 05 cf 40 00 00 04 a4 fa ff d7 00 04 00 00 cf 40 00 00 04 bc 0c 26 9c 01 04 00 00 cf 40 00 00 05 3a 7f ac 13 01 03 00 00 cf 40 00 00 05 5e c4 a5 13 01 05 cf 40 00 00 05 5e c4 a5 10 00 cf 40 00 00 05 7b 5c 49 47 01 04 00 00 cf 40 00 00 05 7b 5c 49 69 01 04 00 00 cf 40 00 00 05 95 02 24 ae 01 02 00 00 cf 40 00 00 05 a1 98 cd 3f 01 06 00 00 cf 40 00 00 05 df a8 40 a2 01 03 00 00 cf 40 00 00 06 70 40 8c 37 03 08 00 00 02 00 00 03 00 00 cf 40 00 00 07 6b cb c6 2b 01 04 00 00 cf 40 00 00 07 6b cb c6 2c 01 04 00 00 cf 40 00 00 07 6b cb c6 2d 01 12 00 00 cf 40 00 00 07 6b cb c6 2e 01 04 00 00 cf 40 00 00 07 72 17 08 44 01 03 00 00 cf 40 00 00 07 99 0f 3a 6d 01 05 cf 40 00 00 07 6b b3 4a 2d 00 cf 40 00 00 07 b2 2b c1 9e 01 12 00 00 cf 40 00 00 07 b2 2b c1 a4 01 04 00 00 cf 40 00 00 08 62 3c 1a e1 05 08 00 00 02 00 00 08 00 00 05 cf 40 00 00 04 a4 fa ff d7 00 04 00 00 cf 40 00 00 08 f7 bc 2e 23 02 07 00 00 06 00 00 cf 40 00 00 09 6b e4 82 25 02 07 00 00 02 00 00 cf 40 00 00 09 ef fe 8f fa 01 03 00 00 cf 40 00 00 09 f4 78 7f 58 01 01 00 00 cf 40 00 00 0a 1d 6b 49 20 01 01 00 00 cf 40 00 00 0a 4e 63 e8 2a 01 01 00 00 cf 40 00 00 0a 4e e2 8d fa 01 01 00 00 cf 40 00 00 0a 4e e2 8d fc 01 03 00 00 cf 40 00 00 0a bb e5 5a 97 02 07 00 00 05 cf 40 00 00 09 84 08 51 57 00 cf 40 00 00 0a f1 ab d5 57 01 02 00 00 cf 40 00 00 0b 15 c6 14 f8 02 07 00 00 01 00 00 cf 40 00 00 0b 73 3b dc fa 01 02 00 00 cf 40 00 00 0b ec 8f 20 d8 01 02 00 00 cf 40 00 00 0c 66 e1 90 29 01 04 00 00 cf 40 00 00 0c ec 9e b5 87 01 05 cf 40 00 00 0c ec 41 a1 67 00 cf 40 00 00 0d 23 c3 f3 98 01 03 00 00 cf 40 00 00 0e 58 29 39 a7 01 01 00 00 cf 40 00 00 0e d3 cb d3 91 01 04 00 00 cf 40 00 00 0e d3 cb d3 92 01 04 00 00 cf 40 00 00 0e d3 cb d3 93 01 04 00 00 cf 40 00 00 0f 14 6e 15 bf 05 08 00 00 05 cf 40 00 00 04 a4 fa ff d7 00 08 00 00 01 00 00 04 00 00 cf 40 00 00 0f 14 6e 15 c0 05 08 00 00 05 cf 40 00 00 04 a4 fa ff d7 00 08 00 00 01 00 00 04 00 00 cf 40 00 00 0f 9c 0c 62 e7 01 03 00 00 cf 40 00 00 10 36 f1 a2 42 01 01 00 00 cf 40 00 00 10 52 0a 47 7f 01 02 00 00 cf 40 00 00 11 59 e2 d5 a7 01 03 00 00 cf 40 00 00 11 8a 7e 60 88 01 0f 00 00 cf 40 00 00 11 8a 7e 60 89 03 08 00 00 01 00 00 02 00 00 cf 40 00 00 11 8a 7e 60 8a 03 08 00 00 01 00 00 02 00 00 cf 40 00 00 11 8d 87 0c a7 03 08 00 00 01 00 00 05 cf 40 00 00 11 8d 87 0c aa 00 cf 40 00 00 11 8d 87 0c a8 03 08 00 00 01 00 00 02 00 00 cf 40 00 00 11 8d 87 0c a9 03 08 00 00 01 00 00 02 00 00 cf 40 00 00 13 f4 e7 5d a5 01 02 00 00 cf 40 00 00 18 a3 8a 2e 51 01 04 00 00 cf 40 00 00 1c bc be 38 41 01 04 00 00 cf 40 00 00 1c e8 77 3a 44 03 08 00 00 01 00 00 03 00 00 cf 40 00 00 20 f9 d8 8c e0 02 07 00 00 01 00 00 cf 40 00 00 27 87 e8 71 73 01 01 00 00 cf 40 00 00 29 d8 d6 e8 d1 01 01 00 00 cf 40 00 00 2a 08 59 62 90 01 02 00 00 cf 40 00 00 36 02 99 8f 40 01 01 00 00 cf 40 00 00 3d e3 85 0a c1 03 08 00 00 01 00 00 02 00 00 41 cf 40 00 00 02 76 69 d5 f2 02 cf 40 00 00 00 01 c0 56 0b cf 40 00 00 00 30 3a 08 96 14 cf 40 00 00 02 64 1f 28 cc 01 01 00 00 cf 40 00 00 02 76 69 d5 ee 01 12 00 00 cf 40 00 00 02 76 69 d5 ef 01 12 00 00 cf 40 00 00 02 76 69 d5 f4 01 06 00 00 cf 40 00 00 02 8c 42 2e 74 01 06 00 00 cf 40 00 00 03 0b 2b 32 1d 01 01 00 00 cf 40 00 00 03 d9 a0 97 21 01 06 00 00 cf 40 00 00 04 67 79 74 a6 01 06 00 00 cf 40 00 00 04 67 79 74 a7 01 06 00 00 cf 40 00 00 07 10 d3 bd 6e 01 01 00 00 cf 40 00 00 07 10 d3 bd 72 01 05 cf 40 00 00 07 10 d3 bd 71 00 cf 40 00 00 07 e4 fa 59 2e 01 03 00 00 cf 40 00 00 09 f4 78 7f 58 01 01 00 00 cf 40 00 00 09 f4 78 7f 6a 01 01 00 00 cf 40 00 00 0a 1d 6b 49 24 01 01 00 00 cf 40 00 00 0a 2d 7b 87 77 01 01 00 00 cf 40 00 00 0a 2d 7b 87 97 01 01 00 00 cf 40 00 00 0a f1 ab d5 57 01 02 00 00 cf 40 00 00 10 d1 f2 1d 47 01 05 cf 40 00 00 07 6b b3 4a 2d 00 cf 40 00 00 29 d8 d6 e8 d1 01 01 00 00 42 cf 40 00 00 00 00 78 e1 bd 04 cf 40 00 00 00 01 a7 ec 41 cf 40 00 00 00 01 c0 56 0b cf 40 00 00 00 47 c9 1f fe cf 40 00 00 03 de 99 2c 08 5f cb df fe 88 86 01 12 00 00 cb df fe 88 87 01 12 00 00 cf 40 00 00 00 00 9e 1e f2 01 02 00 00 cf 40 00 00 00 00 a7 bb d7 01 02 00 00 cf 40 00 00 00 03 57 3b 73 01 05 cf 40 00 00 00 03 57 3b 1d 00 cf 40 00 00 00 03 60 40 c5 01 03 00 00 cf 40 00 00 00 1e 4b d1 26 01 03 00 00 cf 40 00 00 00 1f d7 9a 97 01 05 cf 40 00 00 00 1f d5 71 1e 00 cf 40 00 00 00 25 6a ee 1a 01 05 cf 40 00 00 0f 57 7c b4 66 00 cf 40 00 00 00 29 98 13 2a 01 04 00 00 cf 40 00 00 00 ba 08 46 d3 01 04 00 00 cf 40 00 00 00 c3 3a aa bf 01 01 00 00 cf 40 00 00 00 cc a7 45 1f 01 0f 00 00 cf 40 00 00 00 f4 fe 40 26 01 05 cf 40 00 00 00 f4 fe 40 05 00 cf 40 00 00 00 f6 71 fd 39 01 02 00 00 cf 40 00 00 00 f7 33 7a 8d 01 05 cf 40 00 00 00 22 64 a5 89 00 cf 40 00 00 00 fa 77 a5 ef 01 01 00 00 cf 40 00 00 00 fd 6f fb c2 01 05 cf 40 00 00 00 fd 6f f1 f3 00 cf 40 00 00 01 63 4e 5e 8e 01 03 00 00 cf 40 00 00 01 65 b9 92 00 01 12 00 00 cf 40 00 00 01 67 37 fa 5c 01 01 00 00 cf 40 00 00 02 5f 4c 8e 09 01 01 00 00 cf 40 00 00 02 64 1f 28 cc 01 01 00 00 cf 40 00 00 02 bb 83 59 98 01 0f 00 00 cf 40 00 00 02 fe e8 76 5f 01 0f 00 00 cf 40 00 00 02 fe e8 76 60 01 0f 00 00 cf 40 00 00 02 fe e8 76 61 01 0f 00 00 cf 40 00 00 03 0b 2b 32 1d 01 01 00 00 cf 40 00 00 03 65 d2 49 be 01 03 00 00 cf 40 00 00 03 75 51 92 a0 01 03 00 00 cf 40 00 00 03 b0 9d 04 17 01 02 00 00 cf 40 00 00 03 d0 b8 ec fa 02 07 00 00 01 00 00 cf 40 00 00 03 de 99 2c 09 01 01 00 00 cf 40 00 00 04 35 52 b5 bd 01 0f 00 00 cf 40 00 00 04 a4 fa ff d8 03 08 00 00 05 cf 40 00 00 04 a4 fa ff d7 00 04 00 00 cf 40 00 00 04 a4 fa ff d9 03 08 00 00 05 cf 40 00 00 04 a4 fa ff d7 00 04 00 00 cf 40 00 00 04 bc 0c 26 9c 01 04 00 00 cf 40 00 00 05 3a 7f ac 13 01 03 00 00 cf 40 00 00 05 5e c4 a5 13 01 05 cf 40 00 00 05 5e c4 a5 10 00 cf 40 00 00 05 7b 5c 49 47 01 04 00 00 cf 40 00 00 05 7b 5c 49 69 01 04 00 00 cf 40 00 00 05 95 02 24 ae 01 02 00 00 cf 40 00 00 05 a1 98 cd 3f 01 06 00 00 cf 40 00 00 05 df a8 40 a2 01 03 00 00 cf 40 00 00 06 70 40 8c 37 03 08 00 00 02 00 00 03 00 00 cf 40 00 00 07 6b cb c6 2b 01 04 00 00 cf 40 00 00 07 6b cb c6 2c 01 04 00 00 cf 40 00 00 07 6b cb c6 2d 01 12 00 00 cf 40 00 00 07 6b cb c6 2e 01 04 00 00 cf 40 00 00 07 72 17 08 44 01 03 00 00 cf 40 00 00 07 99 0f 3a 6d 01 05 cf 40 00 00 07 6b b3 4a 2d 00 cf 40 00 00 07 b2 2b c1 9e 01 12 00 00 cf 40 00 00 07 b2 2b c1 a4 01 04 00 00 cf 40 00 00 08 62 3c 1a e1 05 08 00 00 02 00 00 08 00 00 05 cf 40 00 00 04 a4 fa ff d7 00 04 00 00 cf 40 00 00 08 f7 bc 2e 23 02 07 00 00 06 00 00 cf 40 00 00 09 6b e4 82 25 02 07 00 00 02 00 00 cf 40 00 00 09 ef fe 8f fa 01 03 00 00 cf 40 00 00 09 f4 78 7f 58 01 01 00 00 cf 40 00 00 0a 1d 6b 49 20 01 01 00 00 cf 40 00 00 0a 4e 63 e8 2a 01 01 00 00 cf 40 00 00 0a 4e e2 8d fa 01 01 00 00 cf 40 00 00 0a 4e e2 8d fc 01 03 00 00 cf 40 00 00 0a bb e5 5a 97 02 07 00 00 05 cf 40 00 00 09 84 08 51 57 00 cf 40 00 00 0a f1 ab d5 57 01 02 00 00 cf 40 00 00 0b 15 c6 14 f8 02 07 00 00 01 00 00 cf 40 00 00 0b 73 3b dc fa 01 02 00 00 cf 40 00 00 0b ec 8f 20 d8 01 02 00 00 cf 40 00 00 0c 66 e1 90 29 01 04 00 00 cf 40 00 00 0c ec 9e b5 87 01 05 cf 40 00 00 0c ec 41 a1 67 00 cf 40 00 00 0e 58 29 39 a7 01 01 00 00 cf 40 00 00 0e d3 cb d3 91 01 04 00 00 cf 40 00 00 0e d3 cb d3 92 01 04 00 00 cf 40 00 00 0e d3 cb d3 93 01 04 00 00 cf 40 00 00 0f 14 6e 15 bf 05 08 00 00 05 cf 40 00 00 04 a4 fa ff d7 00 08 00 00 01 00 00 04 00 00 cf 40 00 00 0f 14 6e 15 c0 05 08 00 00 05 cf 40 00 00 04 a4 fa ff d7 00 08 00 00 01 00 00 04 00 00 cf 40 00 00 0f 9c 0c 62 e7 01 03 00 00 cf 40 00 00 10 36 f1 a2 42 01 01 00 00 cf 40 00 00 10 52 0a 47 7f 01 02 00 00 cf 40 00 00 11 59 e2 d5 a7 01 03 00 00 cf 40 00 00 11 8a 7e 60 88 01 0f 00 00 cf 40 00 00 11 8a 7e 60 89 03 08 00 00 01 00 00 02 00 00 cf 40 00 00 11 8a 7e 60 8a 03 08 00 00 01 00 00 02 00 00 cf 40 00 00 11 8d 87 0c a7 03 08 00 00 01 00 00 05 cf 40 00 00 11 8d 87 0c aa 00 cf 40 00 00 11 8d 87 0c a8 03 08 00 00 01 00 00 02 00 00 cf 40 00 00 11 8d 87 0c a9 03 08 00 00 01 00 00 02 00 00 cf 40 00 00 13 f4 e7 5d a5 01 02 00 00 cf 40 00 00 18 a3 8a 2e 51 01 04 00 00 cf 40 00 00 1c bc be 38 41 01 04 00 00 cf 40 00 00 1c e8 77 3a 44 03 08 00 00 01 00 00 03 00 00 cf 40 00 00 20 f9 d8 8c e0 02 07 00 00 01 00 00 cf 40 00 00 27 87 e8 71 73 01 01 00 00 cf 40 00 00 29 d8 d6 e8 d1 01 01 00 00 cf 40 00 00 2a 08 59 62 90 01 02 00 00 cf 40 00 00 36 02 99 8f 40 01 01 00 00 cf 40 00 00 3d e3 85 0a c1 03 08 00 00 01 00 00 02 00 00 43 cf 40 00 00 00 00 78 e1 bd 04 cf 40 00 00 00 01 a7 ec 41 cf 40 00 00 00 01 c0 56 0b cf 40 00 00 00 47 c9 1f fe cf 40 00 00 03 c7 09 5f 50 60 cb df fe 88 86 01 12 00 00 cb df fe 88 87 01 12 00 00 cf 40 00 00 00 00 9e 1e f2 01 02 00 00 cf 40 00 00 00 00 a7 bb d7 01 02 00 00 cf 40 00 00 00 03 57 3b 73 01 05 cf 40 00 00 00 03 57 3b 1d 00 cf 40 00 00 00 03 60 40 c5 01 03 00 00 cf 40 00 00 00 1e 4b d1 26 01 03 00 00 cf 40 00 00 00 1f d7 9a 97 01 05 cf 40 00 00 00 1f d5 71 1e 00 cf 40 00 00 00 25 6a ee 1a 01 05 cf 40 00 00 0f 57 7c b4 66 00 cf 40 00 00 00 29 98 13 2a 01 04 00 00 cf 40 00 00 00 ba 08 46 d3 01 04 00 00 cf 40 00 00 00 c3 3a aa bf 01 01 00 00 cf 40 00 00 00 cc a7 45 1f 01 0f 00 00 cf 40 00 00 00 f4 fe 40 26 01 05 cf 40 00 00 00 f4 fe 40 05 00 cf 40 00 00 00 f6 71 fd 39 01 02 00 00 cf 40 00 00 00 f7 33 7a 8d 01 05 cf 40 00 00 00 22 64 a5 89 00 cf 40 00 00 00 fa 77 a5 ef 01 01 00 00 cf 40 00 00 00 fd 6f fb c2 01 05 cf 40 00 00 00 fd 6f f1 f3 00 cf 40 00 00 01 63 4e 5e 8e 01 03 00 00 cf 40 00 00 01 65 b9 92 00 01 12 00 00 cf 40 00 00 01 67 37 fa 5c 01 01 00 00 cf 40 00 00 02 5f 4c 8e 09 01 01 00 00 cf 40 00 00 02 64 1f 28 cc 01 01 00 00 cf 40 00 00 02 bb 83 59 98 01 0f 00 00 cf 40 00 00 02 fe e8 76 5f 01 0f 00 00 cf 40 00 00 02 fe e8 76 60 01 0f 00 00 cf 40 00 00 02 fe e8 76 61 01 0f 00 00 cf 40 00 00 03 0b 2b 32 1d 01 01 00 00 cf 40 00 00 03 65 d2 49 be 01 03 00 00 cf 40 00 00 03 75 51 92 a0 01 03 00 00 cf 40 00 00 03 b0 9d 04 17 01 02 00 00 cf 40 00 00 03 d0 b8 ec fa 02 07 00 00 01 00 00 cf 40 00 00 04 35 52 b5 bd 01 0f 00 00 cf 40 00 00 04 a4 fa ff d8 03 08 00 00 05 cf 40 00 00 04 a4 fa ff d7 00 04 00 00 cf 40 00 00 04 a4 fa ff d9 03 08 00 00 05 cf 40 00 00 04 a4 fa ff d7 00 04 00 00 cf 40 00 00 04 bc 0c 26 9c 01 04 00 00 cf 40 00 00 05 3a 7f ac 13 01 03 00 00 cf 40 00 00 05 5e c4 a5 13 01 05 cf 40 00 00 05 5e c4 a5 10 00 cf 40 00 00 05 7b 5c 49 47 01 04 00 00 cf 40 00 00 05 7b 5c 49 69 01 04 00 00 cf 40 00 00 05 95 02 24 ae 01 02 00 00 cf 40 00 00 05 a1 98 cd 3f 01 06 00 00 cf 40 00 00 05 df a8 40 a2 01 03 00 00 cf 40 00 00 06 70 40 8c 37 03 08 00 00 02 00 00 03 00 00 cf 40 00 00 07 6b cb c6 2b 01 04 00 00 cf 40 00 00 07 6b cb c6 2c 01 04 00 00 cf 40 00 00 07 6b cb c6 2d 01 12 00 00 cf 40 00 00 07 6b cb c6 2e 01 04 00 00 cf 40 00 00 07 72 17 08 44 01 03 00 00 cf 40 00 00 07 99 0f 3a 6d 01 05 cf 40 00 00 07 6b b3 4a 2d 00 cf 40 00 00 07 b2 2b c1 9e 01 12 00 00 cf 40 00 00 07 b2 2b c1 a4 01 04 00 00 cf 40 00 00 08 62 3c 1a e1 05 08 00 00 02 00 00 08 00 00 05 cf 40 00 00 04 a4 fa ff d7 00 04 00 00 cf 40 00 00 08 f7 bc 2e 23 02 07 00 00 06 00 00 cf 40 00 00 09 6b e4 82 25 02 07 00 00 02 00 00 cf 40 00 00 09 ef fe 8f fa 01 03 00 00 cf 40 00 00 09 f4 78 7f 58 01 01 00 00 cf 40 00 00 0a 1d 6b 49 1d 02 07 00 00 01 00 00 cf 40 00 00 0a 1d 6b 49 20 01 01 00 00 cf 40 00 00 0a 4e 63 e8 2a 01 01 00 00 cf 40 00 00 0a 4e e2 8d fa 01 01 00 00 cf 40 00 00 0a 4e e2 8d fc 01 03 00 00 cf 40 00 00 0a bb e5 5a 97 02 07 00 00 05 cf 40 00 00 09 84 08 51 57 00 cf 40 00 00 0a f1 ab d5 57 01 02 00 00 cf 40 00 00 0b 15 c6 14 f8 02 07 00 00 01 00 00 cf 40 00 00 0b 73 3b dc fa 01 02 00 00 cf 40 00 00 0b ec 8f 20 d8 01 02 00 00 cf 40 00 00 0c 66 e1 90 29 01 04 00 00 cf 40 00 00 0c ec 9e b5 87 01 05 cf 40 00 00 0c ec 41 a1 67 00 cf 40 00 00 0d 23 c3 f3 9b 01 03 00 00 cf 40 00 00 0e 58 29 39 a7 01 01 00 00 cf 40 00 00 0e d3 cb d3 91 01 04 00 00 cf 40 00 00 0e d3 cb d3 92 01 04 00 00 cf 40 00 00 0e d3 cb d3 93 01 04 00 00 cf 40 00 00 0f 14 6e 15 bf 05 08 00 00 05 cf 40 00 00 04 a4 fa ff d7 00 08 00 00 01 00 00 04 00 00 cf 40 00 00 0f 14 6e 15 c0 05 08 00 00 05 cf 40 00 00 04 a4 fa ff d7 00 08 00 00 01 00 00 04 00 00 cf 40 00 00 0f 9c 0c 62 e7 01 03 00 00 cf 40 00 00 10 36 f1 a2 42 01 01 00 00 cf 40 00 00 10 52 0a 47 7f 01 02 00 00 cf 40 00 00 11 59 e2 d5 a7 01 03 00 00 cf 40 00 00 11 8a 7e 60 88 01 0f 00 00 cf 40 00 00 11 8a 7e 60 89 03 08 00 00 01 00 00 02 00 00 cf 40 00 00 11 8a 7e 60 8a 03 08 00 00 01 00 00 02 00 00 cf 40 00 00 11 8d 87 0c a7 03 08 00 00 01 00 00 05 cf 40 00 00 11 8d 87 0c aa 00 cf 40 00 00 11 8d 87 0c a8 03 08 00 00 01 00 00 02 00 00 cf 40 00 00 11 8d 87 0c a9 03 08 00 00 01 00 00 02 00 00 cf 40 00 00 13 f4 e7 5d a5 01 02 00 00 cf 40 00 00 18 a3 8a 2e 51 01 04 00 00 cf 40 00 00 1c bc be 38 41 01 04 00 00 cf 40 00 00 1c e8 77 3a 44 03 08 00 00 01 00 00 03 00 00 cf 40 00 00 20 f9 d8 8c e0 02 07 00 00 01 00 00 cf 40 00 00 27 87 e8 71 73 01 01 00 00 cf 40 00 00 29 d8 d6 e8 d1 01 01 00 00 cf 40 00 00 2a 08 59 62 90 01 02 00 00 cf 40 00 00 36 02 99 8f 40 01 01 00 00 cf 40 00 00 3d e3 85 0a c1 03 08 00 00 01 00 00 02 00 00 44 cf 40 00 00 02 76 69 d5 f2 02 cf 40 00 00 00 01 c0 56 0b cf 40 00 00 07 09 c5 19 6e 13 cf 40 00 00 02 64 1f 28 cc 01 01 00 00 cf 40 00 00 02 76 69 d5 ee 01 12 00 00 cf 40 00 00 02 76 69 d5 ef 01 12 00 00 cf 40 00 00 02 76 69 d5 f4 01 06 00 00 cf 40 00 00 02 8c 42 2e 74 01 06 00 00 cf 40 00 00 03 0b 2b 32 1d 01 01 00 00 cf 40 00 00 03 d9 a0 97 21 01 06 00 00 cf 40 00 00 04 67 79 74 a6 01 06 00 00 cf 40 00 00 04 67 79 74 a7 01 06 00 00 cf 40 00 00 07 10 d3 bd 6e 01 01 00 00 cf 40 00 00 07 10 d3 bd 72 01 05 cf 40 00 00 07 10 d3 bd 71 00 cf 40 00 00 07 e4 fa 59 2e 01 03 00 00 cf 40 00 00 09 f4 78 7f 58 01 01 00 00 cf 40 00 00 09 f4 78 7f 6a 01 01 00 00 cf 40 00 00 0a 1d 6b 49 24 01 01 00 00 cf 40 00 00 0a 2d 7b 87 77 01 01 00 00 cf 40 00 00 0a 2d 7b 87 97 01 01 00 00 cf 40 00 00 10 d1 f2 1d 47 01 05 cf 40 00 00 07 6b b3 4a 2d 00 cf 40 00 00 29 d8 d6 e8 d1 01 01 00 00 45 cf 40 00 00 00 00 78 e1 bd 04 cf 40 00 00 00 00 6b 4d 2f cf 40 00 00 00 00 78 e1 c5 cf 40 00 00 00 24 fb 5a b5 cf 40 00 00 00 47 c9 1f fe 6b cb df fe 88 86 01 12 00 00 cb df fe 88 87 01 12 00 00 cf 40 00 00 00 00 9e 1e f2 01 02 00 00 cf 40 00 00 00 00 a7 bb d7 01 02 00 00 cf 40 00 00 00 03 57 3b 73 01 05 cf 40 00 00 00 03 57 3b 1d 00 cf 40 00 00 00 03 60 40 c5 01 03 00 00 cf 40 00 00 00 05 27 18 45 01 01 00 00 cf 40 00 00 00 1e 4b d1 26 01 03 00 00 cf 40 00 00 00 1f d7 9a 97 01 05 cf 40 00 00 00 1f d5 71 1e 00 cf 40 00 00 00 25 6a ee 1a 01 05 cf 40 00 00 0f 57 7c b4 66 00 cf 40 00 00 00 29 98 13 2a 01 04 00 00 cf 40 00 00 00 ba 08 46 d3 01 04 00 00 cf 40 00 00 00 c3 3a aa bf 01 01 00 00 cf 40 00 00 00 cc a7 45 1f 01 0f 00 00 cf 40 00 00 00 f4 fe 40 26 01 05 cf 40 00 00 00 f4 fe 40 05 00 cf 40 00 00 00 f6 71 fd 39 01 02 00 00 cf 40 00 00 00 f7 33 7a 8d 01 05 cf 40 00 00 00 22 64 a5 89 00 cf 40 00 00 00 fa 77 a5 ef 01 01 00 00 cf 40 00 00 00 fd 6f fb c2 01 05 cf 40 00 00 00 fd 6f f1 f3 00 cf 40 00 00 01 63 4e 5e 8e 01 03 00 00 cf 40 00 00 01 65 b9 92 00 01 12 00 00 cf 40 00 00 01 67 37 fa 5c 01 01 00 00 cf 40 00 00 01 d1 d4 2a 24 01 06 00 00 cf 40 00 00 02 5f 4c 8e 09 01 01 00 00 cf 40 00 00 02 64 1f 28 cc 01 01 00 00 cf 40 00 00 02 bb 83 59 98 01 0f 00 00 cf 40 00 00 02 df b6 4e 0e 01 03 00 00 cf 40 00 00 02 df b6 4e d5 01 01 00 00 cf 40 00 00 02 fe e8 76 5f 01 0f 00 00 cf 40 00 00 02 fe e8 76 60 01 0f 00 00 cf 40 00 00 02 fe e8 76 61 01 0f 00 00 cf 40 00 00 03 65 d2 49 be 01 03 00 00 cf 40 00 00 03 75 51 92 a0 01 03 00 00 cf 40 00 00 03 b0 9d 04 17 01 02 00 00 cf 40 00 00 03 d0 b8 ec fa 02 07 00 00 01 00 00 cf 40 00 00 04 35 52 b5 bd 01 0f 00 00 cf 40 00 00 04 36 f6 53 92 01 0f 00 00 cf 40 00 00 04 7e 98 56 d6 02 07 00 00 06 00 00 cf 40 00 00 04 a4 fa ff d8 03 08 00 00 05 cf 40 00 00 04 a4 fa ff d7 00 04 00 00 cf 40 00 00 04 a4 fa ff d9 03 08 00 00 05 cf 40 00 00 04 a4 fa ff d7 00 04 00 00 cf 40 00 00 04 bc 0c 26 9c 01 04 00 00 cf 40 00 00 04 e1 a0 d1 3b 01 04 00 00 cf 40 00 00 04 e1 a0 d1 3c 01 04 00 00 cf 40 00 00 04 e1 a0 d1 4c 01 02 00 00 cf 40 00 00 05 3a 7f ac 13 01 03 00 00 cf 40 00 00 05 5e c4 a5 13 01 05 cf 40 00 00 05 5e c4 a5 10 00 cf 40 00 00 05 7b 5c 49 47 01 04 00 00 cf 40 00 00 05 7b 5c 49 69 01 04 00 00 cf 40 00 00 05 95 02 24 ae 01 02 00 00 cf 40 00 00 05 a1 98 cd 3f 01 06 00 00 cf 40 00 00 05 df a8 40 a2 01 03 00 00 cf 40 00 00 06 70 40 8c 37 03 08 00 00 02 00 00 03 00 00 cf 40 00 00 07 6b cb c6 2b 01 04 00 00 cf 40 00 00 07 6b cb c6 2c 01 04 00 00 cf 40 00 00 07 6b cb c6 2d 01 12 00 00 cf 40 00 00 07 6b cb c6 2e 01 04 00 00 cf 40 00 00 07 72 17 08 44 01 03 00 00 cf 40 00 00 07 99 0f 3a 6d 01 05 cf 40 00 00 07 6b b3 4a 2d 00 cf 40 00 00 07 b2 2b c1 9e 01 12 00 00 cf 40 00 00 07 b2 2b c1 a4 01 04 00 00 cf 40 00 00 07 ec 50 18 d7 05 08 00 00 06 00 00 08 00 00 06 00 00 03 00 00 cf 40 00 00 08 62 3c 1a e1 05 08 00 00 02 00 00 08 00 00 05 cf 40 00 00 04 a4 fa ff d7 00 04 00 00 cf 40 00 00 08 6a bb fd 29 01 0f 00 00 cf 40 00 00 08 f7 bc 2e 23 02 07 00 00 06 00 00 cf 40 00 00 09 6b e4 82 25 02 07 00 00 02 00 00 cf 40 00 00 09 ef fe 8f fa 01 03 00 00 cf 40 00 00 0a 1d 6b 49 20 01 01 00 00 cf 40 00 00 0a 3a 8f 4e b7 01 12 00 00 cf 40 00 00 0a 4e 63 e8 2a 01 01 00 00 cf 40 00 00 0a 4e e2 8d fa 01 01 00 00 cf 40 00 00 0a 4e e2 8d fc 01 03 00 00 cf 40 00 00 0a bb e5 5a 97 02 07 00 00 05 cf 40 00 00 09 84 08 51 57 00 cf 40 00 00 0a f1 ab d5 57 01 02 00 00 cf 40 00 00 0b 15 c6 14 f8 02 07 00 00 01 00 00 cf 40 00 00 0b 73 3b dc fa 01 02 00 00 cf 40 00 00 0b ec 8f 20 d8 01 02 00 00 cf 40 00 00 0c 66 e1 90 29 01 04 00 00 cf 40 00 00 0c ec 9e b5 87 01 05 cf 40 00 00 0c ec 41 a1 67 00 cf 40 00 00 0e 58 29 39 a7 01 01 00 00 cf 40 00 00 0e d3 cb d3 91 01 04 00 00 cf 40 00 00 0e d3 cb d3 92 01 04 00 00 cf 40 00 00 0e d3 cb d3 93 01 04 00 00 cf 40 00 00 0f 14 6e 15 bf 05 08 00 00 05 cf 40 00 00 04 a4 fa ff d7 00 08 00 00 01 00 00 04 00 00 cf 40 00 00 0f 14 6e 15 c0 05 08 00 00 05 cf 40 00 00 04 a4 fa ff d7 00 08 00 00 01 00 00 04 00 00 cf 40 00 00 0f 9c 0c 62 e7 01 03 00 00 cf 40 00 00 10 36 f1 a2 42 01 01 00 00 cf 40 00 00 10 52 0a 47 7f 01 02 00 00 cf 40 00 00 11 59 e2 d5 a7 01 03 00 00 cf 40 00 00 11 8a 7e 60 88 01 0f 00 00 cf 40 00 00 11 8a 7e 60 89 03 08 00 00 01 00 00 02 00 00 cf 40 00 00 11 8a 7e 60 8a 03 08 00 00 01 00 00 02 00 00 cf 40 00 00 11 8d 87 0c a7 03 08 00 00 01 00 00 05 cf 40 00 00 11 8d 87 0c aa 00 cf 40 00 00 11 8d 87 0c a8 03 08 00 00 01 00 00 02 00 00 cf 40 00 00 11 8d 87 0c a9 03 08 00 00 01 00 00 02 00 00 cf 40 00 00 12 3b 9d 65 07 01 06 00 00 cf 40 00 00 13 f4 e7 5d a5 01 02 00 00 cf 40 00 00 18 a3 8a 2e 51 01 04 00 00 cf 40 00 00 1c bc be 38 41 01 04 00 00 cf 40 00 00 1c e8 77 3a 44 03 08 00 00 01 00 00 03 00 00 cf 40 00 00 20 f9 d8 8c e0 02 07 00 00 01 00 00 cf 40 00 00 27 87 e8 71 73 01 01 00 00 cf 40 00 00 29 d8 d6 e8 d1 01 01 00 00 cf 40 00 00 2a 08 59 62 90 01 02 00 00 cf 40 00 00 35 09 19 7d 40 01 03 00 00 cf 40 00 00 36 02 99 8f 40 01 01 00 00 cf 40 00 00 3d db 09 69 21 01 0f 00 00 cf 40 00 00 3d e3 85 0a c1 03 08 00 00 01 00 00 02 00 00 46 cf 40 00 00 00 00 78 e1 bd 04 cf 40 00 00 00 01 a7 ec 41 cf 40 00 00 00 01 c0 56 0b cf 40 00 00 00 a3 75 5e 34 cf 40 00 00 04 d0 a7 1d 86 63 cb df fe 88 86 01 12 00 00 cb df fe 88 87 01 12 00 00 cf 40 00 00 00 00 9e 1e f2 01 02 00 00 cf 40 00 00 00 00 a7 bb d7 01 02 00 00 cf 40 00 00 00 03 57 3b 73 01 05 cf 40 00 00 00 03 57 3b 1d 00 cf 40 00 00 00 03 60 40 c5 01 03 00 00 cf 40 00 00 00 1e 4b d1 26 01 03 00 00 cf 40 00 00 00 1f d7 9a 97 01 05 cf 40 00 00 00 1f d5 71 1e 00 cf 40 00 00 00 25 6a ee 1a 01 05 cf 40 00 00 0f 57 7c b4 66 00 cf 40 00 00 00 29 98 13 2a 01 04 00 00 cf 40 00 00 00 ba 08 46 d3 01 04 00 00 cf 40 00 00 00 c3 3a aa bf 01 01 00 00 cf 40 00 00 00 cc a7 45 1f 01 0f 00 00 cf 40 00 00 00 f4 fe 40 26 01 05 cf 40 00 00 00 f4 fe 40 05 00 cf 40 00 00 00 f6 71 fd 39 01 02 00 00 cf 40 00 00 00 f7 33 7a 8d 01 05 cf 40 00 00 00 22 64 a5 89 00 cf 40 00 00 00 fa 77 a5 ef 01 01 00 00 cf 40 00 00 00 fd 6f fb c2 01 05 cf 40 00 00 00 fd 6f f1 f3 00 cf 40 00 00 01 63 4e 5e 8e 01 03 00 00 cf 40 00 00 01 65 b9 92 00 01 12 00 00 cf 40 00 00 01 67 37 fa 5c 01 01 00 00 cf 40 00 00 02 5f 4c 8e 09 01 01 00 00 cf 40 00 00 02 64 1f 28 cc 01 01 00 00 cf 40 00 00 02 bb 83 59 98 01 0f 00 00 cf 40 00 00 02 fe e8 76 5f 01 0f 00 00 cf 40 00 00 02 fe e8 76 60 01 0f 00 00 cf 40 00 00 02 fe e8 76 61 01 0f 00 00 cf 40 00 00 03 0b 2b 32 1d 01 01 00 00 cf 40 00 00 03 65 d2 49 be 01 03 00 00 cf 40 00 00 03 75 51 92 a0 01 03 00 00 cf 40 00 00 03 b0 9d 04 17 01 02 00 00 cf 40 00 00 03 d0 b8 ec fa 02 07 00 00 01 00 00 cf 40 00 00 04 35 52 b5 bd 01 0f 00 00 cf 40 00 00 04 3c 5f d3 16 01 0f 00 00 cf 40 00 00 04 a4 fa ff d8 03 08 00 00 05 cf 40 00 00 04 a4 fa ff d7 00 04 00 00 cf 40 00 00 04 a4 fa ff d9 03 08 00 00 05 cf 40 00 00 04 a4 fa ff d7 00 04 00 00 cf 40 00 00 04 bc 0c 26 9c 01 04 00 00 cf 40 00 00 04 d4 5d bc 97 01 05 cf 40 00 00 04 d4 5d bc 93 00 cf 40 00 00 04 d4 5d bc 98 01 02 00 00 cf 40 00 00 05 3a 7f ac 13 01 03 00 00 cf 40 00 00 05 5e c4 a5 13 01 05 cf 40 00 00 05 5e c4 a5 10 00 cf 40 00 00 05 7b 5c 49 47 01 04 00 00 cf 40 00 00 05 7b 5c 49 69 01 04 00 00 cf 40 00 00 05 95 02 24 ae 01 02 00 00 cf 40 00 00 05 a1 98 cd 3f 01 06 00 00 cf 40 00 00 06 70 40 8c 37 03 08 00 00 02 00 00 03 00 00 cf 40 00 00 07 6b cb c6 2b 01 04 00 00 cf 40 00 00 07 6b cb c6 2c 01 04 00 00 cf 40 00 00 07 6b cb c6 2d 01 12 00 00 cf 40 00 00 07 6b cb c6 2e 01 04 00 00 cf 40 00 00 07 72 17 08 44 01 03 00 00 cf 40 00 00 07 99 0f 3a 6d 01 05 cf 40 00 00 07 6b b3 4a 2d 00 cf 40 00 00 07 b2 2b c1 9e 01 12 00 00 cf 40 00 00 07 b2 2b c1 a4 01 04 00 00 cf 40 00 00 08 62 3c 1a e1 05 08 00 00 02 00 00 08 00 00 05 cf 40 00 00 04 a4 fa ff d7 00 04 00 00 cf 40 00 00 08 f7 bc 2e 23 02 07 00 00 06 00 00 cf 40 00 00 09 6b e4 82 25 02 07 00 00 02 00 00 cf 40 00 00 09 ef fe 8f fa 01 03 00 00 cf 40 00 00 09 f4 78 7f 58 01 01 00 00 cf 40 00 00 0a 1d 6b 49 20 01 01 00 00 cf 40 00 00 0a 4e 63 e8 2a 01 01 00 00 cf 40 00 00 0a 4e e2 8d fa 01 01 00 00 cf 40 00 00 0a 4e e2 8d fc 01 03 00 00 cf 40 00 00 0a bb e5 5a 97 02 07 00 00 05 cf 40 00 00 09 84 08 51 57 00 cf 40 00 00 0a f1 ab d5 57 01 02 00 00 cf 40 00 00 0b 15 c6 14 f8 02 07 00 00 01 00 00 cf 40 00 00 0b 73 3b dc fa 01 02 00 00 cf 40 00 00 0b ec 8f 20 d8 01 02 00 00 cf 40 00 00 0c 66 e1 90 29 01 04 00 00 cf 40 00 00 0c ec 9e b5 87 01 05 cf 40 00 00 0c ec 41 a1 67 00 cf 40 00 00 0e d3 cb d3 91 01 04 00 00 cf 40 00 00 0e d3 cb d3 92 01 04 00 00 cf 40 00 00 0e d3 cb d3 93 01 04 00 00 cf 40 00 00 0f 14 6e 15 bf 05 08 00 00 05 cf 40 00 00 04 a4 fa ff d7 00 08 00 00 01 00 00 04 00 00 cf 40 00 00 0f 14 6e 15 c0 05 08 00 00 05 cf 40 00 00 04 a4 fa ff d7 00 08 00 00 01 00 00 04 00 00 cf 40 00 00 0f 9c 0c 62 e7 01 03 00 00 cf 40 00 00 10 36 f1 a2 42 01 01 00 00 cf 40 00 00 10 52 0a 47 7f 01 02 00 00 cf 40 00 00 11 59 e2 d5 a7 01 03 00 00 cf 40 00 00 11 8a 7e 60 88 01 0f 00 00 cf 40 00 00 11 8a 7e 60 89 03 08 00 00 01 00 00 02 00 00 cf 40 00 00 11 8a 7e 60 8a 03 08 00 00 01 00 00 02 00 00 cf 40 00 00 11 8d 87 0c a7 03 08 00 00 01 00 00 05 cf 40 00 00 11 8d 87 0c aa 00 cf 40 00 00 11 8d 87 0c a8 03 08 00 00 01 00 00 02 00 00 cf 40 00 00 11 8d 87 0c a9 03 08 00 00 01 00 00 02 00 00 cf 40 00 00 13 f4 e7 5d a5 01 02 00 00 cf 40 00 00 18 a3 8a 2e 51 01 04 00 00 cf 40 00 00 1b 6a d0 d2 02 02 07 00 00 02 00 00 cf 40 00 00 1c bc be 38 41 01 04 00 00 cf 40 00 00 1c e8 77 3a 44 03 08 00 00 01 00 00 03 00 00 cf 40 00 00 20 f9 d8 8c e0 02 07 00 00 01 00 00 cf 40 00 00 27 87 e8 71 73 01 01 00 00 cf 40 00 00 27 9d 9b b5 e2 01 05 cf 40 00 00 00 2e 2c 1b fc 00 cf 40 00 00 29 d8 d6 e8 d1 01 01 00 00 cf 40 00 00 2a 08 59 62 90 01 02 00 00 cf 40 00 00 34 b2 1f 41 0c 03 08 00 00 01 00 00 02 00 00 cf 40 00 00 34 b2 1f 41 0e 03 08 00 00 01 00 00 02 00 00 cf 40 00 00 36 02 99 8f 40 01 01 00 00 cf 40 00 00 3d e3 85 0a c1 03 08 00 00 01 00 00 02 00 00 47 cf 40 00 00 00 02 75 4e e0 01 cf 80 00 00 00 00 70 5e f5 0a cf 40 00 00 00 03 60 ad ec 01 06 00 00 cf 40 00 00 00 39 5b 94 8e 01 05 cf 40 00 00 00 01 2c 7b 3f 00 cf 40 00 00 00 4c 2e c1 f0 01 01 00 00 cf 40 00 00 01 65 b9 9c 4c 01 12 00 00 cf 40 00 00 04 09 a2 04 71 01 15 00 00 cf 40 00 00 0c b4 97 42 df 01 15 00 00 cf 40 00 00 0d fb 2b 27 c1 01 02 00 00 cf 40 00 00 34 e4 9f df 91 01 03 00 00 cf 40 00 00 48 b6 8a 25 20 01 0f 00 00 cf 80 00 00 00 00 a1 a6 3f 01 01 00 00 48 cf 40 00 00 02 76 69 d5 f2 02 cf 40 00 00 00 01 c0 56 0b cf 40 00 00 08 a7 97 36 dd 14 cf 40 00 00 02 64 1f 28 cc 01 01 00 00 cf 40 00 00 02 76 69 d5 ee 01 12 00 00 cf 40 00 00 02 76 69 d5 ef 01 12 00 00 cf 40 00 00 02 76 69 d5 f4 01 06 00 00 cf 40 00 00 02 8c 42 2e 74 01 06 00 00 cf 40 00 00 03 0b 2b 32 1d 01 01 00 00 cf 40 00 00 03 d9 a0 97 21 01 06 00 00 cf 40 00 00 04 67 79 74 a6 01 06 00 00 cf 40 00 00 04 67 79 74 a7 01 06 00 00 cf 40 00 00 07 10 d3 bd 6e 01 01 00 00 cf 40 00 00 07 10 d3 bd 72 01 05 cf 40 00 00 07 10 d3 bd 71 00 cf 40 00 00 07 e4 fa 59 2e 01 03 00 00 cf 40 00 00 08 a7 97 36 dc 01 05 cf 40 00 00 08 25 76 39 bb 00 cf 40 00 00 09 f4 78 7f 58 01 01 00 00 cf 40 00 00 09 f4 78 7f 6a 01 01 00 00 cf 40 00 00 0a 1d 6b 49 24 01 01 00 00 cf 40 00 00 0a 2d 7b 87 77 01 01 00 00 cf 40 00 00 0a 2d 7b 87 97 01 01 00 00 cf 40 00 00 10 d1 f2 1d 47 01 05 cf 40 00 00 07 6b b3 4a 2d 00 cf 40 00 00 29 d8 d6 e8 d1 01 01 00 00 49 cf 40 00 00 02 76 69 d5 f2 02 cf 40 00 00 00 01 c0 56 0b cf 40 00 00 05 c7 1f bb 91 1b cf 40 00 00 02 64 1f 28 cc 01 01 00 00 cf 40 00 00 02 76 69 d5 ee 01 12 00 00 cf 40 00 00 02 76 69 d5 ef 01 12 00 00 cf 40 00 00 02 76 69 d5 f4 01 06 00 00 cf 40 00 00 02 8c 42 2e 74 01 06 00 00 cf 40 00 00 03 0b 2b 32 1d 01 01 00 00 cf 40 00 00 03 d9 a0 97 21 01 06 00 00 cf 40 00 00 04 67 79 74 a6 01 06 00 00 cf 40 00 00 04 67 79 74 a7 01 06 00 00 cf 40 00 00 05 ce 74 90 56 01 0f 00 00 cf 40 00 00 06 0b e8 60 4c 01 03 00 00 cf 40 00 00 06 0b e8 60 4e 01 12 00 00 cf 40 00 00 06 0b e8 60 5c 01 05 cf 40 00 00 02 c4 61 f7 f4 00 cf 40 00 00 06 17 90 fe a3 01 02 00 00 cf 40 00 00 07 10 d3 bd 6e 01 01 00 00 cf 40 00 00 07 10 d3 bd 72 01 05 cf 40 00 00 07 10 d3 bd 71 00 cf 40 00 00 07 70 31 cd 75 01 03 00 00 cf 40 00 00 07 a7 7e e8 35 02 07 00 00 02 00 00 cf 40 00 00 07 b0 34 37 5c 01 0f 00 00 cf 40 00 00 07 e4 fa 59 2e 01 03 00 00 cf 40 00 00 09 f4 78 7f 58 01 01 00 00 cf 40 00 00 09 f4 78 7f 6a 01 01 00 00 cf 40 00 00 0a 1d 6b 49 24 01 01 00 00 cf 40 00 00 0a 2d 7b 87 77 01 01 00 00 cf 40 00 00 0a 2d 7b 87 97 01 01 00 00 cf 40 00 00 10 d1 f2 1d 47 01 05 cf 40 00 00 07 6b b3 4a 2d 00 cf 40 00 00 29 d8 d6 e8 d1 01 01 00 00 4a cf 40 00 00 04 95 0f 60 70 03 cf 40 00 00 00 01 c0 56 0b cf 40 00 00 01 ed b2 e9 b6 cf 40 00 00 09 ef fe 90 0d 19 cf 40 00 00 02 64 1f 28 cc 01 01 00 00 cf 40 00 00 02 76 69 d5 ee 01 12 00 00 cf 40 00 00 02 76 69 d5 ef 01 12 00 00 cf 40 00 00 02 76 69 d5 f4 01 06 00 00 cf 40 00 00 02 8c 42 2e 74 01 06 00 00 cf 40 00 00 03 0b 2b 32 1d 01 01 00 00 cf 40 00 00 03 d9 a0 97 21 01 06 00 00 cf 40 00 00 04 67 79 74 a6 01 06 00 00 cf 40 00 00 04 67 79 74 a7 01 06 00 00 cf 40 00 00 04 95 0f 60 7a 02 07 00 00 09 cf 40 00 00 04 95 0f 60 74 2c cf 40 00 00 04 95 0f 60 7c 04 08 00 00 06 00 00 07 00 00 09 cf 40 00 00 04 95 0f 60 71 2d cf 40 00 00 04 96 1d 75 16 01 06 00 00 cf 40 00 00 07 10 d3 bd 6e 01 01 00 00 cf 40 00 00 07 10 d3 bd 72 01 05 cf 40 00 00 07 10 d3 bd 71 00 cf 40 00 00 07 e4 fa 59 2e 01 03 00 00 cf 40 00 00 08 83 c6 3e 6f 01 03 00 00 cf 40 00 00 09 ae 2f 55 5a 01 02 00 00 cf 40 00 00 09 f4 78 7f 58 01 01 00 00 cf 40 00 00 09 f4 78 7f 6a 01 01 00 00 cf 40 00 00 0a 1d 6b 49 24 01 01 00 00 cf 40 00 00 0a 2d 7b 87 77 01 01 00 00 cf 40 00 00 0a 2d 7b 87 97 01 01 00 00 cf 40 00 00 10 d1 f2 1d 47 01 05 cf 40 00 00 07 6b b3 4a 2d 00 cf 40 00 00 27 87 e8 71 73 01 01 00 00 cf 40 00 00 29 d8 d6 e8 d1 01 01 00 00 4b cf 40 00 00 11 46 cb 71 cb 00 04 cf 40 00 00 02 55 db 91 ef 02 07 00 00 01 00 00 cf 40 00 00 02 58 98 16 0c 01 01 00 00 cf 40 00 00 02 64 1f 28 cc 01 01 00 00 cf 40 00 00 13 d3 87 f8 45 01 05 cf 40 00 00 07 7c df 59 3a 00 4c cf 40 00 00 04 95 0f 60 70 03 cf 40 00 00 00 01 c0 56 0b cf 40 00 00 00 24 fb 5a b5 cf 40 00 00 01 ed b2 e9 b6 1d cf 40 00 00 01 d1 d4 2a 24 01 06 00 00 cf 40 00 00 02 64 1f 28 cc 01 01 00 00 cf 40 00 00 02 76 69 d5 ee 01 12 00 00 cf 40 00 00 02 76 69 d5 ef 01 12 00 00 cf 40 00 00 02 76 69 d5 f4 01 06 00 00 cf 40 00 00 02 8c 42 2e 74 01 06 00 00 cf 40 00 00 03 0b 2b 32 1d 01 01 00 00 cf 40 00 00 03 d9 a0 97 21 01 06 00 00 cf 40 00 00 04 67 79 74 a6 01 06 00 00 cf 40 00 00 04 67 79 74 a7 01 06 00 00 cf 40 00 00 04 7e 98 56 d6 02 07 00 00 06 00 00 cf 40 00 00 04 95 0f 60 7a 02 07 00 00 09 cf 40 00 00 04 95 0f 60 74 2c cf 40 00 00 04 95 0f 60 7c 04 08 00 00 06 00 00 07 00 00 09 cf 40 00 00 04 95 0f 60 71 2d cf 40 00 00 04 96 1d 75 16 01 06 00 00 cf 40 00 00 07 10 d3 bd 6e 01 01 00 00 cf 40 00 00 07 10 d3 bd 72 01 05 cf 40 00 00 07 10 d3 bd 71 00 cf 40 00 00 07 e4 fa 59 2e 01 03 00 00 cf 40 00 00 07 ec 50 18 d7 05 08 00 00 06 00 00 08 00 00 06 00 00 03 00 00 cf 40 00 00 08 83 c6 3e 6f 01 03 00 00 cf 40 00 00 09 ae 2f 55 5a 01 02 00 00 cf 40 00 00 09 f4 78 7f 58 01 01 00 00 cf 40 00 00 09 f4 78 7f 6a 01 01 00 00 cf 40 00 00 0a 1d 6b 49 24 01 01 00 00 cf 40 00 00 0a 2d 7b 87 77 01 01 00 00 cf 40 00 00 0a 2d 7b 87 97 01 01 00 00 cf 40 00 00 10 d1 f2 1d 47 01 05 cf 40 00 00 07 6b b3 4a 2d 00 cf 40 00 00 12 3b 9d 65 07 01 06 00 00 cf 40 00 00 27 87 e8 71 73 01 01 00 00 cf 40 00 00 29 d8 d6 e8 d1 01 01 00 00 4d cf 40 00 00 11 2e 25 ef 67 00 06 cf 40 00 00 0f 99 b7 c4 99 01 0f 00 00 cf 40 00 00 11 2e 25 ef 68 02 07 00 00 0f 00 00 cf 40 00 00 11 32 0e e9 67 01 01 00 00 cf 40 00 00 11 33 04 94 07 02 07 00 00 02 00 00 cf 40 00 00 30 68 bf d3 20 01 02 00 00 cf 40 00 00 33 27 de c1 d8 02 07 00 00 09 cf 40 00 00 11 33 23 18 a4 4e 4e cf 40 00 00 11 33 23 18 a4 00 02 cf 40 00 00 11 33 04 94 0a 01 01 00 00 cf 40 00 00 11 33 04 94 0b 01 02 00 00 4f cf 40 00 00 04 48 47 01 4d 00 04 cf 40 00 00 13 bc 07 6d e5 03 08 00 00 01 00 00 02 00 00 cf 40 00 00 27 8f 83 01 c0 03 08 00 00 01 00 00 02 00 00 cf 40 00 00 30 78 60 fc 04 01 01 00 00 cf 40 00 00 30 8c d9 76 81 03 08 00 00 05 cf 40 00 00 0b 60 2a 93 b2 00 04 00 00 50 cf 40 00 00 04 95 0f 60 70 04 cf 40 00 00 00 01 c0 56 0b cf 40 00 00 00 24 fb 5a b5 cf 40 00 00 01 ed b2 e9 b6 cf 40 00 00 09 ef fe 90 0d 1d cf 40 00 00 01 d1 d4 2a 24 01 06 00 00 cf 40 00 00 02 64 1f 28 cc 01 01 00 00 cf 40 00 00 02 76 69 d5 ee 01 12 00 00 cf 40 00 00 02 76 69 d5 ef 01 12 00 00 cf 40 00 00 02 76 69 d5 f4 01 06 00 00 cf 40 00 00 02 8c 42 2e 74 01 06 00 00 cf 40 00 00 03 0b 2b 32 1d 01 01 00 00 cf 40 00 00 03 d9 a0 97 21 01 06 00 00 cf 40 00 00 04 67 79 74 a6 01 06 00 00 cf 40 00 00 04 67 79 74 a7 01 06 00 00 cf 40 00 00 04 7e 98 56 d6 02 07 00 00 06 00 00 cf 40 00 00 04 95 0f 60 7a 02 07 00 00 09 cf 40 00 00 04 95 0f 60 74 2c cf 40 00 00 04 95 0f 60 7c 04 08 00 00 06 00 00 07 00 00 09 cf 40 00 00 04 95 0f 60 71 2d cf 40 00 00 04 96 1d 75 16 01 06 00 00 cf 40 00 00 07 10 d3 bd 6e 01 01 00 00 cf 40 00 00 07 10 d3 bd 72 01 05 cf 40 00 00 07 10 d3 bd 71 00 cf 40 00 00 07 e4 fa 59 2e 01 03 00 00 cf 40 00 00 07 ec 50 18 d7 05 08 00 00 06 00 00 08 00 00 06 00 00 03 00 00 cf 40 00 00 08 83 c6 3e 6f 01 03 00 00 cf 40 00 00 09 ae 2f 55 5a 01 02 00 00 cf 40 00 00 09 f4 78 7f 58 01 01 00 00 cf 40 00 00 09 f4 78 7f 6a 01 01 00 00 cf 40 00 00 0a 1d 6b 49 24 01 01 00 00 cf 40 00 00 0a 2d 7b 87 77 01 01 00 00 cf 40 00 00 0a 2d 7b 87 97 01 01 00 00 cf 40 00 00 10 d1 f2 1d 47 01 05 cf 40 00 00 07 6b b3 4a 2d 00 cf 40 00 00 12 3b 9d 65 07 01 06 00 00 cf 40 00 00 27 87 e8 71 73 01 01 00 00 cf 40 00 00 29 d8 d6 e8 d1 01 01 00 00 51 cf 40 00 00 02 76 69 d5 f2 03 cf 40 00 00 00 01 c0 56 0b cf 40 00 00 00 24 fb 5a b5 cf 40 00 00 01 ed b2 e9 b6 18 cf 40 00 00 01 d1 d4 2a 24 01 06 00 00 cf 40 00 00 02 64 1f 28 cc 01 01 00 00 cf 40 00 00 02 76 69 d5 ee 01 12 00 00 cf 40 00 00 02 76 69 d5 ef 01 12 00 00 cf 40 00 00 02 76 69 d5 f4 01 06 00 00 cf 40 00 00 02 8c 42 2e 74 01 06 00 00 cf 40 00 00 03 0b 2b 32 1d 01 01 00 00 cf 40 00 00 03 d9 a0 97 21 01 06 00 00 cf 40 00 00 04 67 79 74 a6 01 06 00 00 cf 40 00 00 04 67 79 74 a7 01 06 00 00 cf 40 00 00 04 7e 98 56 d6 02 07 00 00 06 00 00 cf 40 00 00 07 10 d3 bd 6e 01 01 00 00 cf 40 00 00 07 10 d3 bd 72 01 05 cf 40 00 00 07 10 d3 bd 71 00 cf 40 00 00 07 e4 fa 59 2e 01 03 00 00 cf 40 00 00 07 ec 50 18 d7 05 08 00 00 06 00 00 08 00 00 06 00 00 03 00 00 cf 40 00 00 09 f4 78 7f 58 01 01 00 00 cf 40 00 00 09 f4 78 7f 6a 01 01 00 00 cf 40 00 00 0a 1d 6b 49 24 01 01 00 00 cf 40 00 00 0a 2d 7b 87 77 01 01 00 00 cf 40 00 00 0a 2d 7b 87 97 01 01 00 00 cf 40 00 00 10 d1 f2 1d 47 01 05 cf 40 00 00 07 6b b3 4a 2d 00 cf 40 00 00 12 3b 9d 65 07 01 06 00 00 cf 40 00 00 27 87 e8 71 73 01 01 00 00 cf 40 00 00 29 d8 d6 e8 d1 01 01 00 00 52 cf 40 00 00 04 95 0f 60 70 03 cf 40 00 00 00 01 c0 56 0b cf 40 00 00 00 a3 75 5e 34 cf 40 00 00 01 ed b2 e9 b6 1d cf 40 00 00 02 64 1f 28 cc 01 01 00 00 cf 40 00 00 02 76 69 d5 ee 01 12 00 00 cf 40 00 00 02 76 69 d5 ef 01 12 00 00 cf 40 00 00 02 76 69 d5 f4 01 06 00 00 cf 40 00 00 02 8c 42 2e 74 01 06 00 00 cf 40 00 00 03 0b 2b 32 1d 01 01 00 00 cf 40 00 00 03 d9 a0 97 21 01 06 00 00 cf 40 00 00 04 3c 5f d3 16 01 0f 00 00 cf 40 00 00 04 67 79 74 a6 01 06 00 00 cf 40 00 00 04 67 79 74 a7 01 06 00 00 cf 40 00 00 04 95 0f 60 7a 02 07 00 00 09 cf 40 00 00 04 95 0f 60 74 2c cf 40 00 00 04 95 0f 60 7c 04 08 00 00 06 00 00 07 00 00 09 cf 40 00 00 04 95 0f 60 71 2d cf 40 00 00 04 96 1d 75 16 01 06 00 00 cf 40 00 00 04 d4 5d bc 97 01 05 cf 40 00 00 04 d4 5d bc 93 00 cf 40 00 00 04 d4 5d bc 98 01 02 00 00 cf 40 00 00 07 10 d3 bd 6e 01 01 00 00 cf 40 00 00 07 10 d3 bd 72 01 05 cf 40 00 00 07 10 d3 bd 71 00 cf 40 00 00 07 e4 fa 59 2e 01 03 00 00 cf 40 00 00 08 83 c6 3e 6f 01 03 00 00 cf 40 00 00 09 ae 2f 55 5a 01 02 00 00 cf 40 00 00 09 f4 78 7f 58 01 01 00 00 cf 40 00 00 09 f4 78 7f 6a 01 01 00 00 cf 40 00 00 0a 1d 6b 49 24 01 01 00 00 cf 40 00 00 0a 2d 7b 87 77 01 01 00 00 cf 40 00 00 0a 2d 7b 87 97 01 01 00 00 cf 40 00 00 10 d1 f2 1d 47 01 05 cf 40 00 00 07 6b b3 4a 2d 00 cf 40 00 00 27 87 e8 71 73 01 01 00 00 cf 40 00 00 27 9d 9b b5 e2 01 05 cf 40 00 00 00 2e 2c 1b fc 00 cf 40 00 00 29 d8 d6 e8 d1 01 01 00 00 53 cf 40 00 00 00 02 75 4e e0 01 cf 40 00 00 04 bc ca e2 b3 09 cf 40 00 00 00 39 5b 94 8e 01 05 cf 40 00 00 00 01 2c 7b 3f 00 cf 40 00 00 00 4c 2e c1 f0 01 01 00 00 cf 40 00 00 01 65 b9 9c 4c 01 12 00 00 cf 40 00 00 04 09 a2 04 71 01 15 00 00 cf 40 00 00 0c b4 97 42 df 01 15 00 00 cf 40 00 00 0d fb 2b 27 c1 01 02 00 00 cf 40 00 00 34 e4 9f df 91 01 03 00 00 cf 40 00 00 48 b6 8a 25 20 01 0f 00 00 cf 80 00 00 00 00 a1 a6 3f 01 01 00 00 54 cf 40 00 00 02 4d 0a b8 a0 00 29 cf 40 00 00 00 cc a7 45 1f 01 0f 00 00 cf 40 00 00 00 f6 71 fd 39 01 02 00 00 cf 40 00 00 01 65 b9 92 00 01 12 00 00 cf 40 00 00 02 61 00 fb a8 01 06 00 00 cf 40 00 00 02 61 01 00 92 01 04 00 00 cf 40 00 00 02 64 1f 28 cc 01 01 00 00 cf 40 00 00 02 fe e8 76 5f 01 0f 00 00 cf 40 00 00 02 fe e8 76 60 01 0f 00 00 cf 40 00 00 02 fe e8 76 61 01 0f 00 00 cf 40 00 00 03 82 d7 ca b6 01 01 00 00 cf 40 00 00 03 b0 9d 04 17 01 02 00 00 cf 40 00 00 03 fb 47 b3 76 01 03 00 00 cf 40 00 00 04 05 0e 24 71 01 05 cf 40 00 00 04 05 0e 24 70 00 cf 40 00 00 04 35 52 b5 bd 01 0f 00 00 cf 40 00 00 04 a4 fa ff d8 03 08 00 00 05 cf 40 00 00 04 a4 fa ff d7 00 04 00 00 cf 40 00 00 04 a4 fa ff d9 03 08 00 00 05 cf 40 00 00 04 a4 fa ff d7 00 04 00 00 cf 40 00 00 04 bc 0c 26 9c 01 04 00 00 cf 40 00 00 05 7b 5c 49 47 01 04 00 00 cf 40 00 00 05 7b 5c 49 69 01 04 00 00 cf 40 00 00 06 70 40 8c 37 03 08 00 00 02 00 00 03 00 00 cf 40 00 00 06 c9 d8 08 69 01 03 00 00 cf 40 00 00 07 99 0f 3a 6d 01 05 cf 40 00 00 07 6b b3 4a 2d 00 cf 40 00 00 08 62 3c 1a e1 05 08 00 00 02 00 00 08 00 00 05 cf 40 00 00 04 a4 fa ff d7 00 04 00 00 cf 40 00 00 09 6b e4 82 25 02 07 00 00 02 00 00 cf 40 00 00 0a 1d 6b 49 20 01 01 00 00 cf 40 00 00 0a f1 ab d5 57 01 02 00 00 cf 40 00 00 0b 73 3b dc fa 01 02 00 00 cf 40 00 00 0b 7f 53 df 1d 01 02 00 00 cf 40 00 00 0d 49 e5 aa d0 01 01 00 00 cf 40 00 00 0f 14 6e 15 bf 05 08 00 00 05 cf 40 00 00 04 a4 fa ff d7 00 08 00 00 01 00 00 04 00 00 cf 40 00 00 0f 14 6e 15 c0 05 08 00 00 05 cf 40 00 00 04 a4 fa ff d7 00 08 00 00 01 00 00 04 00 00 cf 40 00 00 11 8a 7e 60 88 01 0f 00 00 cf 40 00 00 11 8a 7e 60 89 03 08 00 00 01 00 00 02 00 00 cf 40 00 00 11 8a 7e 60 8a 03 08 00 00 01 00 00 02 00 00 cf 40 00 00 11 8d 87 0c a7 03 08 00 00 01 00 00 05 cf 40 00 00 11 8d 87 0c aa 00 cf 40 00 00 11 8d 87 0c a8 03 08 00 00 01 00 00 02 00 00 cf 40 00 00 11 8d 87 0c a9 03 08 00 00 01 00 00 02 00 00 cf 40 00 00 1c e8 77 3a 44 03 08 00 00 01 00 00 03 00 00 cf 40 00 00 20 f9 d8 8c e0 02 07 00 00 01 00 00 cf 40 00 00 29 d8 d6 e8 d1 01 01 00 00 cf 40 00 00 3d e3 85 0a c1 03 08 00 00 01 00 00 02 00 00 55 cf 40 00 00 00 02 75 4e e0 02 cf 40 00 00 04 b0 ac c6 10 cf 40 00 00 29 eb 63 4a c0 09 cf 40 00 00 00 39 5b 94 8e 01 05 cf 40 00 00 00 01 2c 7b 3f 00 cf 40 00 00 00 4c 2e c1 f0 01 01 00 00 cf 40 00 00 01 65 b9 9c 4c 01 12 00 00 cf 40 00 00 04 09 a2 04 71 01 15 00 00 cf 40 00 00 0c b4 97 42 df 01 15 00 00 cf 40 00 00 0d fb 2b 27 c1 01 02 00 00 cf 40 00 00 34 e4 9f df 91 01 03 00 00 cf 40 00 00 48 b6 8a 25 20 01 0f 00 00 cf 80 00 00 00 00 a1 a6 3f 01 01 00 00 56 cf 40 00 00 00 02 75 4e e0 03 cf 40 00 00 04 b0 ac c6 10 cf 40 00 00 04 bc ca e2 b3 cf 80 00 00 00 00 70 5e f5 0a cf 40 00 00 00 03 60 ad ec 01 06 00 00 cf 40 00 00 00 39 5b 94 8e 01 05 cf 40 00 00 00 01 2c 7b 3f 00 cf 40 00 00 00 4c 2e c1 f0 01 01 00 00 cf 40 00 00 01 65 b9 9c 4c 01 12 00 00 cf 40 00 00 04 09 a2 04 71 01 15 00 00 cf 40 00 00 0c b4 97 42 df 01 15 00 00 cf 40 00 00 0d fb 2b 27 c1 01 02 00 00 cf 40 00 00 34 e4 9f df 91 01 03 00 00 cf 40 00 00 48 b6 8a 25 20 01 0f 00 00 cf 80 00 00 00 00 a1 a6 3f 01 01 00 00 57 cf 40 00 00 11 21 79 ea a7 00 04 cf 40 00 00 02 55 db 91 ef 02 07 00 00 01 00 00 cf 40 00 00 02 58 98 16 0c 01 01 00 00 cf 40 00 00 02 64 1f 28 cc 01 01 00 00 cf 40 00 00 13 d3 87 f8 45 01 05 cf 40 00 00 07 7c df 59 3a 00 58 cf 40 00 00 04 95 0f 60 70 02 cf 40 00 00 00 01 c0 56 0b cf 40 00 00 33 11 dd 0f 4b 18 cf 40 00 00 02 64 1f 28 cc 01 01 00 00 cf 40 00 00 02 76 69 d5 ee 01 12 00 00 cf 40 00 00 02 76 69 d5 ef 01 12 00 00 cf 40 00 00 02 76 69 d5 f4 01 06 00 00 cf 40 00 00 02 8c 42 2e 74 01 06 00 00 cf 40 00 00 03 0b 2b 32 1d 01 01 00 00 cf 40 00 00 03 d9 a0 97 21 01 06 00 00 cf 40 00 00 04 67 79 74 a6 01 06 00 00 cf 40 00 00 04 67 79 74 a7 01 06 00 00 cf 40 00 00 04 95 0f 60 7a 02 07 00 00 09 cf 40 00 00 04 95 0f 60 74 2c cf 40 00 00 04 95 0f 60 7c 04 08 00 00 06 00 00 07 00 00 09 cf 40 00 00 04 95 0f 60 71 2d cf 40 00 00 04 96 1d 75 16 01 06 00 00 cf 40 00 00 07 10 d3 bd 6e 01 01 00 00 cf 40 00 00 07 10 d3 bd 72 01 05 cf 40 00 00 07 10 d3 bd 71 00 cf 40 00 00 07 e4 fa 59 2e 01 03 00 00 cf 40 00 00 08 83 c6 3e 6f 01 03 00 00 cf 40 00 00 09 ae 2f 55 5a 01 02 00 00 cf 40 00 00 09 f4 78 7f 58 01 01 00 00 cf 40 00 00 09 f4 78 7f 6a 01 01 00 00 cf 40 00 00 0a 1d 6b 49 24 01 01 00 00 cf 40 00 00 0a 2d 7b 87 77 01 01 00 00 cf 40 00 00 0a 2d 7b 87 97 01 01 00 00 cf 40 00 00 10 d1 f2 1d 47 01 05 cf 40 00 00 07 6b b3 4a 2d 00 cf 40 00 00 29 d8 d6 e8 d1 01 01 00 00 59 cf 40 00 00 00 00 78 e1 bd 03 cf 40 00 00 00 01 a7 ec 41 cf 40 00 00 00 01 c0 56 0b cf 40 00 00 05 db b4 97 c4 5f cb df fe 88 86 01 12 00 00 cb df fe 88 87 01 12 00 00 cf 40 00 00 00 00 9e 1e f2 01 02 00 00 cf 40 00 00 00 00 a7 bb d7 01 02 00 00 cf 40 00 00 00 03 57 3b 73 01 05 cf 40 00 00 00 03 57 3b 1d 00 cf 40 00 00 00 03 60 40 c5 01 03 00 00 cf 40 00 00 00 1e 4b d1 26 01 03 00 00 cf 40 00 00 00 1f d7 9a 97 01 05 cf 40 00 00 00 1f d5 71 1e 00 cf 40 00 00 00 25 6a ee 1a 01 05 cf 40 00 00 0f 57 7c b4 66 00 cf 40 00 00 00 29 98 13 2a 01 04 00 00 cf 40 00 00 00 ba 08 46 d3 01 04 00 00 cf 40 00 00 00 c3 3a aa bf 01 01 00 00 cf 40 00 00 00 cc a7 45 1f 01 0f 00 00 cf 40 00 00 00 f4 fe 40 26 01 05 cf 40 00 00 00 f4 fe 40 05 00 cf 40 00 00 00 f6 71 fd 39 01 02 00 00 cf 40 00 00 00 f7 33 7a 8d 01 05 cf 40 00 00 00 22 64 a5 89 00 cf 40 00 00 00 fa 77 a5 ef 01 01 00 00 cf 40 00 00 00 fd 6f fb c2 01 05 cf 40 00 00 00 fd 6f f1 f3 00 cf 40 00 00 01 63 4e 5e 8e 01 03 00 00 cf 40 00 00 01 65 b9 92 00 01 12 00 00 cf 40 00 00 01 67 37 fa 5c 01 01 00 00 cf 40 00 00 02 5f 4c 8e 09 01 01 00 00 cf 40 00 00 02 64 1f 28 cc 01 01 00 00 cf 40 00 00 02 bb 83 59 98 01 0f 00 00 cf 40 00 00 02 fe e8 76 5f 01 0f 00 00 cf 40 00 00 02 fe e8 76 60 01 0f 00 00 cf 40 00 00 02 fe e8 76 61 01 0f 00 00 cf 40 00 00 03 0b 2b 32 1d 01 01 00 00 cf 40 00 00 03 65 d2 49 be 01 03 00 00 cf 40 00 00 03 75 51 92 a0 01 03 00 00 cf 40 00 00 03 b0 9d 04 17 01 02 00 00 cf 40 00 00 03 d0 b8 ec fa 02 07 00 00 01 00 00 cf 40 00 00 04 35 52 b5 bd 01 0f 00 00 cf 40 00 00 04 a4 fa ff d8 03 08 00 00 05 cf 40 00 00 04 a4 fa ff d7 00 04 00 00 cf 40 00 00 04 a4 fa ff d9 03 08 00 00 05 cf 40 00 00 04 a4 fa ff d7 00 04 00 00 cf 40 00 00 04 bc 0c 26 9c 01 04 00 00 cf 40 00 00 05 3a 7f ac 13 01 03 00 00 cf 40 00 00 05 5e c4 a5 13 01 05 cf 40 00 00 05 5e c4 a5 10 00 cf 40 00 00 05 7b 5c 49 47 01 04 00 00 cf 40 00 00 05 7b 5c 49 69 01 04 00 00 cf 40 00 00 05 95 02 24 ae 01 02 00 00 cf 40 00 00 05 a1 98 cd 3f 01 06 00 00 cf 40 00 00 05 db b4 97 c6 01 02 00 00 cf 40 00 00 05 db b4 97 c7 01 05 cf 40 00 00 05 db b4 97 c5 00 cf 40 00 00 05 df a8 40 89 01 06 00 00 cf 40 00 00 06 70 40 8c 37 03 08 00 00 02 00 00 03 00 00 cf 40 00 00 07 6b cb c6 2b 01 04 00 00 cf 40 00 00 07 6b cb c6 2c 01 04 00 00 cf 40 00 00 07 6b cb c6 2d 01 12 00 00 cf 40 00 00 07 6b cb c6 2e 01 04 00 00 cf 40 00 00 07 72 17 08 44 01 03 00 00 cf 40 00 00 07 99 0f 3a 6d 01 05 cf 40 00 00 07 6b b3 4a 2d 00 cf 40 00 00 07 b2 2b c1 9e 01 12 00 00 cf 40 00 00 07 b2 2b c1 a4 01 04 00 00 cf 40 00 00 08 62 3c 1a e1 05 08 00 00 02 00 00 08 00 00 05 cf 40 00 00 04 a4 fa ff d7 00 04 00 00 cf 40 00 00 08 f7 bc 2e 23 02 07 00 00 06 00 00 cf 40 00 00 09 6b e4 82 25 02 07 00 00 02 00 00 cf 40 00 00 09 ef fe 8f fa 01 03 00 00 cf 40 00 00 09 f4 78 7f 58 01 01 00 00 cf 40 00 00 0a 1d 6b 49 20 01 01 00 00 cf 40 00 00 0a 4e 63 e8 2a 01 01 00 00 cf 40 00 00 0a 4e e2 8d fa 01 01 00 00 cf 40 00 00 0a 4e e2 8d fc 01 03 00 00 cf 40 00 00 0a bb e5 5a 97 02 07 00 00 05 cf 40 00 00 09 84 08 51 57 00 cf 40 00 00 0a f1 ab d5 57 01 02 00 00 cf 40 00 00 0b 15 c6 14 f8 02 07 00 00 01 00 00 cf 40 00 00 0b 73 3b dc fa 01 02 00 00 cf 40 00 00 0b ec 8f 20 d8 01 02 00 00 cf 40 00 00 0c 66 e1 90 29 01 04 00 00 cf 40 00 00 0c ec 9e b5 87 01 05 cf 40 00 00 0c ec 41 a1 67 00 cf 40 00 00 0e d3 cb d3 91 01 04 00 00 cf 40 00 00 0e d3 cb d3 92 01 04 00 00 cf 40 00 00 0e d3 cb d3 93 01 04 00 00 cf 40 00 00 0f 14 6e 15 bf 05 08 00 00 05 cf 40 00 00 04 a4 fa ff d7 00 08 00 00 01 00 00 04 00 00 cf 40 00 00 0f 14 6e 15 c0 05 08 00 00 05 cf 40 00 00 04 a4 fa ff d7 00 08 00 00 01 00 00 04 00 00 cf 40 00 00 0f 9c 0c 62 e7 01 03 00 00 cf 40 00 00 10 36 f1 a2 42 01 01 00 00 cf 40 00 00 10 52 0a 47 7f 01 02 00 00 cf 40 00 00 11 59 e2 d5 a7 01 03 00 00 cf 40 00 00 11 8a 7e 60 88 01 0f 00 00 cf 40 00 00 11 8a 7e 60 89 03 08 00 00 01 00 00 02 00 00 cf 40 00 00 11 8a 7e 60 8a 03 08 00 00 01 00 00 02 00 00 cf 40 00 00 11 8d 87 0c a7 03 08 00 00 01 00 00 05 cf 40 00 00 11 8d 87 0c aa 00 cf 40 00 00 11 8d 87 0c a8 03 08 00 00 01 00 00 02 00 00 cf 40 00 00 11 8d 87 0c a9 03 08 00 00 01 00 00 02 00 00 cf 40 00 00 13 f4 e7 5d a5 01 02 00 00 cf 40 00 00 18 a3 8a 2e 51 01 04 00 00 cf 40 00 00 1c bc be 38 41 01 04 00 00 cf 40 00 00 1c e8 77 3a 44 03 08 00 00 01 00 00 03 00 00 cf 40 00 00 20 f9 d8 8c e0 02 07 00 00 01 00 00 cf 40 00 00 27 87 e8 71 73 01 01 00 00 cf 40 00 00 29 d8 d6 e8 d1 01 01 00 00 cf 40 00 00 2a 08 59 62 90 01 02 00 00 cf 40 00 00 36 02 99 8f 40 01 01 00 00 cf 40 00 00 3d e3 85 0a c1 03 08 00 00 01 00 00 02 00 00 5a cf 40 00 00 00 00 78 e1 bd 04 cf 40 00 00 00 01 a7 ec 41 cf 40 00 00 00 01 c0 56 0b cf 40 00 00 00 24 fb 5a b5 cf 40 00 00 00 a3 75 5e 34 64 cb df fe 88 86 01 12 00 00 cb df fe 88 87 01 12 00 00 cf 40 00 00 00 00 9e 1e f2 01 02 00 00 cf 40 00 00 00 00 a7 bb d7 01 02 00 00 cf 40 00 00 00 03 57 3b 73 01 05 cf 40 00 00 00 03 57 3b 1d 00 cf 40 00 00 00 03 60 40 c5 01 03 00 00 cf 40 00 00 00 1e 4b d1 26 01 03 00 00 cf 40 00 00 00 1f d7 9a 97 01 05 cf 40 00 00 00 1f d5 71 1e 00 cf 40 00 00 00 25 6a ee 1a 01 05 cf 40 00 00 0f 57 7c b4 66 00 cf 40 00 00 00 29 98 13 2a 01 04 00 00 cf 40 00 00 00 ba 08 46 d3 01 04 00 00 cf 40 00 00 00 c3 3a aa bf 01 01 00 00 cf 40 00 00 00 cc a7 45 1f 01 0f 00 00 cf 40 00 00 00 f4 fe 40 26 01 05 cf 40 00 00 00 f4 fe 40 05 00 cf 40 00 00 00 f6 71 fd 39 01 02 00 00 cf 40 00 00 00 f7 33 7a 8d 01 05 cf 40 00 00 00 22 64 a5 89 00 cf 40 00 00 00 fa 77 a5 ef 01 01 00 00 cf 40 00 00 00 fd 6f fb c2 01 05 cf 40 00 00 00 fd 6f f1 f3 00 cf 40 00 00 01 63 4e 5e 8e 01 03 00 00 cf 40 00 00 01 65 b9 92 00 01 12 00 00 cf 40 00 00 01 67 37 fa 5c 01 01 00 00 cf 40 00 00 01 d1 d4 2a 24 01 06 00 00 cf 40 00 00 02 5f 4c 8e 09 01 01 00 00 cf 40 00 00 02 64 1f 28 cc 01 01 00 00 cf 40 00 00 02 bb 83 59 98 01 0f 00 00 cf 40 00 00 02 fe e8 76 5f 01 0f 00 00 cf 40 00 00 02 fe e8 76 60 01 0f 00 00 cf 40 00 00 02 fe e8 76 61 01 0f 00 00 cf 40 00 00 03 0b 2b 32 1d 01 01 00 00 cf 40 00 00 03 65 d2 49 be 01 03 00 00 cf 40 00 00 03 75 51 92 a0 01 03 00 00 cf 40 00 00 03 b0 9d 04 17 01 02 00 00 cf 40 00 00 03 d0 b8 ec fa 02 07 00 00 01 00 00 cf 40 00 00 04 35 52 b5 bd 01 0f 00 00 cf 40 00 00 04 3c 5f d3 16 01 0f 00 00 cf 40 00 00 04 7e 98 56 d6 02 07 00 00 06 00 00 cf 40 00 00 04 a4 fa ff d8 03 08 00 00 05 cf 40 00 00 04 a4 fa ff d7 00 04 00 00 cf 40 00 00 04 a4 fa ff d9 03 08 00 00 05 cf 40 00 00 04 a4 fa ff d7 00 04 00 00 cf 40 00 00 04 bc 0c 26 9c 01 04 00 00 cf 40 00 00 04 d4 5d bc 97 01 05 cf 40 00 00 04 d4 5d bc 93 00 cf 40 00 00 04 d4 5d bc 98 01 02 00 00 cf 40 00 00 05 3a 7f ac 13 01 03 00 00 cf 40 00 00 05 5e c4 a5 13 01 05 cf 40 00 00 05 5e c4 a5 10 00 cf 40 00 00 05 7b 5c 49 47 01 04 00 00 cf 40 00 00 05 7b 5c 49 69 01 04 00 00 cf 40 00 00 05 95 02 24 ae 01 02 00 00 cf 40 00 00 05 a1 98 cd 3f 01 06 00 00 cf 40 00 00 06 70 40 8c 37 03 08 00 00 02 00 00 03 00 00 cf 40 00 00 07 6b cb c6 2b 01 04 00 00 cf 40 00 00 07 6b cb c6 2c 01 04 00 00 cf 40 00 00 07 6b cb c6 2d 01 12 00 00 cf 40 00 00 07 6b cb c6 2e 01 04 00 00 cf 40 00 00 07 72 17 08 44 01 03 00 00 cf 40 00 00 07 99 0f 3a 6d 01 05 cf 40 00 00 07 6b b3 4a 2d 00 cf 40 00 00 07 b2 2b c1 9e 01 12 00 00 cf 40 00 00 07 b2 2b c1 a4 01 04 00 00 cf 40 00 00 07 ec 50 18 d7 05 08 00 00 06 00 00 08 00 00 06 00 00 03 00 00 cf 40 00 00 08 62 3c 1a e1 05 08 00 00 02 00 00 08 00 00 05 cf 40 00 00 04 a4 fa ff d7 00 04 00 00 cf 40 00 00 08 f7 bc 2e 23 02 07 00 00 06 00 00 cf 40 00 00 09 6b e4 82 25 02 07 00 00 02 00 00 cf 40 00 00 09 ef fe 8f fa 01 03 00 00 cf 40 00 00 09 f4 78 7f 58 01 01 00 00 cf 40 00 00 0a 1d 6b 49 20 01 01 00 00 cf 40 00 00 0a 4e 63 e8 2a 01 01 00 00 cf 40 00 00 0a 4e e2 8d fa 01 01 00 00 cf 40 00 00 0a 4e e2 8d fc 01 03 00 00 cf 40 00 00 0a bb e5 5a 97 02 07 00 00 05 cf 40 00 00 09 84 08 51 57 00 cf 40 00 00 0a f1 ab d5 57 01 02 00 00 cf 40 00 00 0b 15 c6 14 f8 02 07 00 00 01 00 00 cf 40 00 00 0b 73 3b dc fa 01 02 00 00 cf 40 00 00 0b ec 8f 20 d8 01 02 00 00 cf 40 00 00 0c 66 e1 90 29 01 04 00 00 cf 40 00 00 0c ec 9e b5 87 01 05 cf 40 00 00 0c ec 41 a1 67 00 cf 40 00 00 0e d3 cb d3 91 01 04 00 00 cf 40 00 00 0e d3 cb d3 92 01 04 00 00 cf 40 00 00 0e d3 cb d3 93 01 04 00 00 cf 40 00 00 0f 14 6e 15 bf 05 08 00 00 05 cf 40 00 00 04 a4 fa ff d7 00 08 00 00 01 00 00 04 00 00 cf 40 00 00 0f 14 6e 15 c0 05 08 00 00 05 cf 40 00 00 04 a4 fa ff d7 00 08 00 00 01 00 00 04 00 00 cf 40 00 00 0f 9c 0c 62 e7 01 03 00 00 cf 40 00 00 10 36 f1 a2 42 01 01 00 00 cf 40 00 00 10 52 0a 47 7f 01 02 00 00 cf 40 00 00 11 59 e2 d5 a7 01 03 00 00 cf 40 00 00 11 8a 7e 60 88 01 0f 00 00 cf 40 00 00 11 8a 7e 60 89 03 08 00 00 01 00 00 02 00 00 cf 40 00 00 11 8a 7e 60 8a 03 08 00 00 01 00 00 02 00 00 cf 40 00 00 11 8d 87 0c a7 03 08 00 00 01 00 00 05 cf 40 00 00 11 8d 87 0c aa 00 cf 40 00 00 11 8d 87 0c a8 03 08 00 00 01 00 00 02 00 00 cf 40 00 00 11 8d 87 0c a9 03 08 00 00 01 00 00 02 00 00 cf 40 00 00 12 3b 9d 65 07 01 06 00 00 cf 40 00 00 13 f4 e7 5d a5 01 02 00 00 cf 40 00 00 18 a3 8a 2e 51 01 04 00 00 cf 40 00 00 1c bc be 38 41 01 04 00 00 cf 40 00 00 1c e8 77 3a 44 03 08 00 00 01 00 00 03 00 00 cf 40 00 00 20 f9 d8 8c e0 02 07 00 00 01 00 00 cf 40 00 00 27 87 e8 71 73 01 01 00 00 cf 40 00 00 27 9d 9b b5 e2 01 05 cf 40 00 00 00 2e 2c 1b fc 00 cf 40 00 00 29 d8 d6 e8 d1 01 01 00 00 cf 40 00 00 2a 08 59 62 90 01 02 00 00 cf 40 00 00 36 02 99 8f 40 01 01 00 00 cf 40 00 00 3d e3 85 0a c1 03 08 00 00 01 00 00 02 00 00 5b cf 40 00 00 04 24 e8 70 b0 00 04 cf 40 00 00 02 64 1f 28 cc 01 01 00 00 cf 40 00 00 04 2c 34 1d 70 01 12 00 00 cf 40 00 00 04 2c 34 1d 71 01 12 00 00 cf 40 00 00 04 2c 34 1d 74 01 06 00 00 5c cf 40 00 00 00 00 78 e1 bd 02 cf 40 00 00 00 01 a7 ec 41 cf 40 00 00 00 24 fb 5a b5 5e cb df fe 88 86 01 12 00 00 cb df fe 88 87 01 12 00 00 cf 40 00 00 00 00 9e 1e f2 01 02 00 00 cf 40 00 00 00 00 a7 bb d7 01 02 00 00 cf 40 00 00 00 03 57 3b 73 01 05 cf 40 00 00 00 03 57 3b 1d 00 cf 40 00 00 00 03 60 40 c5 01 03 00 00 cf 40 00 00 00 1e 4b d1 26 01 03 00 00 cf 40 00 00 00 1f d7 9a 97 01 05 cf 40 00 00 00 1f d5 71 1e 00 cf 40 00 00 00 25 6a ee 1a 01 05 cf 40 00 00 0f 57 7c b4 66 00 cf 40 00 00 00 29 98 13 2a 01 04 00 00 cf 40 00 00 00 ba 08 46 d3 01 04 00 00 cf 40 00 00 00 c3 3a aa bf 01 01 00 00 cf 40 00 00 00 cc a7 45 1f 01 0f 00 00 cf 40 00 00 00 f4 fe 40 26 01 05 cf 40 00 00 00 f4 fe 40 05 00 cf 40 00 00 00 f6 71 fd 39 01 02 00 00 cf 40 00 00 00 f7 33 7a 8d 01 05 cf 40 00 00 00 22 64 a5 89 00 cf 40 00 00 00 fa 77 a5 ef 01 01 00 00 cf 40 00 00 00 fd 6f fb c2 01 05 cf 40 00 00 00 fd 6f f1 f3 00 cf 40 00 00 01 63 4e 5e 8e 01 03 00 00 cf 40 00 00 01 65 b9 92 00 01 12 00 00 cf 40 00 00 01 67 37 fa 5c 01 01 00 00 cf 40 00 00 01 d1 d4 2a 24 01 06 00 00 cf 40 00 00 02 5f 4c 8e 09 01 01 00 00 cf 40 00 00 02 64 1f 28 cc 01 01 00 00 cf 40 00 00 02 bb 83 59 98 01 0f 00 00 cf 40 00 00 02 fe e8 76 5f 01 0f 00 00 cf 40 00 00 02 fe e8 76 60 01 0f 00 00 cf 40 00 00 02 fe e8 76 61 01 0f 00 00 cf 40 00 00 03 65 d2 49 be 01 03 00 00 cf 40 00 00 03 75 51 92 a0 01 03 00 00 cf 40 00 00 03 b0 9d 04 17 01 02 00 00 cf 40 00 00 03 d0 b8 ec fa 02 07 00 00 01 00 00 cf 40 00 00 04 35 52 b5 bd 01 0f 00 00 cf 40 00 00 04 7e 98 56 d6 02 07 00 00 06 00 00 cf 40 00 00 04 a4 fa ff d8 03 08 00 00 05 cf 40 00 00 04 a4 fa ff d7 00 04 00 00 cf 40 00 00 04 a4 fa ff d9 03 08 00 00 05 cf 40 00 00 04 a4 fa ff d7 00 04 00 00 cf 40 00 00 04 bc 0c 26 9c 01 04 00 00 cf 40 00 00 05 3a 7f ac 13 01 03 00 00 cf 40 00 00 05 5e c4 a5 13 01 05 cf 40 00 00 05 5e c4 a5 10 00 cf 40 00 00 05 7b 5c 49 47 01 04 00 00 cf 40 00 00 05 7b 5c 49 69 01 04 00 00 cf 40 00 00 05 95 02 24 ae 01 02 00 00 cf 40 00 00 05 a1 98 cd 3f 01 06 00 00 cf 40 00 00 06 70 40 8c 37 03 08 00 00 02 00 00 03 00 00 cf 40 00 00 07 6b cb c6 2b 01 04 00 00 cf 40 00 00 07 6b cb c6 2c 01 04 00 00 cf 40 00 00 07 6b cb c6 2d 01 12 00 00 cf 40 00 00 07 6b cb c6 2e 01 04 00 00 cf 40 00 00 07 72 17 08 44 01 03 00 00 cf 40 00 00 07 99 0f 3a 6d 01 05 cf 40 00 00 07 6b b3 4a 2d 00 cf 40 00 00 07 b2 2b c1 9e 01 12 00 00 cf 40 00 00 07 b2 2b c1 a4 01 04 00 00 cf 40 00 00 07 ec 50 18 d7 05 08 00 00 06 00 00 08 00 00 06 00 00 03 00 00 cf 40 00 00 08 62 3c 1a e1 05 08 00 00 02 00 00 08 00 00 05 cf 40 00 00 04 a4 fa ff d7 00 04 00 00 cf 40 00 00 08 f7 bc 2e 23 02 07 00 00 06 00 00 cf 40 00 00 09 6b e4 82 25 02 07 00 00 02 00 00 cf 40 00 00 09 ef fe 8f fa 01 03 00 00 cf 40 00 00 0a 1d 6b 49 20 01 01 00 00 cf 40 00 00 0a 4e 63 e8 2a 01 01 00 00 cf 40 00 00 0a 4e e2 8d fa 01 01 00 00 cf 40 00 00 0a 4e e2 8d fc 01 03 00 00 cf 40 00 00 0a bb e5 5a 97 02 07 00 00 05 cf 40 00 00 09 84 08 51 57 00 cf 40 00 00 0a f1 ab d5 57 01 02 00 00 cf 40 00 00 0b 15 c6 14 f8 02 07 00 00 01 00 00 cf 40 00 00 0b 73 3b dc fa 01 02 00 00 cf 40 00 00 0b ec 8f 20 d8 01 02 00 00 cf 40 00 00 0c 66 e1 90 29 01 04 00 00 cf 40 00 00 0c ec 9e b5 87 01 05 cf 40 00 00 0c ec 41 a1 67 00 cf 40 00 00 0e d3 cb d3 91 01 04 00 00 cf 40 00 00 0e d3 cb d3 92 01 04 00 00 cf 40 00 00 0e d3 cb d3 93 01 04 00 00 cf 40 00 00 0f 14 6e 15 bf 05 08 00 00 05 cf 40 00 00 04 a4 fa ff d7 00 08 00 00 01 00 00 04 00 00 cf 40 00 00 0f 14 6e 15 c0 05 08 00 00 05 cf 40 00 00 04 a4 fa ff d7 00 08 00 00 01 00 00 04 00 00 cf 40 00 00 0f 9c 0c 62 e7 01 03 00 00 cf 40 00 00 10 36 f1 a2 42 01 01 00 00 cf 40 00 00 10 52 0a 47 7f 01 02 00 00 cf 40 00 00 11 59 e2 d5 a7 01 03 00 00 cf 40 00 00 11 8a 7e 60 88 01 0f 00 00 cf 40 00 00 11 8a 7e 60 89 03 08 00 00 01 00 00 02 00 00 cf 40 00 00 11 8a 7e 60 8a 03 08 00 00 01 00 00 02 00 00 cf 40 00 00 11 8d 87 0c a7 03 08 00 00 01 00 00 05 cf 40 00 00 11 8d 87 0c aa 00 cf 40 00 00 11 8d 87 0c a8 03 08 00 00 01 00 00 02 00 00 cf 40 00 00 11 8d 87 0c a9 03 08 00 00 01 00 00 02 00 00 cf 40 00 00 12 3b 9d 65 07 01 06 00 00 cf 40 00 00 13 f4 e7 5d a5 01 02 00 00 cf 40 00 00 18 a3 8a 2e 51 01 04 00 00 cf 40 00 00 1c bc be 38 41 01 04 00 00 cf 40 00 00 1c e8 77 3a 44 03 08 00 00 01 00 00 03 00 00 cf 40 00 00 20 f9 d8 8c e0 02 07 00 00 01 00 00 cf 40 00 00 27 87 e8 71 73 01 01 00 00 cf 40 00 00 29 d8 d6 e8 d1 01 01 00 00 cf 40 00 00 2a 08 59 62 90 01 02 00 00 cf 40 00 00 36 02 99 8f 40 01 01 00 00 cf 40 00 00 3d e3 85 0a c1 03 08 00 00 01 00 00 02 00 00 5d cf 40 00 00 00 02 75 4e e0 02 cf 40 00 00 04 b0 ac c6 10 cf 40 00 00 04 e8 35 63 36 0a cf 40 00 00 00 39 5b 94 8e 01 05 cf 40 00 00 00 01 2c 7b 3f 00 cf 40 00 00 00 4c 2e c1 f0 01 01 00 00 cf 40 00 00 01 65 b9 9c 4c 01 12 00 00 cf 40 00 00 03 fd 97 be 28 01 02 00 00 cf 40 00 00 04 09 a2 04 71 01 15 00 00 cf 40 00 00 0c b4 97 42 df 01 15 00 00 cf 40 00 00 0d fb 2b 27 c1 01 02 00 00 cf 40 00 00 34 e4 9f df 91 01 03 00 00 cf 40 00 00 48 b6 8a 25 20 01 0f 00 00 cf 80 00 00 00 00 a1 a6 3f 01 01 00 00 5e cf 40 00 00 00 00 78 e1 bd 05 cf 40 00 00 00 00 6b 4d 2f cf 40 00 00 00 00 78 e1 c5 cf 40 00 00 00 24 fb 5a b5 cf 40 00 00 00 47 c9 1f fe cf 40 00 00 00 a3 75 5e 34 6f cb df fe 88 86 01 12 00 00 cb df fe 88 87 01 12 00 00 cf 40 00 00 00 00 9e 1e f2 01 02 00 00 cf 40 00 00 00 00 a7 bb d7 01 02 00 00 cf 40 00 00 00 03 57 3b 73 01 05 cf 40 00 00 00 03 57 3b 1d 00 cf 40 00 00 00 03 60 40 c5 01 03 00 00 cf 40 00 00 00 05 27 18 45 01 01 00 00 cf 40 00 00 00 1e 4b d1 26 01 03 00 00 cf 40 00 00 00 1f d7 9a 97 01 05 cf 40 00 00 00 1f d5 71 1e 00 cf 40 00 00 00 25 6a ee 1a 01 05 cf 40 00 00 0f 57 7c b4 66 00 cf 40 00 00 00 29 98 13 2a 01 04 00 00 cf 40 00 00 00 ba 08 46 d3 01 04 00 00 cf 40 00 00 00 c3 3a aa bf 01 01 00 00 cf 40 00 00 00 cc a7 45 1f 01 0f 00 00 cf 40 00 00 00 f4 fe 40 26 01 05 cf 40 00 00 00 f4 fe 40 05 00 cf 40 00 00 00 f6 71 fd 39 01 02 00 00 cf 40 00 00 00 f7 33 7a 8d 01 05 cf 40 00 00 00 22 64 a5 89 00 cf 40 00 00 00 fa 77 a5 ef 01 01 00 00 cf 40 00 00 00 fd 6f fb c2 01 05 cf 40 00 00 00 fd 6f f1 f3 00 cf 40 00 00 01 63 4e 5e 8e 01 03 00 00 cf 40 00 00 01 65 b9 92 00 01 12 00 00 cf 40 00 00 01 67 37 fa 5c 01 01 00 00 cf 40 00 00 01 d1 d4 2a 24 01 06 00 00 cf 40 00 00 02 5f 4c 8e 09 01 01 00 00 cf 40 00 00 02 64 1f 28 cc 01 01 00 00 cf 40 00 00 02 bb 83 59 98 01 0f 00 00 cf 40 00 00 02 df b6 4e 0e 01 03 00 00 cf 40 00 00 02 df b6 4e d5 01 01 00 00 cf 40 00 00 02 fe e8 76 5f 01 0f 00 00 cf 40 00 00 02 fe e8 76 60 01 0f 00 00 cf 40 00 00 02 fe e8 76 61 01 0f 00 00 cf 40 00 00 03 65 d2 49 be 01 03 00 00 cf 40 00 00 03 75 51 92 a0 01 03 00 00 cf 40 00 00 03 b0 9d 04 17 01 02 00 00 cf 40 00 00 03 d0 b8 ec fa 02 07 00 00 01 00 00 cf 40 00 00 04 35 52 b5 bd 01 0f 00 00 cf 40 00 00 04 36 f6 53 92 01 0f 00 00 cf 40 00 00 04 3c 5f d3 16 01 0f 00 00 cf 40 00 00 04 7e 98 56 d6 02 07 00 00 06 00 00 cf 40 00 00 04 a4 fa ff d8 03 08 00 00 05 cf 40 00 00 04 a4 fa ff d7 00 04 00 00 cf 40 00 00 04 a4 fa ff d9 03 08 00 00 05 cf 40 00 00 04 a4 fa ff d7 00 04 00 00 cf 40 00 00 04 bc 0c 26 9c 01 04 00 00 cf 40 00 00 04 d4 5d bc 97 01 05 cf 40 00 00 04 d4 5d bc 93 00 cf 40 00 00 04 d4 5d bc 98 01 02 00 00 cf 40 00 00 04 e1 a0 d1 3b 01 04 00 00 cf 40 00 00 04 e1 a0 d1 3c 01 04 00 00 cf 40 00 00 04 e1 a0 d1 4c 01 02 00 00 cf 40 00 00 05 3a 7f ac 13 01 03 00 00 cf 40 00 00 05 5e c4 a5 13 01 05 cf 40 00 00 05 5e c4 a5 10 00 cf 40 00 00 05 7b 5c 49 47 01 04 00 00 cf 40 00 00 05 7b 5c 49 69 01 04 00 00 cf 40 00 00 05 95 02 24 ae 01 02 00 00 cf 40 00 00 05 a1 98 cd 3f 01 06 00 00 cf 40 00 00 05 df a8 40 a2 01 03 00 00 cf 40 00 00 06 70 40 8c 37 03 08 00 00 02 00 00 03 00 00 cf 40 00 00 07 6b cb c6 2b 01 04 00 00 cf 40 00 00 07 6b cb c6 2c 01 04 00 00 cf 40 00 00 07 6b cb c6 2d 01 12 00 00 cf 40 00 00 07 6b cb c6 2e 01 04 00 00 cf 40 00 00 07 72 17 08 44 01 03 00 00 cf 40 00 00 07 99 0f 3a 6d 01 05 cf 40 00 00 07 6b b3 4a 2d 00 cf 40 00 00 07 b2 2b c1 9e 01 12 00 00 cf 40 00 00 07 b2 2b c1 a4 01 04 00 00 cf 40 00 00 07 ec 50 18 d7 05 08 00 00 06 00 00 08 00 00 06 00 00 03 00 00 cf 40 00 00 08 62 3c 1a e1 05 08 00 00 02 00 00 08 00 00 05 cf 40 00 00 04 a4 fa ff d7 00 04 00 00 cf 40 00 00 08 6a bb fd 29 01 0f 00 00 cf 40 00 00 08 f7 bc 2e 23 02 07 00 00 06 00 00 cf 40 00 00 09 6b e4 82 25 02 07 00 00 02 00 00 cf 40 00 00 09 ef fe 8f fa 01 03 00 00 cf 40 00 00 0a 1d 6b 49 20 01 01 00 00 cf 40 00 00 0a 3a 8f 4e b7 01 12 00 00 cf 40 00 00 0a 4e 63 e8 2a 01 01 00 00 cf 40 00 00 0a 4e e2 8d fa 01 01 00 00 cf 40 00 00 0a 4e e2 8d fc 01 03 00 00 cf 40 00 00 0a bb e5 5a 97 02 07 00 00 05 cf 40 00 00 09 84 08 51 57 00 cf 40 00 00 0a f1 ab d5 57 01 02 00 00 cf 40 00 00 0b 15 c6 14 f8 02 07 00 00 01 00 00 cf 40 00 00 0b 73 3b dc fa 01 02 00 00 cf 40 00 00 0b ec 8f 20 d8 01 02 00 00 cf 40 00 00 0c 66 e1 90 29 01 04 00 00 cf 40 00 00 0c ec 9e b5 87 01 05 cf 40 00 00 0c ec 41 a1 67 00 cf 40 00 00 0e 58 29 39 a7 01 01 00 00 cf 40 00 00 0e d3 cb d3 91 01 04 00 00 cf 40 00 00 0e d3 cb d3 92 01 04 00 00 cf 40 00 00 0e d3 cb d3 93 01 04 00 00 cf 40 00 00 0f 14 6e 15 bf 05 08 00 00 05 cf 40 00 00 04 a4 fa ff d7 00 08 00 00 01 00 00 04 00 00 cf 40 00 00 0f 14 6e 15 c0 05 08 00 00 05 cf 40 00 00 04 a4 fa ff d7 00 08 00 00 01 00 00 04 00 00 cf 40 00 00 0f 9c 0c 62 e7 01 03 00 00 cf 40 00 00 10 36 f1 a2 42 01 01 00 00 cf 40 00 00 10 52 0a 47 7f 01 02 00 00 cf 40 00 00 11 59 e2 d5 a7 01 03 00 00 cf 40 00 00 11 8a 7e 60 88 01 0f 00 00 cf 40 00 00 11 8a 7e 60 89 03 08 00 00 01 00 00 02 00 00 cf 40 00 00 11 8a 7e 60 8a 03 08 00 00 01 00 00 02 00 00 cf 40 00 00 11 8d 87 0c a7 03 08 00 00 01 00 00 05 cf 40 00 00 11 8d 87 0c aa 00 cf 40 00 00 11 8d 87 0c a8 03 08 00 00 01 00 00 02 00 00 cf 40 00 00 11 8d 87 0c a9 03 08 00 00 01 00 00 02 00 00 cf 40 00 00 12 3b 9d 65 07 01 06 00 00 cf 40 00 00 13 f4 e7 5d a5 01 02 00 00 cf 40 00 00 18 a3 8a 2e 51 01 04 00 00 cf 40 00 00 1c bc be 38 41 01 04 00 00 cf 40 00 00 1c e8 77 3a 44 03 08 00 00 01 00 00 03 00 00 cf 40 00 00 20 f9 d8 8c e0 02 07 00 00 01 00 00 cf 40 00 00 27 87 e8 71 73 01 01 00 00 cf 40 00 00 27 9d 9b b5 e2 01 05 cf 40 00 00 00 2e 2c 1b fc 00 cf 40 00 00 29 d8 d6 e8 d1 01 01 00 00 cf 40 00 00 2a 08 59 62 90 01 02 00 00 cf 40 00 00 35 09 19 7d 40 01 03 00 00 cf 40 00 00 36 02 99 8f 40 01 01 00 00 cf 40 00 00 3d db 09 69 21 01 0f 00 00 cf 40 00 00 3d e3 85 0a c1 03 08 00 00 01 00 00 02 00 00 5f cf 40 00 00 00 00 78 e1 bd 06 cf 40 00 00 00 00 6b 4d 2f cf 40 00 00 00 00 78 e1 c5 cf 40 00 00 00 01 a7 ec 41 cf 40 00 00 00 24 fb 5a b5 cf 40 00 00 00 47 c9 1f fe cf 40 00 00 00 a3 75 5e 34 6f cb df fe 88 86 01 12 00 00 cb df fe 88 87 01 12 00 00 cf 40 00 00 00 00 9e 1e f2 01 02 00 00 cf 40 00 00 00 00 a7 bb d7 01 02 00 00 cf 40 00 00 00 03 57 3b 73 01 05 cf 40 00 00 00 03 57 3b 1d 00 cf 40 00 00 00 03 60 40 c5 01 03 00 00 cf 40 00 00 00 05 27 18 45 01 01 00 00 cf 40 00 00 00 1e 4b d1 26 01 03 00 00 cf 40 00 00 00 1f d7 9a 97 01 05 cf 40 00 00 00 1f d5 71 1e 00 cf 40 00 00 00 25 6a ee 1a 01 05 cf 40 00 00 0f 57 7c b4 66 00 cf 40 00 00 00 29 98 13 2a 01 04 00 00 cf 40 00 00 00 ba 08 46 d3 01 04 00 00 cf 40 00 00 00 c3 3a aa bf 01 01 00 00 cf 40 00 00 00 cc a7 45 1f 01 0f 00 00 cf 40 00 00 00 f4 fe 40 26 01 05 cf 40 00 00 00 f4 fe 40 05 00 cf 40 00 00 00 f6 71 fd 39 01 02 00 00 cf 40 00 00 00 f7 33 7a 8d 01 05 cf 40 00 00 00 22 64 a5 89 00 cf 40 00 00 00 fa 77 a5 ef 01 01 00 00 cf 40 00 00 00 fd 6f fb c2 01 05 cf 40 00 00 00 fd 6f f1 f3 00 cf 40 00 00 01 63 4e 5e 8e 01 03 00 00 cf 40 00 00 01 65 b9 92 00 01 12 00 00 cf 40 00 00 01 67 37 fa 5c 01 01 00 00 cf 40 00 00 01 d1 d4 2a 24 01 06 00 00 cf 40 00 00 02 5f 4c 8e 09 01 01 00 00 cf 40 00 00 02 64 1f 28 cc 01 01 00 00 cf 40 00 00 02 bb 83 59 98 01 0f 00 00 cf 40 00 00 02 df b6 4e 0e 01 03 00 00 cf 40 00 00 02 df b6 4e d5 01 01 00 00 cf 40 00 00 02 fe e8 76 5f 01 0f 00 00 cf 40 00 00 02 fe e8 76 60 01 0f 00 00 cf 40 00 00 02 fe e8 76 61 01 0f 00 00 cf 40 00 00 03 65 d2 49 be 01 03 00 00 cf 40 00 00 03 75 51 92 a0 01 03 00 00 cf 40 00 00 03 b0 9d 04 17 01 02 00 00 cf 40 00 00 03 d0 b8 ec fa 02 07 00 00 01 00 00 cf 40 00 00 04 35 52 b5 bd 01 0f 00 00 cf 40 00 00 04 36 f6 53 92 01 0f 00 00 cf 40 00 00 04 3c 5f d3 16 01 0f 00 00 cf 40 00 00 04 7e 98 56 d6 02 07 00 00 06 00 00 cf 40 00 00 04 a4 fa ff d8 03 08 00 00 05 cf 40 00 00 04 a4 fa ff d7 00 04 00 00 cf 40 00 00 04 a4 fa ff d9 03 08 00 00 05 cf 40 00 00 04 a4 fa ff d7 00 04 00 00 cf 40 00 00 04 bc 0c 26 9c 01 04 00 00 cf 40 00 00 04 d4 5d bc 97 01 05 cf 40 00 00 04 d4 5d bc 93 00 cf 40 00 00 04 d4 5d bc 98 01 02 00 00 cf 40 00 00 04 e1 a0 d1 3b 01 04 00 00 cf 40 00 00 04 e1 a0 d1 3c 01 04 00 00 cf 40 00 00 04 e1 a0 d1 4c 01 02 00 00 cf 40 00 00 05 3a 7f ac 13 01 03 00 00 cf 40 00 00 05 5e c4 a5 13 01 05 cf 40 00 00 05 5e c4 a5 10 00 cf 40 00 00 05 7b 5c 49 47 01 04 00 00 cf 40 00 00 05 7b 5c 49 69 01 04 00 00 cf 40 00 00 05 95 02 24 ae 01 02 00 00 cf 40 00 00 05 a1 98 cd 3f 01 06 00 00 cf 40 00 00 05 df a8 40 a2 01 03 00 00 cf 40 00 00 06 70 40 8c 37 03 08 00 00 02 00 00 03 00 00 cf 40 00 00 07 6b cb c6 2b 01 04 00 00 cf 40 00 00 07 6b cb c6 2c 01 04 00 00 cf 40 00 00 07 6b cb c6 2d 01 12 00 00 cf 40 00 00 07 6b cb c6 2e 01 04 00 00 cf 40 00 00 07 72 17 08 44 01 03 00 00 cf 40 00 00 07 99 0f 3a 6d 01 05 cf 40 00 00 07 6b b3 4a 2d 00 cf 40 00 00 07 b2 2b c1 9e 01 12 00 00 cf 40 00 00 07 b2 2b c1 a4 01 04 00 00 cf 40 00 00 07 ec 50 18 d7 05 08 00 00 06 00 00 08 00 00 06 00 00 03 00 00 cf 40 00 00 08 62 3c 1a e1 05 08 00 00 02 00 00 08 00 00 05 cf 40 00 00 04 a4 fa ff d7 00 04 00 00 cf 40 00 00 08 6a bb fd 29 01 0f 00 00 cf 40 00 00 08 f7 bc 2e 23 02 07 00 00 06 00 00 cf 40 00 00 09 6b e4 82 25 02 07 00 00 02 00 00 cf 40 00 00 09 ef fe 8f fa 01 03 00 00 cf 40 00 00 0a 1d 6b 49 20 01 01 00 00 cf 40 00 00 0a 3a 8f 4e b7 01 12 00 00 cf 40 00 00 0a 4e 63 e8 2a 01 01 00 00 cf 40 00 00 0a 4e e2 8d fa 01 01 00 00 cf 40 00 00 0a 4e e2 8d fc 01 03 00 00 cf 40 00 00 0a bb e5 5a 97 02 07 00 00 05 cf 40 00 00 09 84 08 51 57 00 cf 40 00 00 0a f1 ab d5 57 01 02 00 00 cf 40 00 00 0b 15 c6 14 f8 02 07 00 00 01 00 00 cf 40 00 00 0b 73 3b dc fa 01 02 00 00 cf 40 00 00 0b ec 8f 20 d8 01 02 00 00 cf 40 00 00 0c 66 e1 90 29 01 04 00 00 cf 40 00 00 0c ec 9e b5 87 01 05 cf 40 00 00 0c ec 41 a1 67 00 cf 40 00 00 0e 58 29 39 a7 01 01 00 00 cf 40 00 00 0e d3 cb d3 91 01 04 00 00 cf 40 00 00 0e d3 cb d3 92 01 04 00 00 cf 40 00 00 0e d3 cb d3 93 01 04 00 00 cf 40 00 00 0f 14 6e 15 bf 05 08 00 00 05 cf 40 00 00 04 a4 fa ff d7 00 08 00 00 01 00 00 04 00 00 cf 40 00 00 0f 14 6e 15 c0 05 08 00 00 05 cf 40 00 00 04 a4 fa ff d7 00 08 00 00 01 00 00 04 00 00 cf 40 00 00 0f 9c 0c 62 e7 01 03 00 00 cf 40 00 00 10 36 f1 a2 42 01 01 00 00 cf 40 00 00 10 52 0a 47 7f 01 02 00 00 cf 40 00 00 11 59 e2 d5 a7 01 03 00 00 cf 40 00 00 11 8a 7e 60 88 01 0f 00 00 cf 40 00 00 11 8a 7e 60 89 03 08 00 00 01 00 00 02 00 00 cf 40 00 00 11 8a 7e 60 8a 03 08 00 00 01 00 00 02 00 00 cf 40 00 00 11 8d 87 0c a7 03 08 00 00 01 00 00 05 cf 40 00 00 11 8d 87 0c aa 00 cf 40 00 00 11 8d 87 0c a8 03 08 00 00 01 00 00 02 00 00 cf 40 00 00 11 8d 87 0c a9 03 08 00 00 01 00 00 02 00 00 cf 40 00 00 12 3b 9d 65 07 01 06 00 00 cf 40 00 00 13 f4 e7 5d a5 01 02 00 00 cf 40 00 00 18 a3 8a 2e 51 01 04 00 00 cf 40 00 00 1c bc be 38 41 01 04 00 00 cf 40 00 00 1c e8 77 3a 44 03 08 00 00 01 00 00 03 00 00 cf 40 00 00 20 f9 d8 8c e0 02 07 00 00 01 00 00 cf 40 00 00 27 87 e8 71 73 01 01 00 00 cf 40 00 00 27 9d 9b b5 e2 01 05 cf 40 00 00 00 2e 2c 1b fc 00 cf 40 00 00 29 d8 d6 e8 d1 01 01 00 00 cf 40 00 00 2a 08 59 62 90 01 02 00 00 cf 40 00 00 35 09 19 7d 40 01 03 00 00 cf 40 00 00 36 02 99 8f 40 01 01 00 00 cf 40 00 00 3d db 09 69 21 01 0f 00 00 cf 40 00 00 3d e3 85 0a c1 03 08 00 00 01 00 00 02 00 00 60 cf 40 00 00 00 00 78 e1 bd 05 cf 40 00 00 00 00 6b 4d 2f cf 40 00 00 00 00 78 e1 c5 cf 40 00 00 00 01 a7 ec 41 cf 40 00 00 00 24 fb 5a b5 cf 40 00 00 00 47 c9 1f fe 6b cb df fe 88 86 01 12 00 00 cb df fe 88 87 01 12 00 00 cf 40 00 00 00 00 9e 1e f2 01 02 00 00 cf 40 00 00 00 00 a7 bb d7 01 02 00 00 cf 40 00 00 00 03 57 3b 73 01 05 cf 40 00 00 00 03 57 3b 1d 00 cf 40 00 00 00 03 60 40 c5 01 03 00 00 cf 40 00 00 00 05 27 18 45 01 01 00 00 cf 40 00 00 00 1e 4b d1 26 01 03 00 00 cf 40 00 00 00 1f d7 9a 97 01 05 cf 40 00 00 00 1f d5 71 1e 00 cf 40 00 00 00 25 6a ee 1a 01 05 cf 40 00 00 0f 57 7c b4 66 00 cf 40 00 00 00 29 98 13 2a 01 04 00 00 cf 40 00 00 00 ba 08 46 d3 01 04 00 00 cf 40 00 00 00 c3 3a aa bf 01 01 00 00 cf 40 00 00 00 cc a7 45 1f 01 0f 00 00 cf 40 00 00 00 f4 fe 40 26 01 05 cf 40 00 00 00 f4 fe 40 05 00 cf 40 00 00 00 f6 71 fd 39 01 02 00 00 cf 40 00 00 00 f7 33 7a 8d 01 05 cf 40 00 00 00 22 64 a5 89 00 cf 40 00 00 00 fa 77 a5 ef 01 01 00 00 cf 40 00 00 00 fd 6f fb c2 01 05 cf 40 00 00 00 fd 6f f1 f3 00 cf 40 00 00 01 63 4e 5e 8e 01 03 00 00 cf 40 00 00 01 65 b9 92 00 01 12 00 00 cf 40 00 00 01 67 37 fa 5c 01 01 00 00 cf 40 00 00 01 d1 d4 2a 24 01 06 00 00 cf 40 00 00 02 5f 4c 8e 09 01 01 00 00 cf 40 00 00 02 64 1f 28 cc 01 01 00 00 cf 40 00 00 02 bb 83 59 98 01 0f 00 00 cf 40 00 00 02 df b6 4e 0e 01 03 00 00 cf 40 00 00 02 df b6 4e d5 01 01 00 00 cf 40 00 00 02 fe e8 76 5f 01 0f 00 00 cf 40 00 00 02 fe e8 76 60 01 0f 00 00 cf 40 00 00 02 fe e8 76 61 01 0f 00 00 cf 40 00 00 03 65 d2 49 be 01 03 00 00 cf 40 00 00 03 75 51 92 a0 01 03 00 00 cf 40 00 00 03 b0 9d 04 17 01 02 00 00 cf 40 00 00 03 d0 b8 ec fa 02 07 00 00 01 00 00 cf 40 00 00 04 35 52 b5 bd 01 0f 00 00 cf 40 00 00 04 36 f6 53 92 01 0f 00 00 cf 40 00 00 04 7e 98 56 d6 02 07 00 00 06 00 00 cf 40 00 00 04 a4 fa ff d8 03 08 00 00 05 cf 40 00 00 04 a4 fa ff d7 00 04 00 00 cf 40 00 00 04 a4 fa ff d9 03 08 00 00 05 cf 40 00 00 04 a4 fa ff d7 00 04 00 00 cf 40 00 00 04 bc 0c 26 9c 01 04 00 00 cf 40 00 00 04 e1 a0 d1 3b 01 04 00 00 cf 40 00 00 04 e1 a0 d1 3c 01 04 00 00 cf 40 00 00 04 e1 a0 d1 4c 01 02 00 00 cf 40 00 00 05 3a 7f ac 13 01 03 00 00 cf 40 00 00 05 5e c4 a5 13 01 05 cf 40 00 00 05 5e c4 a5 10 00 cf 40 00 00 05 7b 5c 49 47 01 04 00 00 cf 40 00 00 05 7b 5c 49 69 01 04 00 00 cf 40 00 00 05 95 02 24 ae 01 02 00 00 cf 40 00 00 05 a1 98 cd 3f 01 06 00 00 cf 40 00 00 05 df a8 40 a2 01 03 00 00 cf 40 00 00 06 70 40 8c 37 03 08 00 00 02 00 00 03 00 00 cf 40 00 00 07 6b cb c6 2b 01 04 00 00 cf 40 00 00 07 6b cb c6 2c 01 04 00 00 cf 40 00 00 07 6b cb c6 2d 01 12 00 00 cf 40 00 00 07 6b cb c6 2e 01 04 00 00 cf 40 00 00 07 72 17 08 44 01 03 00 00 cf 40 00 00 07 99 0f 3a 6d 01 05 cf 40 00 00 07 6b b3 4a 2d 00 cf 40 00 00 07 b2 2b c1 9e 01 12 00 00 cf 40 00 00 07 b2 2b c1 a4 01 04 00 00 cf 40 00 00 07 ec 50 18 d7 05 08 00 00 06 00 00 08 00 00 06 00 00 03 00 00 cf 40 00 00 08 62 3c 1a e1 05 08 00 00 02 00 00 08 00 00 05 cf 40 00 00 04 a4 fa ff d7 00 04 00 00 cf 40 00 00 08 6a bb fd 29 01 0f 00 00 cf 40 00 00 08 f7 bc 2e 23 02 07 00 00 06 00 00 cf 40 00 00 09 6b e4 82 25 02 07 00 00 02 00 00 cf 40 00 00 09 ef fe 8f fa 01 03 00 00 cf 40 00 00 0a 1d 6b 49 20 01 01 00 00 cf 40 00 00 0a 3a 8f 4e b7 01 12 00 00 cf 40 00 00 0a 4e 63 e8 2a 01 01 00 00 cf 40 00 00 0a 4e e2 8d fa 01 01 00 00 cf 40 00 00 0a 4e e2 8d fc 01 03 00 00 cf 40 00 00 0a bb e5 5a 97 02 07 00 00 05 cf 40 00 00 09 84 08 51 57 00 cf 40 00 00 0a f1 ab d5 57 01 02 00 00 cf 40 00 00 0b 15 c6 14 f8 02 07 00 00 01 00 00 cf 40 00 00 0b 73 3b dc fa 01 02 00 00 cf 40 00 00 0b ec 8f 20 d8 01 02 00 00 cf 40 00 00 0c 66 e1 90 29 01 04 00 00 cf 40 00 00 0c ec 9e b5 87 01 05 cf 40 00 00 0c ec 41 a1 67 00 cf 40 00 00 0e 58 29 39 a7 01 01 00 00 cf 40 00 00 0e d3 cb d3 91 01 04 00 00 cf 40 00 00 0e d3 cb d3 92 01 04 00 00 cf 40 00 00 0e d3 cb d3 93 01 04 00 00 cf 40 00 00 0f 14 6e 15 bf 05 08 00 00 05 cf 40 00 00 04 a4 fa ff d7 00 08 00 00 01 00 00 04 00 00 cf 40 00 00 0f 14 6e 15 c0 05 08 00 00 05 cf 40 00 00 04 a4 fa ff d7 00 08 00 00 01 00 00 04 00 00 cf 40 00 00 0f 9c 0c 62 e7 01 03 00 00 cf 40 00 00 10 36 f1 a2 42 01 01 00 00 cf 40 00 00 10 52 0a 47 7f 01 02 00 00 cf 40 00 00 11 59 e2 d5 a7 01 03 00 00 cf 40 00 00 11 8a 7e 60 88 01 0f 00 00 cf 40 00 00 11 8a 7e 60 89 03 08 00 00 01 00 00 02 00 00 cf 40 00 00 11 8a 7e 60 8a 03 08 00 00 01 00 00 02 00 00 cf 40 00 00 11 8d 87 0c a7 03 08 00 00 01 00 00 05 cf 40 00 00 11 8d 87 0c aa 00 cf 40 00 00 11 8d 87 0c a8 03 08 00 00 01 00 00 02 00 00 cf 40 00 00 11 8d 87 0c a9 03 08 00 00 01 00 00 02 00 00 cf 40 00 00 12 3b 9d 65 07 01 06 00 00 cf 40 00 00 13 f4 e7 5d a5 01 02 00 00 cf 40 00 00 18 a3 8a 2e 51 01 04 00 00 cf 40 00 00 1c bc be 38 41 01 04 00 00 cf 40 00 00 1c e8 77 3a 44 03 08 00 00 01 00 00 03 00 00 cf 40 00 00 20 f9 d8 8c e0 02 07 00 00 01 00 00 cf 40 00 00 27 87 e8 71 73 01 01 00 00 cf 40 00 00 29 d8 d6 e8 d1 01 01 00 00 cf 40 00 00 2a 08 59 62 90 01 02 00 00 cf 40 00 00 35 09 19 7d 40 01 03 00 00 cf 40 00 00 36 02 99 8f 40 01 01 00 00 cf 40 00 00 3d db 09 69 21 01 0f 00 00 cf 40 00 00 3d e3 85 0a c1 03 08 00 00 01 00 00 02 00 00 61 cf 40 00 00 08 6a bb fd 28 00 02 cf 40 00 00 00 00 6f ec ec 01 01 00 00 cf 40 00 00 08 6a bb fd 27 01 01 00 00 62 cf 40 00 00 0f 13 b8 81 66 00 09 cf 40 00 00 0f 13 b8 81 63 01 01 00 00 cf 40 00 00 0f 13 b8 81 65 03 08 00 00 01 00 00 05 cf 40 00 00 0f 13 b8 81 62 00 cf 40 00 00 0f 48 a0 9b 37 01 02 00 00 cf 40 00 00 11 33 04 94 11 01 06 00 00 cf 40 00 00 11 33 04 94 13 01 01 00 00 cf 40 00 00 11 33 04 94 14 01 01 00 00 cf 40 00 00 11 fc 48 ee 6f 01 03 00 00 cf 40 00 00 30 68 bf d3 21 01 03 00 00 cf 40 00 00 34 c0 9b 4a d0 01 01 00 00 63 cf 40 00 00 00 01 1a cd 0e 01 cf 40 00 00 0a ce 00 f9 5a 16 cf 40 00 00 00 01 e5 44 a2 01 03 00 00 cf 40 00 00 02 ae 77 33 53 01 02 00 00 cf 40 00 00 04 3c 5f d3 16 01 0f 00 00 cf 40 00 00 04 d4 5d bc 97 01 05 cf 40 00 00 04 d4 5d bc 93 00 cf 40 00 00 04 d4 5d bc 98 01 02 00 00 cf 40 00 00 05 db b4 97 c6 01 02 00 00 cf 40 00 00 05 db b4 97 c7 01 05 cf 40 00 00 05 db b4 97 c5 00 cf 40 00 00 09 69 66 b0 d8 01 06 00 00 cf 40 00 00 0b 67 d9 6f 3e 01 09 cf 40 00 00 0b 67 d9 6f 37 10 cf 40 00 00 0b bc f6 fc 3d 01 03 00 00 cf 40 00 00 0d ac ec 47 db 01 02 00 00 cf 40 00 00 10 b9 f7 80 e7 01 04 00 00 cf 40 00 00 12 4b ac 1c c8 03 08 00 00 05 cf 40 00 00 04 a4 fa ff d7 00 04 00 00 cf 40 00 00 16 45 16 69 31 02 07 00 00 01 00 00 cf 40 00 00 27 86 30 61 30 01 01 00 00 cf 40 00 00 27 9d 9b b5 e2 01 05 cf 40 00 00 00 2e 2c 1b fc 00 cf 40 00 00 33 24 ea d6 46 01 02 00 00 cf 40 00 00 33 31 b7 ac 0f 01 01 00 00 cf 40 00 00 36 06 3f 8c d2 01 01 00 00 cf 40 00 00 48 b6 8a 25 20 01 0f 00 00 cf 40 00 01 05 33 95 d6 b2 01 02 00 00 cf 40 00 01 05 33 95 d6 b3 01 03 00 00 64 cf 40 00 00 04 95 0f 60 70 04 cf 40 00 00 00 01 c0 56 0b cf 40 00 00 00 24 fb 5a b5 cf 40 00 00 01 ed b2 e9 b6 cf 40 00 00 33 11 dd 0f 4b 1d cf 40 00 00 01 d1 d4 2a 24 01 06 00 00 cf 40 00 00 02 64 1f 28 cc 01 01 00 00 cf 40 00 00 02 76 69 d5 ee 01 12 00 00 cf 40 00 00 02 76 69 d5 ef 01 12 00 00 cf 40 00 00 02 76 69 d5 f4 01 06 00 00 cf 40 00 00 02 8c 42 2e 74 01 06 00 00 cf 40 00 00 03 0b 2b 32 1d 01 01 00 00 cf 40 00 00 03 d9 a0 97 21 01 06 00 00 cf 40 00 00 04 67 79 74 a6 01 06 00 00 cf 40 00 00 04 67 79 74 a7 01 06 00 00 cf 40 00 00 04 7e 98 56 d6 02 07 00 00 06 00 00 cf 40 00 00 04 95 0f 60 7a 02 07 00 00 09 cf 40 00 00 04 95 0f 60 74 2c cf 40 00 00 04 95 0f 60 7c 04 08 00 00 06 00 00 07 00 00 09 cf 40 00 00 04 95 0f 60 71 2d cf 40 00 00 04 96 1d 75 16 01 06 00 00 cf 40 00 00 07 10 d3 bd 6e 01 01 00 00 cf 40 00 00 07 10 d3 bd 72 01 05 cf 40 00 00 07 10 d3 bd 71 00 cf 40 00 00 07 e4 fa 59 2e 01 03 00 00 cf 40 00 00 07 ec 50 18 d7 05 08 00 00 06 00 00 08 00 00 06 00 00 03 00 00 cf 40 00 00 08 83 c6 3e 6f 01 03 00 00 cf 40 00 00 09 ae 2f 55 5a 01 02 00 00 cf 40 00 00 09 f4 78 7f 58 01 01 00 00 cf 40 00 00 09 f4 78 7f 6a 01 01 00 00 cf 40 00 00 0a 1d 6b 49 24 01 01 00 00 cf 40 00 00 0a 2d 7b 87 77 01 01 00 00 cf 40 00 00 0a 2d 7b 87 97 01 01 00 00 cf 40 00 00 10 d1 f2 1d 47 01 05 cf 40 00 00 07 6b b3 4a 2d 00 cf 40 00 00 12 3b 9d 65 07 01 06 00 00 cf 40 00 00 27 87 e8 71 73 01 01 00 00 cf 40 00 00 29 d8 d6 e8 d1 01 01 00 00 65 cf 40 00 00 07 bf ad 65 db 00 03 cf 40 00 00 09 ae 2f 55 5c 01 01 00 00 cf 40 00 00 48 b6 8a 25 20 01 0f 00 00 cf 40 00 00 49 83 7b 33 d0 01 01 00 00 66 cf 40 00 00 00 00 78 e1 bd 01 cf 40 00 00 02 df b6 46 df 5d cb df fe 88 86 01 12 00 00 cb df fe 88 87 01 12 00 00 cf 40 00 00 00 00 9e 1e f2 01 02 00 00 cf 40 00 00 00 00 a7 bb d7 01 02 00 00 cf 40 00 00 00 03 57 3b 73 01 05 cf 40 00 00 00 03 57 3b 1d 00 cf 40 00 00 00 03 60 40 c5 01 03 00 00 cf 40 00 00 00 1e 4b d1 26 01 03 00 00 cf 40 00 00 00 1f d7 9a 97 01 05 cf 40 00 00 00 1f d5 71 1e 00 cf 40 00 00 00 25 6a ee 1a 01 05 cf 40 00 00 0f 57 7c b4 66 00 cf 40 00 00 00 29 98 13 2a 01 04 00 00 cf 40 00 00 00 ba 08 46 d3 01 04 00 00 cf 40 00 00 00 c3 3a aa bf 01 01 00 00 cf 40 00 00 00 cc a7 45 1f 01 0f 00 00 cf 40 00 00 00 f4 fe 40 26 01 05 cf 40 00 00 00 f4 fe 40 05 00 cf 40 00 00 00 f6 71 fd 39 01 02 00 00 cf 40 00 00 00 f7 33 7a 8d 01 05 cf 40 00 00 00 22 64 a5 89 00 cf 40 00 00 00 fa 77 a5 ef 01 01 00 00 cf 40 00 00 00 fd 6f fb c2 01 05 cf 40 00 00 00 fd 6f f1 f3 00 cf 40 00 00 01 63 4e 5e 8e 01 03 00 00 cf 40 00 00 01 65 b9 92 00 01 12 00 00 cf 40 00 00 01 67 37 fa 5c 01 01 00 00 cf 40 00 00 02 5f 4c 8e 09 01 01 00 00 cf 40 00 00 02 64 1f 28 cc 01 01 00 00 cf 40 00 00 02 bb 83 59 98 01 0f 00 00 cf 40 00 00 02 df b6 4e 0e 01 03 00 00 cf 40 00 00 02 df b6 4e d5 01 01 00 00 cf 40 00 00 02 fe e8 76 5f 01 0f 00 00 cf 40 00 00 02 fe e8 76 60 01 0f 00 00 cf 40 00 00 02 fe e8 76 61 01 0f 00 00 cf 40 00 00 03 65 d2 49 be 01 03 00 00 cf 40 00 00 03 75 51 92 a0 01 03 00 00 cf 40 00 00 03 b0 9d 04 17 01 02 00 00 cf 40 00 00 03 d0 b8 ec fa 02 07 00 00 01 00 00 cf 40 00 00 04 35 52 b5 bd 01 0f 00 00 cf 40 00 00 04 a4 fa ff d8 03 08 00 00 05 cf 40 00 00 04 a4 fa ff d7 00 04 00 00 cf 40 00 00 04 a4 fa ff d9 03 08 00 00 05 cf 40 00 00 04 a4 fa ff d7 00 04 00 00 cf 40 00 00 04 bc 0c 26 9c 01 04 00 00 cf 40 00 00 05 3a 7f ac 13 01 03 00 00 cf 40 00 00 05 5e c4 a5 13 01 05 cf 40 00 00 05 5e c4 a5 10 00 cf 40 00 00 05 7b 5c 49 47 01 04 00 00 cf 40 00 00 05 7b 5c 49 69 01 04 00 00 cf 40 00 00 05 95 02 24 ae 01 02 00 00 cf 40 00 00 05 a1 98 cd 3f 01 06 00 00 cf 40 00 00 06 70 40 8c 37 03 08 00 00 02 00 00 03 00 00 cf 40 00 00 07 6b cb c6 2b 01 04 00 00 cf 40 00 00 07 6b cb c6 2c 01 04 00 00 cf 40 00 00 07 6b cb c6 2d 01 12 00 00 cf 40 00 00 07 6b cb c6 2e 01 04 00 00 cf 40 00 00 07 72 17 08 44 01 03 00 00 cf 40 00 00 07 99 0f 3a 6d 01 05 cf 40 00 00 07 6b b3 4a 2d 00 cf 40 00 00 07 b2 2b c1 9e 01 12 00 00 cf 40 00 00 07 b2 2b c1 a4 01 04 00 00 cf 40 00 00 08 62 3c 1a e1 05 08 00 00 02 00 00 08 00 00 05 cf 40 00 00 04 a4 fa ff d7 00 04 00 00 cf 40 00 00 08 f7 bc 2e 23 02 07 00 00 06 00 00 cf 40 00 00 09 6b e4 82 25 02 07 00 00 02 00 00 cf 40 00 00 09 ef fe 8f fa 01 03 00 00 cf 40 00 00 0a 1d 6b 49 20 01 01 00 00 cf 40 00 00 0a 4e 63 e8 2a 01 01 00 00 cf 40 00 00 0a 4e e2 8d fa 01 01 00 00 cf 40 00 00 0a 4e e2 8d fc 01 03 00 00 cf 40 00 00 0a bb e5 5a 97 02 07 00 00 05 cf 40 00 00 09 84 08 51 57 00 cf 40 00 00 0a f1 ab d5 57 01 02 00 00 cf 40 00 00 0b 15 c6 14 f8 02 07 00 00 01 00 00 cf 40 00 00 0b 73 3b dc fa 01 02 00 00 cf 40 00 00 0b ec 8f 20 d8 01 02 00 00 cf 40 00 00 0c 66 e1 90 29 01 04 00 00 cf 40 00 00 0c ec 9e b5 87 01 05 cf 40 00 00 0c ec 41 a1 67 00 cf 40 00 00 0e d3 cb d3 91 01 04 00 00 cf 40 00 00 0e d3 cb d3 92 01 04 00 00 cf 40 00 00 0e d3 cb d3 93 01 04 00 00 cf 40 00 00 0f 14 6e 15 bf 05 08 00 00 05 cf 40 00 00 04 a4 fa ff d7 00 08 00 00 01 00 00 04 00 00 cf 40 00 00 0f 14 6e 15 c0 05 08 00 00 05 cf 40 00 00 04 a4 fa ff d7 00 08 00 00 01 00 00 04 00 00 cf 40 00 00 0f 9c 0c 62 e7 01 03 00 00 cf 40 00 00 10 36 f1 a2 42 01 01 00 00 cf 40 00 00 10 52 0a 47 7f 01 02 00 00 cf 40 00 00 11 59 e2 d5 a7 01 03 00 00 cf 40 00 00 11 8a 7e 60 88 01 0f 00 00 cf 40 00 00 11 8a 7e 60 89 03 08 00 00 01 00 00 02 00 00 cf 40 00 00 11 8a 7e 60 8a 03 08 00 00 01 00 00 02 00 00 cf 40 00 00 11 8d 87 0c a7 03 08 00 00 01 00 00 05 cf 40 00 00 11 8d 87 0c aa 00 cf 40 00 00 11 8d 87 0c a8 03 08 00 00 01 00 00 02 00 00 cf 40 00 00 11 8d 87 0c a9 03 08 00 00 01 00 00 02 00 00 cf 40 00 00 13 f4 e7 5d a5 01 02 00 00 cf 40 00 00 18 a3 8a 2e 51 01 04 00 00 cf 40 00 00 1c bc be 38 41 01 04 00 00 cf 40 00 00 1c e8 77 3a 44 03 08 00 00 01 00 00 03 00 00 cf 40 00 00 20 f9 d8 8c e0 02 07 00 00 01 00 00 cf 40 00 00 27 87 e8 71 73 01 01 00 00 cf 40 00 00 29 d8 d6 e8 d1 01 01 00 00 cf 40 00 00 2a 08 59 62 90 01 02 00 00 cf 40 00 00 35 09 19 7d 40 01 03 00 00 cf 40 00 00 36 02 99 8f 40 01 01 00 00 cf 40 00 00 3d e3 85 0a c1 03 08 00 00 01 00 00 02 00 00 67 cf 40 00 00 00 02 75 4e e0 01 cf 40 00 00 04 e8 35 63 36 0a cf 40 00 00 00 39 5b 94 8e 01 05 cf 40 00 00 00 01 2c 7b 3f 00 cf 40 00 00 00 4c 2e c1 f0 01 01 00 00 cf 40 00 00 01 65 b9 9c 4c 01 12 00 00 cf 40 00 00 03 fd 97 be 28 01 02 00 00 cf 40 00 00 04 09 a2 04 71 01 15 00 00 cf 40 00 00 0c b4 97 42 df 01 15 00 00 cf 40 00 00 0d fb 2b 27 c1 01 02 00 00 cf 40 00 00 34 e4 9f df 91 01 03 00 00 cf 40 00 00 48 b6 8a 25 20 01 0f 00 00 cf 80 00 00 00 00 a1 a6 3f 01 01 00 00 68 cf 40 00 00 00 00 78 e1 bd 02 cf 40 00 00 00 01 a7 ec 41 cf 40 00 00 02 df b6 46 df 5d cb df fe 88 86 01 12 00 00 cb df fe 88 87 01 12 00 00 cf 40 00 00 00 00 9e 1e f2 01 02 00 00 cf 40 00 00 00 00 a7 bb d7 01 02 00 00 cf 40 00 00 00 03 57 3b 73 01 05 cf 40 00 00 00 03 57 3b 1d 00 cf 40 00 00 00 03 60 40 c5 01 03 00 00 cf 40 00 00 00 1e 4b d1 26 01 03 00 00 cf 40 00 00 00 1f d7 9a 97 01 05 cf 40 00 00 00 1f d5 71 1e 00 cf 40 00 00 00 25 6a ee 1a 01 05 cf 40 00 00 0f 57 7c b4 66 00 cf 40 00 00 00 29 98 13 2a 01 04 00 00 cf 40 00 00 00 ba 08 46 d3 01 04 00 00 cf 40 00 00 00 c3 3a aa bf 01 01 00 00 cf 40 00 00 00 cc a7 45 1f 01 0f 00 00 cf 40 00 00 00 f4 fe 40 26 01 05 cf 40 00 00 00 f4 fe 40 05 00 cf 40 00 00 00 f6 71 fd 39 01 02 00 00 cf 40 00 00 00 f7 33 7a 8d 01 05 cf 40 00 00 00 22 64 a5 89 00 cf 40 00 00 00 fa 77 a5 ef 01 01 00 00 cf 40 00 00 00 fd 6f fb c2 01 05 cf 40 00 00 00 fd 6f f1 f3 00 cf 40 00 00 01 63 4e 5e 8e 01 03 00 00 cf 40 00 00 01 65 b9 92 00 01 12 00 00 cf 40 00 00 01 67 37 fa 5c 01 01 00 00 cf 40 00 00 02 5f 4c 8e 09 01 01 00 00 cf 40 00 00 02 64 1f 28 cc 01 01 00 00 cf 40 00 00 02 bb 83 59 98 01 0f 00 00 cf 40 00 00 02 df b6 4e 0e 01 03 00 00 cf 40 00 00 02 df b6 4e d5 01 01 00 00 cf 40 00 00 02 fe e8 76 5f 01 0f 00 00 cf 40 00 00 02 fe e8 76 60 01 0f 00 00 cf 40 00 00 02 fe e8 76 61 01 0f 00 00 cf 40 00 00 03 65 d2 49 be 01 03 00 00 cf 40 00 00 03 75 51 92 a0 01 03 00 00 cf 40 00 00 03 b0 9d 04 17 01 02 00 00 cf 40 00 00 03 d0 b8 ec fa 02 07 00 00 01 00 00 cf 40 00 00 04 35 52 b5 bd 01 0f 00 00 cf 40 00 00 04 a4 fa ff d8 03 08 00 00 05 cf 40 00 00 04 a4 fa ff d7 00 04 00 00 cf 40 00 00 04 a4 fa ff d9 03 08 00 00 05 cf 40 00 00 04 a4 fa ff d7 00 04 00 00 cf 40 00 00 04 bc 0c 26 9c 01 04 00 00 cf 40 00 00 05 3a 7f ac 13 01 03 00 00 cf 40 00 00 05 5e c4 a5 13 01 05 cf 40 00 00 05 5e c4 a5 10 00 cf 40 00 00 05 7b 5c 49 47 01 04 00 00 cf 40 00 00 05 7b 5c 49 69 01 04 00 00 cf 40 00 00 05 95 02 24 ae 01 02 00 00 cf 40 00 00 05 a1 98 cd 3f 01 06 00 00 cf 40 00 00 06 70 40 8c 37 03 08 00 00 02 00 00 03 00 00 cf 40 00 00 07 6b cb c6 2b 01 04 00 00 cf 40 00 00 07 6b cb c6 2c 01 04 00 00 cf 40 00 00 07 6b cb c6 2d 01 12 00 00 cf 40 00 00 07 6b cb c6 2e 01 04 00 00 cf 40 00 00 07 72 17 08 44 01 03 00 00 cf 40 00 00 07 99 0f 3a 6d 01 05 cf 40 00 00 07 6b b3 4a 2d 00 cf 40 00 00 07 b2 2b c1 9e 01 12 00 00 cf 40 00 00 07 b2 2b c1 a4 01 04 00 00 cf 40 00 00 08 62 3c 1a e1 05 08 00 00 02 00 00 08 00 00 05 cf 40 00 00 04 a4 fa ff d7 00 04 00 00 cf 40 00 00 08 f7 bc 2e 23 02 07 00 00 06 00 00 cf 40 00 00 09 6b e4 82 25 02 07 00 00 02 00 00 cf 40 00 00 09 ef fe 8f fa 01 03 00 00 cf 40 00 00 0a 1d 6b 49 20 01 01 00 00 cf 40 00 00 0a 4e 63 e8 2a 01 01 00 00 cf 40 00 00 0a 4e e2 8d fa 01 01 00 00 cf 40 00 00 0a 4e e2 8d fc 01 03 00 00 cf 40 00 00 0a bb e5 5a 97 02 07 00 00 05 cf 40 00 00 09 84 08 51 57 00 cf 40 00 00 0a f1 ab d5 57 01 02 00 00 cf 40 00 00 0b 15 c6 14 f8 02 07 00 00 01 00 00 cf 40 00 00 0b 73 3b dc fa 01 02 00 00 cf 40 00 00 0b ec 8f 20 d8 01 02 00 00 cf 40 00 00 0c 66 e1 90 29 01 04 00 00 cf 40 00 00 0c ec 9e b5 87 01 05 cf 40 00 00 0c ec 41 a1 67 00 cf 40 00 00 0e d3 cb d3 91 01 04 00 00 cf 40 00 00 0e d3 cb d3 92 01 04 00 00 cf 40 00 00 0e d3 cb d3 93 01 04 00 00 cf 40 00 00 0f 14 6e 15 bf 05 08 00 00 05 cf 40 00 00 04 a4 fa ff d7 00 08 00 00 01 00 00 04 00 00 cf 40 00 00 0f 14 6e 15 c0 05 08 00 00 05 cf 40 00 00 04 a4 fa ff d7 00 08 00 00 01 00 00 04 00 00 cf 40 00 00 0f 9c 0c 62 e7 01 03 00 00 cf 40 00 00 10 36 f1 a2 42 01 01 00 00 cf 40 00 00 10 52 0a 47 7f 01 02 00 00 cf 40 00 00 11 59 e2 d5 a7 01 03 00 00 cf 40 00 00 11 8a 7e 60 88 01 0f 00 00 cf 40 00 00 11 8a 7e 60 89 03 08 00 00 01 00 00 02 00 00 cf 40 00 00 11 8a 7e 60 8a 03 08 00 00 01 00 00 02 00 00 cf 40 00 00 11 8d 87 0c a7 03 08 00 00 01 00 00 05 cf 40 00 00 11 8d 87 0c aa 00 cf 40 00 00 11 8d 87 0c a8 03 08 00 00 01 00 00 02 00 00 cf 40 00 00 11 8d 87 0c a9 03 08 00 00 01 00 00 02 00 00 cf 40 00 00 13 f4 e7 5d a5 01 02 00 00 cf 40 00 00 18 a3 8a 2e 51 01 04 00 00 cf 40 00 00 1c bc be 38 41 01 04 00 00 cf 40 00 00 1c e8 77 3a 44 03 08 00 00 01 00 00 03 00 00 cf 40 00 00 20 f9 d8 8c e0 02 07 00 00 01 00 00 cf 40 00 00 27 87 e8 71 73 01 01 00 00 cf 40 00 00 29 d8 d6 e8 d1 01 01 00 00 cf 40 00 00 2a 08 59 62 90 01 02 00 00 cf 40 00 00 35 09 19 7d 40 01 03 00 00 cf 40 00 00 36 02 99 8f 40 01 01 00 00 cf 40 00 00 3d e3 85 0a c1 03 08 00 00 01 00 00 02 00 00 01 35 cc 1a c6 88 c9 71 aa cf 40 00 00 05 df a8 40 4d cc 1a c6 88 c9 6f 05 07 c9 01 0e 01 c9 01 09 04 cc 1a c6 89 17 9f 3a cf e0 00 0a 3c e9 00 40 e0 03 01 cf e0 00 a2 2a ec 6a 49 9e 02 cf e0 00 98 2b 02 fc 57 59 03 cf e0 00 40 14 09 d7 83 ec 7a c7 5f c1 a3 23 2d c0 81 f5 c6 c2 cc 1a c6 89 17 9f f8 cc 1a c6 89 17 bd 3a cf e0 00 68 24 12 57 73 ac 03 01 cf e0 00 e9 de b7 38 d2 83 02 cf e0 00 2d be 06 e2 98 44 03 cf e0 00 91 14 91 1e 55 2d b7 d1 5f c1 a3 23 2d c0 1d 98 c4 c2 cc 1a c6 89 17 bd f8 cc 1a c6 89 5e d5 3a cf e0 00 e4 9a 40 86 a8 a0 03 01 cf e0 00 e9 de b7 38 d2 83 02 cf e0 00 2d be 06 e2 98 44 03 cf e0 00 91 14 91 1e 55 2d b9 bc 06 c2 8b fd a3 c0 ac 8b 15 c2 cc 1a c6 89 5e d5 f8 cc 1a c6 89 5f 1e 3a cf e0 00 47 7a 82 f8 2d 71 03 01 cf e0 00 a2 2a ec 6a 49 9e 02 cf e0 00 98 2b 02 fc 57 59 03 cf e0 00 40 14 09 d7 83 ec 15 cc 12 c2 8b fd a3 c0 24 97 10 c2 cc 1a c6 89 5f 1e f8 80 cc 1a c6 88 c9 7b 6a cf e0 00 93 0a 9d 27 34 8c 00 05 08 c9 05 94 03 c9 05 8f 9e cf 40 00 00 01 ec 22 7b 48 cf 40 00 00 01 ec 22 7b 48 cf 40 00 00 03 b3 9b 01 da cf 40 00 00 03 b3 9b 01 da cf 40 00 00 04 a6 ac 67 56 cf 40 00 00 04 a6 ac 67 56 cf 40 00 00 07 57 1e 6e c8 cf 40 00 00 07 57 1e 6e c8 cf 40 00 00 07 d0 6e aa 18 cf 40 00 00 07 d0 6e aa 18 cf 40 00 00 07 d0 6e aa 19 cf 40 00 00 07 d0 6e aa 19 cf 40 00 00 07 d0 6e aa 1e cf 40 00 00 07 d0 6e aa 1e cf 40 00 00 08 38 6a 87 53 cf 40 00 00 08 38 6a 87 53 cf 40 00 00 08 38 6a 87 5d cf 40 00 00 08 38 6a 87 5d cf 40 00 00 08 38 6a 87 6a cf 40 00 00 08 38 6a 87 6a cf 40 00 00 08 38 6a 87 6d cf 40 00 00 08 38 6a 87 6d cf 40 00 00 08 38 6a 87 6f cf 40 00 00 08 38 6a 87 6f cf 40 00 00 08 38 6a 87 70 cf 40 00 00 08 38 6a 87 70 cf 40 00 00 08 38 6a 87 71 cf 40 00 00 08 38 6a 87 71 cf 40 00 00 08 38 6a 87 73 cf 40 00 00 08 38 6a 87 73 cf 40 00 00 08 38 6a 87 74 cf 40 00 00 08 38 6a 87 74 cf 40 00 00 08 38 6a 87 77 cf 40 00 00 08 38 6a 87 77 cf 40 00 00 08 38 6a 87 78 cf 40 00 00 08 38 6a 87 78 cf 40 00 00 08 38 6a 87 79 cf 40 00 00 08 38 6a 87 79 cf 40 00 00 08 38 6a 87 7a cf 40 00 00 08 38 6a 87 7a cf 40 00 00 08 38 6a 87 7b cf 40 00 00 08 38 6a 87 7b cf 40 00 00 08 38 6a 87 7c cf 40 00 00 08 38 6a 87 7c cf 40 00 00 08 38 6a 87 7d cf 40 00 00 08 38 6a 87 7d cf 40 00 00 08 38 6a 87 7e cf 40 00 00 08 38 6a 87 7e cf 40 00 00 08 38 6a 87 7f cf 40 00 00 08 38 6a 87 7f cf 40 00 00 08 38 6a 87 9e cf 40 00 00 08 38 6a 87 9e cf 40 00 00 08 38 6a 87 a1 cf 40 00 00 08 38 6a 87 a1 cf 40 00 00 08 38 6a 87 a2 cf 40 00 00 08 38 6a 87 a2 cf 40 00 00 08 38 6a 87 a3 cf 40 00 00 08 38 6a 87 a3 cf 40 00 00 08 38 6a 87 a4 cf 40 00 00 08 38 6a 87 a4 cf 40 00 00 08 38 6a 87 a7 cf 40 00 00 08 38 6a 87 a7 cf 40 00 00 08 38 6a 87 a9 cf 40 00 00 08 38 6a 87 a9 cf 40 00 00 08 fa 66 40 16 cf 40 00 00 08 fa 66 40 16 cf 40 00 00 08 fa 66 40 17 cf 40 00 00 08 fa 66 40 17 cf 40 00 00 08 fa 66 40 18 cf 40 00 00 08 fa 66 40 18 cf 40 00 00 08 fa 66 40 19 cf 40 00 00 08 fa 66 40 19 cf 40 00 00 08 fa 66 40 1a cf 40 00 00 08 fa 66 40 1a cf 40 00 00 08 fa 66 40 1b cf 40 00 00 08 fa 66 40 1b cf 40 00 00 08 fa 66 40 1c cf 40 00 00 08 fa 66 40 1c cf 40 00 00 08 fa 66 40 1d cf 40 00 00 08 fa 66 40 1d cf 40 00 00 08 fa 66 40 1e cf 40 00 00 08 fa 66 40 1e cf 40 00 00 08 fa 66 40 1f cf 40 00 00 08 fa 66 40 1f cf 40 00 00 08 fa 66 40 20 cf 40 00 00 08 fa 66 40 20 cf 40 00 00 08 fa 66 40 21 cf 40 00 00 08 fa 66 40 21 cf 40 00 00 08 fa 66 40 22 cf 40 00 00 08 fa 66 40 22 cf 40 00 00 08 fa 66 40 d8 cf 40 00 00 08 fa 66 40 d8 cf 40 00 00 09 8e 07 46 b7 cf 40 00 00 09 8e 07 46 b7 cf 40 00 00 0c 4a 80 81 db cf 40 00 00 0c 4a 80 81 db cf 40 00 00 0c 4a 80 81 dd cf 40 00 00 0c 4a 80 81 dd cf 40 00 00 0c 5c cb ad 30 cf 40 00 00 0c 5c cb ad 30 cf 40 00 00 0c 5c cb ad 31 cf 40 00 00 0c 5c cb ad 31 cf 40 00 00 0c 5c cb ad 32 cf 40 00 00 0c 5c cb ad 32 cf 40 00 00 0c 63 1a 28 10 cf 40 00 00 0c 63 1a 28 10 cf 40 00 00 0c 63 1a 28 11 cf 40 00 00 0c 63 1a 28 11 cf 40 00 00 0e 04 8d a0 15 cf 40 00 00 0e 04 8d a0 15 cf 40 00 00 0e 04 8d a0 17 cf 40 00 00 0e 04 8d a0 17 cf 40 00 00 0e 04 8d a0 18 cf 40 00 00 0e 04 8d a0 18 cf 40 00 00 0e 04 8d a0 1a cf 40 00 00 0e 04 8d a0 1a cf 40 00 00 0e 04 8d a0 1b cf 40 00 00 0e 04 8d a0 1b cf 40 00 00 0e 04 8d a0 1c cf 40 00 00 0e 04 8d a0 1c cf 40 00 00 0e 04 8d a0 1d cf 40 00 00 0e 04 8d a0 1d cf 40 00 00 0e 04 8d a0 1e cf 40 00 00 0e 04 8d a0 1e cf 40 00 00 0e 04 8d a0 1f cf 40 00 00 0e 04 8d a0 1f cf 40 00 00 0e 04 8d a0 20 cf 40 00 00 0e 04 8d a0 20 cf 40 00 00 0e 04 8d a0 22 cf 40 00 00 0e 04 8d a0 22 cf 40 00 00 0e 04 8d a0 23 cf 40 00 00 0e 04 8d a0 23 cf 40 00 00 0e 04 8d a0 25 cf 40 00 00 0e 04 8d a0 25 cf 40 00 00 0e 04 8d a0 26 cf 40 00 00 0e 04 8d a0 26 cf 40 00 00 0e 04 8d a0 27 cf 40 00 00 0e 04 8d a0 27 cf 40 00 00 0e 04 8d a0 28 cf 40 00 00 0e 04 8d a0 28 cf 40 00 00 0e cc a8 4e 35 cf 40 00 00 0e cc a8 4e 35 cf 40 00 00 0e cc a8 4e 37 cf 40 00 00 0e cc a8 4e 37 cf 40 00 00 12 5b 51 8c 0d cf 40 00 00 12 5b 51 8c 0d cf 40 00 00 12 5b 51 8c 0f cf 40 00 00 12 5b 51 8c 0f cf 40 00 00 33 12 f7 ce a2 cf 40 00 00 33 12 f7 ce a2 cf 40 00 00 33 12 f7 ce a4 cf 40 00 00 33 12 f7 ce a4 cf 40 00 00 33 12 f7 ce a6 cf 40 00 00 33 12 f7 ce a6 cf 40 00 00 33 12 f7 ce a8 cf 40 00 00 33 12 f7 ce a8 cf 40 00 00 33 41 91 50 49 cf 40 00 00 33 41 91 50 49 60 cc 1a c6 88 c9 7c 6a cf e0 00 9a 2e 21 72 85 13 00 05 08 c9 01 89 03 c9 01 84 2a cf 40 00 00 03 2d cc bf ff cf 40 00 00 03 2d cc bf ff cf 40 00 00 03 2d cc c0 1c cf 40 00 00 03 2d cc c0 1c cf 40 00 00 03 2d cc c0 27 cf 40 00 00 03 2d cc c0 27 cf 40 00 00 03 2d cc c0 32 cf 40 00 00 03 2d cc c0 32 cf 40 00 00 03 2d cc c0 40 cf 40 00 00 03 2d cc c0 40 cf 40 00 00 03 2d cc c0 54 cf 40 00 00 03 2d cc c0 54 cf 40 00 00 03 2d cc c0 62 cf 40 00 00 03 2d cc c0 62 cf 40 00 00 03 45 6d 44 e1 cf 40 00 00 03 45 6d 44 e1 cf 40 00 00 04 e0 66 7e 88 cf 40 00 00 04 e0 66 7e 88 cf 40 00 00 04 e0 66 7e 8a cf 40 00 00 04 e0 66 7e 8a cf 40 00 00 08 77 12 90 a1 cf 40 00 00 08 77 12 90 a1 cf 40 00 00 08 d7 40 24 21 cf 40 00 00 08 d7 40 24 21 cf 40 00 00 08 db 8c 4d 09 cf 40 00 00 08 db 8c 4d 09 cf 40 00 00 08 fa 66 3f 85 cf 40 00 00 08 fa 66 3f 85 cf 40 00 00 08 fa 66 3f 87 cf 40 00 00 08 fa 66 3f 87 cf 40 00 00 13 50 60 88 b5 cf 40 00 00 13 50 60 88 b5 cf 40 00 00 13 50 60 88 b7 cf 40 00 00 13 50 60 88 b7 cf 40 00 00 13 50 60 88 b9 cf 40 00 00 13 50 60 88 b9 cf 40 00 00 13 50 60 88 bb cf 40 00 00 13 50 60 88 bb cf 40 00 00 13 50 60 88 bd cf 40 00 00 13 50 60 88 bd cf 40 00 00 13 50 60 88 bf cf 40 00 00 13 50 60 88 bf cf e0 00 ee 49 7d 86 82 d6 50 cc 1a c6 88 c9 7e 6a cf e0 00 e8 e2 30 30 4f 84 00 05 08 43 03 40 06 cf 40 00 00 04 6e 8f bb 53 cf 40 00 00 04 6e 8f bb 53 cf 40 00 00 08 fa 66 40 73 cf 40 00 00 08 fa 66 40 73 cf 40 00 00 18 92 b1 bd f2 cf 40 00 00 18 92 b1 bd f2 cf e0 00 9e bf fa a2 e2 04 50 cc 1a c6 88 c9 80 6a cf e0 00 a1 b9 06 35 a9 5e 00 05 08 c9 01 e3 03 c9 01 de 34 cf 40 00 00 08 2a 16 4f ba cf 40 00 00 08 2a 16 4f ba cf 40 00 00 08 2a 16 4f bb cf 40 00 00 08 2a 16 4f bb cf 40 00 00 08 2a 16 4f be cf 40 00 00 08 2a 16 4f be cf 40 00 00 08 2a 16 4f bf cf 40 00 00 08 2a 16 4f bf cf 40 00 00 08 36 96 13 8d cf 40 00 00 08 36 96 13 8d cf 40 00 00 08 36 96 13 92 cf 40 00 00 08 36 96 13 92 cf 40 00 00 08 36 96 13 cf cf 40 00 00 08 36 96 13 cf cf 40 00 00 08 38 6a 86 30 cf 40 00 00 08 38 6a 86 30 cf 40 00 00 08 38 6a 86 32 cf 40 00 00 08 38 6a 86 32 cf 40 00 00 08 38 6a 86 33 cf 40 00 00 08 38 6a 86 33 cf 40 00 00 08 38 6a 86 35 cf 40 00 00 08 38 6a 86 35 cf 40 00 00 08 38 6a 86 36 cf 40 00 00 08 38 6a 86 36 cf 40 00 00 08 fa 66 3f af cf 40 00 00 08 fa 66 3f af cf 40 00 00 08 fa 66 3f b0 cf 40 00 00 08 fa 66 3f b0 cf 40 00 00 08 fa 66 3f b1 cf 40 00 00 08 fa 66 3f b1 cf 40 00 00 09 8e 07 46 b8 cf 40 00 00 09 8e 07 46 b8 cf 40 00 00 09 8e 07 46 b9 cf 40 00 00 09 8e 07 46 b9 cf 40 00 00 0c 5c cb ad 4a cf 40 00 00 0c 5c cb ad 4a cf 40 00 00 0c 5c cb ad 4d cf 40 00 00 0c 5c cb ad 4d cf 40 00 00 0c 5c cb ad 4f cf 40 00 00 0c 5c cb ad 4f cf 40 00 00 0c 5c cb ad 59 cf 40 00 00 0c 5c cb ad 59 cf 40 00 00 0c 5c cb ad 5e cf 40 00 00 0c 5c cb ad 5e cf 40 00 00 0c 5c cb ad 60 cf 40 00 00 0c 5c cb ad 60 cf 40 00 00 0c 5c cb ad 61 cf 40 00 00 0c 5c cb ad 61 cf 40 00 00 12 f0 f3 35 9d cf 40 00 00 12 f0 f3 35 9d cf 40 00 00 12 f0 f3 35 9f cf 40 00 00 12 f0 f3 35 9f cf e0 00 52 ae d6 ac 09 11 50 cc 1a c6 88 c9 82 6a cf e0 00 f3 ab 75 19 f1 f1 00 05 08 c9 01 f5 03 c9 01 f0 36 cf 40 00 00 03 34 b1 ab 00 cf 40 00 00 03 34 b1 ab 00 cf 40 00 00 07 d0 6e a9 da cf 40 00 00 07 d0 6e a9 da cf 40 00 00 08 90 3e 59 0c cf 40 00 00 08 90 3e 59 0c cf 40 00 00 08 90 3e 59 0d cf 40 00 00 08 90 3e 59 0d cf 40 00 00 08 90 3e 59 0e cf 40 00 00 08 90 3e 59 0e cf 40 00 00 08 90 3e 59 11 cf 40 00 00 08 90 3e 59 11 cf 40 00 00 08 90 3e 59 12 cf 40 00 00 08 90 3e 59 12 cf 40 00 00 08 90 3e 59 13 cf 40 00 00 08 90 3e 59 13 cf 40 00 00 08 fa 66 40 cc cf 40 00 00 08 fa 66 40 cc cf 40 00 00 08 fa 66 40 cd cf 40 00 00 08 fa 66 40 cd cf 40 00 00 08 fa 66 40 ce cf 40 00 00 08 fa 66 40 ce cf 40 00 00 08 fa 66 40 cf cf 40 00 00 08 fa 66 40 cf cf 40 00 00 09 8e 07 41 9a cf 40 00 00 09 8e 07 41 9a cf 40 00 00 09 8e 07 41 9b cf 40 00 00 09 8e 07 41 9b cf 40 00 00 0c 5c cb ac f1 cf 40 00 00 0c 5c cb ac f1 cf 40 00 00 0c 5c cb ac f4 cf 40 00 00 0c 5c cb ac f4 cf 40 00 00 0c 5c cb ac f5 cf 40 00 00 0c 5c cb ac f5 cf 40 00 00 0c 5c cb ac f6 cf 40 00 00 0c 5c cb ac f6 cf 40 00 00 0c 5c cb ac fd cf 40 00 00 0c 5c cb ac fd cf 40 00 00 0c 5c cb ac fe cf 40 00 00 0c 5c cb ac fe cf 40 00 00 0c 5c cb ac ff cf 40 00 00 0c 5c cb ac ff cf 40 00 00 0c 5c cb ad 06 cf 40 00 00 0c 5c cb ad 06 cf 40 00 00 0c 5c cb ad 07 cf 40 00 00 0c 5c cb ad 07 cf 40 00 00 0c 5c cb ad 65 cf 40 00 00 0c 5c cb ad 65 cf 40 00 00 0c 63 1a 27 fb cf 40 00 00 0c 63 1a 27 fb cf 40 00 00 49 38 aa 85 e2 cf 40 00 00 49 38 aa 85 e2 cf 40 00 00 49 38 aa 85 e4 cf 40 00 00 49 38 aa 85 e4 cf e0 00 dc e5 09 1f cb 87 50 cc 1a c6 88 c9 84 6a cf e0 00 3c 26 52 99 22 35 00 05 08 c9 03 6f 03 c9 03 6a 60 cf 40 00 00 01 ec 11 2e f9 cf 40 00 00 01 ec 11 2e f9 cf 40 00 00 03 69 8d 9d 83 cf 40 00 00 03 69 8d 9d 83 cf 40 00 00 03 b3 9b 01 db cf 40 00 00 03 b3 9b 01 db cf 40 00 00 07 d0 6e aa 2f cf 40 00 00 07 d0 6e aa 2f cf 40 00 00 07 d0 6e aa 34 cf 40 00 00 07 d0 6e aa 34 cf 40 00 00 08 50 99 06 4a cf 40 00 00 08 50 99 06 4a cf 40 00 00 08 50 99 08 07 cf 40 00 00 08 50 99 08 07 cf 40 00 00 08 50 99 08 0b cf 40 00 00 08 50 99 08 0b cf 40 00 00 08 50 99 08 0c cf 40 00 00 08 50 99 08 0c cf 40 00 00 08 50 99 08 0d cf 40 00 00 08 50 99 08 0d cf 40 00 00 08 50 99 08 12 cf 40 00 00 08 50 99 08 12 cf 40 00 00 08 50 99 08 15 cf 40 00 00 08 50 99 08 15 cf 40 00 00 08 50 99 08 18 cf 40 00 00 08 50 99 08 18 cf 40 00 00 08 50 99 08 1b cf 40 00 00 08 50 99 08 1b cf 40 00 00 08 50 99 08 1d cf 40 00 00 08 50 99 08 1d cf 40 00 00 08 50 99 08 20 cf 40 00 00 08 50 99 08 20 cf 40 00 00 08 50 99 08 22 cf 40 00 00 08 50 99 08 22 cf 40 00 00 08 50 99 08 23 cf 40 00 00 08 50 99 08 23 cf 40 00 00 08 50 99 08 24 cf 40 00 00 08 50 99 08 24 cf 40 00 00 08 50 99 08 25 cf 40 00 00 08 50 99 08 25 cf 40 00 00 08 50 99 08 26 cf 40 00 00 08 50 99 08 26 cf 40 00 00 08 50 99 08 27 cf 40 00 00 08 50 99 08 27 cf 40 00 00 08 50 99 08 28 cf 40 00 00 08 50 99 08 28 cf 40 00 00 08 50 99 08 29 cf 40 00 00 08 50 99 08 29 cf 40 00 00 08 50 99 08 2a cf 40 00 00 08 50 99 08 2a cf 40 00 00 08 fa 66 40 23 cf 40 00 00 08 fa 66 40 23 cf 40 00 00 08 fa 66 40 24 cf 40 00 00 08 fa 66 40 24 cf 40 00 00 08 fa 66 40 25 cf 40 00 00 08 fa 66 40 25 cf 40 00 00 09 79 56 e7 0c cf 40 00 00 09 79 56 e7 0c cf 40 00 00 09 79 56 e7 0d cf 40 00 00 09 79 56 e7 0d cf 40 00 00 09 79 56 e7 0e cf 40 00 00 09 79 56 e7 0e cf 40 00 00 0c 5c cb ac e7 cf 40 00 00 0c 5c cb ac e7 cf 40 00 00 0c 5c cb ac e8 cf 40 00 00 0c 5c cb ac e8 cf 40 00 00 0c 5c cb ac e9 cf 40 00 00 0c 5c cb ac e9 cf 40 00 00 0c 5c cb ac ea cf 40 00 00 0c 5c cb ac ea cf 40 00 00 0c 5c cb ac eb cf 40 00 00 0c 5c cb ac eb cf 40 00 00 0c 5c cb ac ec cf 40 00 00 0c 5c cb ac ec cf 40 00 00 0c 5c cb ac ed cf 40 00 00 0c 5c cb ac ed cf 40 00 00 0c 5c cb ac ee cf 40 00 00 0c 5c cb ac ee cf 40 00 00 0c 5c cb ac ef cf 40 00 00 0c 5c cb ac ef cf 40 00 00 0c 5c cb ac f2 cf 40 00 00 0c 5c cb ac f2 cf 40 00 00 0c 5c cb ac f3 cf 40 00 00 0c 5c cb ac f3 cf 40 00 00 13 50 60 8a af cf 40 00 00 13 50 60 8a af cf 40 00 00 13 50 60 8a b1 cf 40 00 00 13 50 60 8a b1 cf 40 00 00 13 50 60 8b 90 cf 40 00 00 13 50 60 8b 90 cf 40 00 00 13 50 60 8b 92 cf 40 00 00 13 50 60 8b 92 cf 40 00 00 13 50 60 8c 2f cf 40 00 00 13 50 60 8c 2f cf 40 00 00 35 29 73 80 91 cf 40 00 00 35 29 73 80 91 cf e0 00 59 7a 0b c0 2d ca 50 cc 1a c6 88 c9 86 6a cf e0 00 c1 86 14 b2 da 69 00 05 08 c9 02 7c 03 c9 02 77 46 cf 40 00 00 08 38 6a 87 58 cf 40 00 00 08 38 6a 87 58 cf 40 00 00 08 3e 46 77 74 cf 40 00 00 08 3e 46 77 74 cf 40 00 00 08 50 99 03 b4 cf 40 00 00 08 50 99 03 b4 cf 40 00 00 08 50 99 03 c4 cf 40 00 00 08 50 99 03 c4 cf 40 00 00 08 50 99 03 ca cf 40 00 00 08 50 99 03 ca cf 40 00 00 08 50 99 03 cd cf 40 00 00 08 50 99 03 cd cf 40 00 00 08 a3 c3 99 90 cf 40 00 00 08 a3 c3 99 90 cf 40 00 00 08 fa 66 40 7a cf 40 00 00 08 fa 66 40 7a cf 40 00 00 08 fa 66 40 7b cf 40 00 00 08 fa 66 40 7b cf 40 00 00 08 fa 66 40 7c cf 40 00 00 08 fa 66 40 7c cf 40 00 00 0c 4a 80 82 70 cf 40 00 00 0c 4a 80 82 70 cf 40 00 00 0c 4a 80 82 71 cf 40 00 00 0c 4a 80 82 71 cf 40 00 00 0c 93 d0 4b f7 cf 40 00 00 0c 93 d0 4b f7 cf 40 00 00 0c 93 d0 4b f8 cf 40 00 00 0c 93 d0 4b f8 cf 40 00 00 0c 93 d0 4b fb cf 40 00 00 0c 93 d0 4b fb cf 40 00 00 0c 93 d0 4b ff cf 40 00 00 0c 93 d0 4b ff cf 40 00 00 0c 93 d0 4c 00 cf 40 00 00 0c 93 d0 4c 00 cf 40 00 00 0c 93 d0 4c 01 cf 40 00 00 0c 93 d0 4c 01 cf 40 00 00 0c 93 d0 4c 04 cf 40 00 00 0c 93 d0 4c 04 cf 40 00 00 0c 93 d0 4c 05 cf 40 00 00 0c 93 d0 4c 05 cf 40 00 00 0c 93 d0 4c 47 cf 40 00 00 0c 93 d0 4c 47 cf 40 00 00 0c 93 d0 4c 49 cf 40 00 00 0c 93 d0 4c 49 cf 40 00 00 0c 93 d0 4c 4a cf 40 00 00 0c 93 d0 4c 4a cf 40 00 00 0c 93 d0 4c 4b cf 40 00 00 0c 93 d0 4c 4b cf 40 00 00 0c 93 d0 4c 4c cf 40 00 00 0c 93 d0 4c 4c cf 40 00 00 0c 93 d0 4c 4d cf 40 00 00 0c 93 d0 4c 4d cf 40 00 00 0c 93 d0 4c 56 cf 40 00 00 0c 93 d0 4c 56 cf 40 00 00 0c 93 d0 4c 57 cf 40 00 00 0c 93 d0 4c 57 cf 40 00 00 0c 93 d0 4c 59 cf 40 00 00 0c 93 d0 4c 59 cf 40 00 00 0c 93 d0 4c 5e cf 40 00 00 0c 93 d0 4c 5e cf 40 00 00 0c 93 d0 4c 5f cf 40 00 00 0c 93 d0 4c 5f cf 40 00 00 0e f6 53 e1 96 cf 40 00 00 0e f6 53 e1 96 cf 40 00 00 0e f6 53 e1 97 cf 40 00 00 0e f6 53 e1 97 cf 40 00 00 13 9f 2b 1f a6 cf 40 00 00 13 9f 2b 1f a6 cf 40 00 00 13 9f 2b 1f a8 cf 40 00 00 13 9f 2b 1f a8 60 cc 1a c6 88 c9 87 6a cf e0 00 8f 91 a4 f9 6e f7 00 05 08 c9 02 22 03 c9 02 1d 3c cf 40 00 00 07 53 55 7f 2d cf 40 00 00 07 53 55 7f 2d cf 40 00 00 07 d0 6e a9 ef cf 40 00 00 07 d0 6e a9 ef cf 40 00 00 08 2a 16 53 18 cf 40 00 00 08 2a 16 53 18 cf 40 00 00 08 2a 16 54 05 cf 40 00 00 08 2a 16 54 05 cf 40 00 00 08 2a 16 54 07 cf 40 00 00 08 2a 16 54 07 cf 40 00 00 08 2a 16 54 08 cf 40 00 00 08 2a 16 54 08 cf 40 00 00 08 38 6a 87 10 cf 40 00 00 08 38 6a 87 10 cf 40 00 00 08 38 6a 87 14 cf 40 00 00 08 38 6a 87 14 cf 40 00 00 08 38 6a 87 27 cf 40 00 00 08 38 6a 87 27 cf 40 00 00 08 38 6a 87 28 cf 40 00 00 08 38 6a 87 28 cf 40 00 00 08 38 6a 87 29 cf 40 00 00 08 38 6a 87 29 cf 40 00 00 08 38 6a 87 2a cf 40 00 00 08 38 6a 87 2a cf 40 00 00 08 38 6a 87 2c cf 40 00 00 08 38 6a 87 2c cf 40 00 00 08 38 6a 87 2d cf 40 00 00 08 38 6a 87 2d cf 40 00 00 08 38 6a 87 2e cf 40 00 00 08 38 6a 87 2e cf 40 00 00 08 38 6a 87 2f cf 40 00 00 08 38 6a 87 2f cf 40 00 00 08 fa 66 3f d3 cf 40 00 00 08 fa 66 3f d3 cf 40 00 00 08 fa 66 3f e8 cf 40 00 00 08 fa 66 3f e8 cf 40 00 00 08 fa 66 3f e9 cf 40 00 00 08 fa 66 3f e9 cf 40 00 00 0c 63 1a 29 37 cf 40 00 00 0c 63 1a 29 37 cf 40 00 00 0c 63 1a 29 38 cf 40 00 00 0c 63 1a 29 38 cf 40 00 00 0c 63 1a 29 39 cf 40 00 00 0c 63 1a 29 39 cf 40 00 00 0c 63 1a 29 3a cf 40 00 00 0c 63 1a 29 3a cf 40 00 00 0c 63 1a 29 3b cf 40 00 00 0c 63 1a 29 3b cf 40 00 00 0c 63 1a 29 3c cf 40 00 00 0c 63 1a 29 3c cf 40 00 00 0c 63 1a 29 3d cf 40 00 00 0c 63 1a 29 3d cf 40 00 00 0c 63 1a 29 3e cf 40 00 00 0c 63 1a 29 3e cf 40 00 00 0c 63 1a 29 3f cf 40 00 00 0c 63 1a 29 3f cf 40 00 00 0c 63 1a 29 40 cf 40 00 00 0c 63 1a 29 40 cf 40 00 00 48 d5 b9 8b 3a cf 40 00 00 48 d5 b9 8b 3a 60 cc 1a c6 88 c9 88 6a cf e0 00 08 65 5a 73 1a 98 00 05 08 c9 01 c8 03 c9 01 c3 32 cf 40 00 00 03 2a ca a2 6d cf 40 00 00 03 2a ca a2 6d cf 40 00 00 08 1e 3b 5f c9 cf 40 00 00 08 1e 3b 5f c9 cf 40 00 00 08 2a 16 4f c4 cf 40 00 00 08 2a 16 4f c4 cf 40 00 00 08 2a 16 4f c5 cf 40 00 00 08 2a 16 4f c5 cf 40 00 00 08 2a 16 4f c6 cf 40 00 00 08 2a 16 4f c6 cf 40 00 00 08 2a 16 4f c7 cf 40 00 00 08 2a 16 4f c7 cf 40 00 00 08 2a 16 4f ca cf 40 00 00 08 2a 16 4f ca cf 40 00 00 08 46 69 48 d1 cf 40 00 00 08 46 69 48 d1 cf 40 00 00 08 46 69 48 d3 cf 40 00 00 08 46 69 48 d3 cf 40 00 00 08 46 69 48 d5 cf 40 00 00 08 46 69 48 d5 cf 40 00 00 08 46 69 48 d7 cf 40 00 00 08 46 69 48 d7 cf 40 00 00 08 df e7 b8 ca cf 40 00 00 08 df e7 b8 ca cf 40 00 00 08 fa 66 3f ab cf 40 00 00 08 fa 66 3f ab cf 40 00 00 08 fa 66 3f ac cf 40 00 00 08 fa 66 3f ac cf 40 00 00 08 fa 66 3f ad cf 40 00 00 08 fa 66 3f ad cf 40 00 00 08 fa 66 3f ae cf 40 00 00 08 fa 66 3f ae cf 40 00 00 0c 4a 80 81 cd cf 40 00 00 0c 4a 80 81 cd cf 40 00 00 0c 4a 80 81 cf cf 40 00 00 0c 4a 80 81 cf cf 40 00 00 0c 4a 80 81 d1 cf 40 00 00 0c 4a 80 81 d1 cf 40 00 00 0c 4a 80 81 d3 cf 40 00 00 0c 4a 80 81 d3 cf 40 00 00 0c 5c cb ad 52 cf 40 00 00 0c 5c cb ad 52 cf 40 00 00 0c 5c cb ad 57 cf 40 00 00 0c 5c cb ad 57 cf 40 00 00 0c 5c cb ad 5b cf 40 00 00 0c 5c cb ad 5b cf 40 00 00 0c 5c cb ad 5c cf 40 00 00 0c 5c cb ad 5c cf 40 00 00 13 19 50 79 c8 cf 40 00 00 13 19 50 79 c8 60 cc 1a c6 88 c9 89 6a cf e0 00 1e c3 67 75 27 d9 00 05 08 55 03 52 08 cf 40 00 00 06 d7 a2 ea a5 cf 40 00 00 06 d7 a2 ea a5 cf 40 00 00 08 fa 66 40 72 cf 40 00 00 08 fa 66 40 72 cf 40 00 00 09 79 56 e5 d9 cf 40 00 00 09 79 56 e5 d9 cf 40 00 00 1c af a9 d4 c2 cf 40 00 00 1c af a9 d4 c2 cf e0 00 e6 56 f7 6a 52 dd 50 cc 1a c6 88 c9 8b 6a cf e0 00 ab 03 e9 40 56 32 00 05 08 c9 01 41 03 c9 01 3c 22 cf 40 00 00 07 57 1e 6e 93 cf 40 00 00 07 57 1e 6e 93 cf 40 00 00 08 2a 16 55 d2 cf 40 00 00 08 2a 16 55 d2 cf 40 00 00 08 2a 16 56 39 cf 40 00 00 08 2a 16 56 39 cf 40 00 00 08 2a 16 57 31 cf 40 00 00 08 2a 16 57 31 cf 40 00 00 08 2a 16 57 3f cf 40 00 00 08 2a 16 57 3f cf 40 00 00 08 2a 16 57 49 cf 40 00 00 08 2a 16 57 49 cf 40 00 00 08 2a 16 58 2f cf 40 00 00 08 2a 16 58 2f cf 40 00 00 08 fa 66 40 10 cf 40 00 00 08 fa 66 40 10 cf 40 00 00 08 fa 66 40 11 cf 40 00 00 08 fa 66 40 11 cf 40 00 00 08 fa 66 40 12 cf 40 00 00 08 fa 66 40 12 cf 40 00 00 08 fa 66 40 13 cf 40 00 00 08 fa 66 40 13 cf 40 00 00 08 fa 66 40 14 cf 40 00 00 08 fa 66 40 14 cf 40 00 00 08 fa 66 40 15 cf 40 00 00 08 fa 66 40 15 cf 40 00 00 3d 94 70 bf 91 cf 40 00 00 3d 94 70 bf 91 cf 40 00 00 3d 94 70 bf 92 cf 40 00 00 3d 94 70 bf 92 cf 40 00 00 3d 94 70 bf 93 cf 40 00 00 3d 94 70 bf 93 cf 40 00 00 3d 94 70 bf 94 cf 40 00 00 3d 94 70 bf 94 cf e0 00 f4 02 a9 81 00 00 50 cc 1a c6 88 c9 8d 6a cf e0 00 74 36 d4 15 31 5f 00 05 08 43 03 40 06 cf 40 00 00 01 eb 6e ac 79 cf 40 00 00 01 eb 6e ac 79 cf 40 00 00 03 2d cc b9 f3 cf 40 00 00 03 2d cc b9 f3 cf 40 00 00 08 fa 66 40 a6 cf 40 00 00 08 fa 66 40 a6 cf e0 00 05 3b d7 e4 98 1b 50 cc 1a c6 88 c9 8f 6a cf e0 00 9e 08 37 a7 ec 64 00 05 08 79 04 76 0c cf 40 00 00 0f 04 74 8e 41 cf 40 00 00 0f 04 74 8e 41 cf 40 00 00 0f 04 74 8e 97 cf 40 00 00 0f 04 74 8e 97 cf 40 00 00 0f 04 74 8e 98 cf 40 00 00 0f 04 74 8e 98 cf 40 00 00 0f 71 79 ea 66 cf 40 00 00 0f 71 79 ea 66 cf 40 00 00 0f 71 79 ea 67 cf 40 00 00 0f 71 79 ea 67 cf 40 00 00 0f 71 79 ea 68 cf 40 00 00 0f 71 79 ea 68 cf e0 00 ef cf 04 9d a1 52 50 cc 1a c6 88 c9 91 6a cf e0 00 e9 7a f6 f9 d5 1f 00 05 08 c9 02 c4 03 c9 02 bf 4e cf 40 00 00 03 6c dc 76 9e cf 40 00 00 03 6c dc 76 9e cf 40 00 00 03 6c dc 76 ba cf 40 00 00 03 6c dc 76 ba cf 40 00 00 07 d0 6e a9 dc cf 40 00 00 07 d0 6e a9 dc cf 40 00 00 08 50 99 08 42 cf 40 00 00 08 50 99 08 42 cf 40 00 00 08 50 99 08 45 cf 40 00 00 08 50 99 08 45 cf 40 00 00 08 50 99 08 46 cf 40 00 00 08 50 99 08 46 cf 40 00 00 08 50 99 08 48 cf 40 00 00 08 50 99 08 48 cf 40 00 00 08 50 99 08 49 cf 40 00 00 08 50 99 08 49 cf 40 00 00 08 50 99 08 4c cf 40 00 00 08 50 99 08 4c cf 40 00 00 08 50 99 08 4d cf 40 00 00 08 50 99 08 4d cf 40 00 00 08 50 99 08 4e cf 40 00 00 08 50 99 08 4e cf 40 00 00 08 50 99 08 4f cf 40 00 00 08 50 99 08 4f cf 40 00 00 08 50 99 08 50 cf 40 00 00 08 50 99 08 50 cf 40 00 00 08 50 99 08 51 cf 40 00 00 08 50 99 08 51 cf 40 00 00 08 50 99 08 52 cf 40 00 00 08 50 99 08 52 cf 40 00 00 08 50 99 08 53 cf 40 00 00 08 50 99 08 53 cf 40 00 00 08 50 99 08 56 cf 40 00 00 08 50 99 08 56 cf 40 00 00 08 fa 66 40 d3 cf 40 00 00 08 fa 66 40 d3 cf 40 00 00 08 fa 66 40 d4 cf 40 00 00 08 fa 66 40 d4 cf 40 00 00 08 fa 66 40 d5 cf 40 00 00 08 fa 66 40 d5 cf 40 00 00 08 fa 66 40 d6 cf 40 00 00 08 fa 66 40 d6 cf 40 00 00 08 fa 66 40 d7 cf 40 00 00 08 fa 66 40 d7 cf 40 00 00 09 80 79 60 66 cf 40 00 00 09 80 79 60 66 cf 40 00 00 09 80 79 61 61 cf 40 00 00 09 80 79 61 61 cf 40 00 00 09 80 79 61 9d cf 40 00 00 09 80 79 61 9d cf 40 00 00 09 80 79 61 9e cf 40 00 00 09 80 79 61 9e cf 40 00 00 09 80 79 61 a0 cf 40 00 00 09 80 79 61 a0 cf 40 00 00 09 80 79 61 a1 cf 40 00 00 09 80 79 61 a1 cf 40 00 00 09 8e 07 41 8e cf 40 00 00 09 8e 07 41 8e cf 40 00 00 09 8e 07 41 8f cf 40 00 00 09 8e 07 41 8f cf 40 00 00 09 8e 07 41 90 cf 40 00 00 09 8e 07 41 90 cf 40 00 00 09 8e 07 41 91 cf 40 00 00 09 8e 07 41 91 cf 40 00 00 12 72 cb fb 7c cf 40 00 00 12 72 cb fb 7c cf 40 00 00 12 72 cb fb 7e cf 40 00 00 12 72 cb fb 7e cf 40 00 00 13 19 50 76 88 cf 40 00 00 13 19 50 76 88 cf 40 00 00 13 19 50 76 8a cf 40 00 00 13 19 50 76 8a cf 40 00 00 13 19 50 76 8b cf 40 00 00 13 19 50 76 8b cf 40 00 00 13 19 50 76 8c cf 40 00 00 13 19 50 76 8c cf 40 00 00 13 19 50 76 8d cf 40 00 00 13 19 50 76 8d 60 cc 1a c6 88 c9 92 6a cf e0 00 29 00 99 b8 d7 05 00 05 08 c9 01 e3 03 c9 01 de 34 cf 40 00 00 08 2a 16 52 49 cf 40 00 00 08 2a 16 52 49 cf 40 00 00 08 2a 16 52 54 cf 40 00 00 08 2a 16 52 54 cf 40 00 00 08 2a 16 52 5c cf 40 00 00 08 2a 16 52 5c cf 40 00 00 08 2a 16 52 6f cf 40 00 00 08 2a 16 52 6f cf 40 00 00 08 42 21 b3 ea cf 40 00 00 08 42 21 b3 ea cf 40 00 00 08 42 21 b3 ed cf 40 00 00 08 42 21 b3 ed cf 40 00 00 08 42 21 b3 f2 cf 40 00 00 08 42 21 b3 f2 cf 40 00 00 08 42 21 b3 f4 cf 40 00 00 08 42 21 b3 f4 cf 40 00 00 08 42 21 b3 f6 cf 40 00 00 08 42 21 b3 f6 cf 40 00 00 08 42 21 b3 fe cf 40 00 00 08 42 21 b3 fe cf 40 00 00 08 42 21 b4 14 cf 40 00 00 08 42 21 b4 14 cf 40 00 00 08 42 21 b4 16 cf 40 00 00 08 42 21 b4 16 cf 40 00 00 08 42 21 b4 18 cf 40 00 00 08 42 21 b4 18 cf 40 00 00 08 42 21 b4 20 cf 40 00 00 08 42 21 b4 20 cf 40 00 00 08 46 69 52 c9 cf 40 00 00 08 46 69 52 c9 cf 40 00 00 08 46 69 52 cc cf 40 00 00 08 46 69 52 cc cf 40 00 00 08 46 69 52 cd cf 40 00 00 08 46 69 52 cd cf 40 00 00 08 46 69 52 e2 cf 40 00 00 08 46 69 52 e2 cf 40 00 00 08 7a 50 a3 32 cf 40 00 00 08 7a 50 a3 32 cf 40 00 00 09 8e 07 46 bd cf 40 00 00 09 8e 07 46 bd cf 40 00 00 09 8e 07 46 be cf 40 00 00 09 8e 07 46 be cf 40 00 00 09 8e 07 46 bf cf 40 00 00 09 8e 07 46 bf cf 40 00 00 09 8e 07 46 c0 cf 40 00 00 09 8e 07 46 c0 cf 40 00 00 09 8e 07 46 c1 cf 40 00 00 09 8e 07 46 c1 cf 40 00 00 09 8e 07 46 c2 cf 40 00 00 09 8e 07 46 c2 cf 40 00 00 09 8e 07 46 c3 cf 40 00 00 09 8e 07 46 c3 cf e0 00 e4 60 df d8 5e c0 50 cc 1a c6 88 c9 94 6a cf e0 00 f8 94 44 5d 31 79 00 05 08 c9 01 fe 03 c9 01 f9 38 cf 40 00 00 03 28 5a 02 a7 cf 40 00 00 03 28 5a 02 a7 cf 40 00 00 04 ae 2b f0 f8 cf 40 00 00 04 ae 2b f0 f8 cf 40 00 00 04 b7 5e 5f 7c cf 40 00 00 04 b7 5e 5f 7c cf 40 00 00 08 46 69 48 a2 cf 40 00 00 08 46 69 48 a2 cf 40 00 00 08 46 69 48 a6 cf 40 00 00 08 46 69 48 a6 cf 40 00 00 08 46 69 48 a8 cf 40 00 00 08 46 69 48 a8 cf 40 00 00 08 46 69 48 ab cf 40 00 00 08 46 69 48 ab cf 40 00 00 08 46 69 48 ae cf 40 00 00 08 46 69 48 ae cf 40 00 00 09 8e 07 7b 49 cf 40 00 00 09 8e 07 7b 49 cf 40 00 00 09 8e 07 7b 4a cf 40 00 00 09 8e 07 7b 4a cf 40 00 00 09 8e 07 7b 4b cf 40 00 00 09 8e 07 7b 4b cf 40 00 00 09 8e 07 7b 4c cf 40 00 00 09 8e 07 7b 4c cf 40 00 00 09 8e 07 7b 4d cf 40 00 00 09 8e 07 7b 4d cf 40 00 00 09 8e 07 7b 52 cf 40 00 00 09 8e 07 7b 52 cf 40 00 00 0b 20 45 3c 89 cf 40 00 00 0b 20 45 3c 89 cf 40 00 00 0c 4a 80 82 28 cf 40 00 00 0c 4a 80 82 28 cf 40 00 00 0c 4a 80 82 2a cf 40 00 00 0c 4a 80 82 2a cf 40 00 00 0c 4a 80 82 2b cf 40 00 00 0c 4a 80 82 2b cf 40 00 00 0c 4a 80 82 2e cf 40 00 00 0c 4a 80 82 2e cf 40 00 00 0c 4a 80 82 31 cf 40 00 00 0c 4a 80 82 31 cf 40 00 00 0c 4a 80 82 32 cf 40 00 00 0c 4a 80 82 32 cf 40 00 00 0c 4a 80 82 33 cf 40 00 00 0c 4a 80 82 33 cf 40 00 00 0c 4a 80 82 34 cf 40 00 00 0c 4a 80 82 34 cf 40 00 00 0c 6c c5 30 21 cf 40 00 00 0c 6c c5 30 21 cf 40 00 00 0c 6c c5 30 22 cf 40 00 00 0c 6c c5 30 22 cf 40 00 00 0d ec 5d 85 0c cf 40 00 00 0d ec 5d 85 0c cf 40 00 00 13 19 50 76 96 cf 40 00 00 13 19 50 76 96 cf 40 00 00 13 19 50 76 98 cf 40 00 00 13 19 50 76 98 60 cc 1a c6 88 c9 95 6a cf e0 00 49 b4 9b 16 dc 85 00 05 08 79 04 76 0c cf 40 00 00 0f 04 74 8e 47 cf 40 00 00 0f 04 74 8e 47 cf 40 00 00 0f 04 74 8f 3c cf 40 00 00 0f 04 74 8f 3c cf 40 00 00 0f 04 74 8f 3d cf 40 00 00 0f 04 74 8f 3d cf 40 00 00 0f 71 79 ea 60 cf 40 00 00 0f 71 79 ea 60 cf 40 00 00 0f 71 79 ea 61 cf 40 00 00 0f 71 79 ea 61 cf 40 00 00 0f 71 79 ea 62 cf 40 00 00 0f 71 79 ea 62 cf e0 00 6a 35 94 bd ae 4f 50 cc 1a c6 88 c9 97 6a cf e0 00 33 14 e0 8a bd b1 00 05 08 4c 03 49 08 cf 40 00 00 01 eb 57 b1 c1 cf 40 00 00 01 eb 57 b1 c1 cf 40 00 00 08 46 69 48 96 cf 40 00 00 08 46 69 48 96 cf 40 00 00 08 fa 66 40 a4 cf 40 00 00 08 fa 66 40 a4 cf 40 00 00 08 fa 66 40 a5 cf 40 00 00 08 fa 66 40 a5 60 cc 1a c6 88 c9 98 6a cf e0 00 e5 ca 39 b2 9c 25 00 05 08 79 04 76 0c cf 40 00 00 0e f0 9b 07 94 cf 40 00 00 0e f0 9b 07 94 cf 40 00 00 0f 04 74 8c ac cf 40 00 00 0f 04 74 8c ac cf 40 00 00 0f 04 74 8c b0 cf 40 00 00 0f 04 74 8c b0 cf 40 00 00 0f 71 79 ea 69 cf 40 00 00 0f 71 79 ea 69 cf 40 00 00 0f 71 79 ea 6a cf 40 00 00 0f 71 79 ea 6a cf 40 00 00 0f 71 79 ea 6b cf 40 00 00 0f 71 79 ea 6b cf e0 00 2a 16 90 b8 e1 16 50 cc 1a c6 88 c9 9a 6a cf e0 00 f3 a8 10 ae e4 6c 00 05 08 3a 03 37 06 cf 40 00 00 0e ec cb e7 b2 cf 40 00 00 0e ec cb e7 b2 cf 40 00 00 0e ec cb e7 b4 cf 40 00 00 0e ec cb e7 b4 cf 40 00 00 33 18 bd ed 12 cf 40 00 00 33 18 bd ed 12 60 cc 1a c6 88 c9 9b 6a cf e0 00 96 7f c0 8b 51 a8 00 05 08 79 04 76 0c cf 40 00 00 0f 04 74 8e 45 cf 40 00 00 0f 04 74 8e 45 cf 40 00 00 0f 04 74 8e ee cf 40 00 00 0f 04 74 8e ee cf 40 00 00 0f 04 74 8e ef cf 40 00 00 0f 04 74 8e ef cf 40 00 00 0f 71 79 ea 63 cf 40 00 00 0f 71 79 ea 63 cf 40 00 00 0f 71 79 ea 64 cf 40 00 00 0f 71 79 ea 64 cf 40 00 00 0f 71 79 ea 65 cf 40 00 00 0f 71 79 ea 65 cf e0 00 d2 a0 f3 0a 50 10 50 cc 1a c6 88 c9 9d 6a cf e0 00 6b 1b 27 da 8e 0e 00 05 08 c9 01 65 03 c9 01 60 26 cf 40 00 00 00 4f 38 52 fe cf 40 00 00 00 4f 38 52 fe cf 40 00 00 06 e7 5c 2f 6b cf 40 00 00 06 e7 5c 2f 6b cf 40 00 00 06 e7 5c 2f 6d cf 40 00 00 06 e7 5c 2f 6d cf 40 00 00 08 1e 3b 61 0c cf 40 00 00 08 1e 3b 61 0c cf 40 00 00 08 1e 3b 61 4d cf 40 00 00 08 1e 3b 61 4d cf 40 00 00 08 1e 3b 61 51 cf 40 00 00 08 1e 3b 61 51 cf 40 00 00 08 3a af e0 f8 cf 40 00 00 08 3a af e0 f8 cf 40 00 00 08 3a af e0 fa cf 40 00 00 08 3a af e0 fa cf 40 00 00 08 3a af e1 86 cf 40 00 00 08 3a af e1 86 cf 40 00 00 08 3a af e1 87 cf 40 00 00 08 3a af e1 87 cf 40 00 00 08 3a af e1 88 cf 40 00 00 08 3a af e1 88 cf 40 00 00 09 8e 07 41 73 cf 40 00 00 09 8e 07 41 73 cf 40 00 00 09 8e 07 41 74 cf 40 00 00 09 8e 07 41 74 cf 40 00 00 09 aa 83 6e df cf 40 00 00 09 aa 83 6e df cf 40 00 00 0c 4a 80 81 bf cf 40 00 00 0c 4a 80 81 bf cf 40 00 00 0c 4a 80 81 c0 cf 40 00 00 0c 4a 80 81 c0 cf 40 00 00 0c 4a 80 81 c1 cf 40 00 00 0c 4a 80 81 c1 cf 40 00 00 0c 4a 80 81 c2 cf 40 00 00 0c 4a 80 81 c2 cf 40 00 00 13 50 60 8b cf cf 40 00 00 13 50 60 8b cf cf e0 00 35 fa c9 1c 8c 28 50 cc 1a c6 88 d5 36 62 cf e0 00 4f e7 0b 05 2d 69 00 cc 1a c6 88 d5 3a 62 cf e0 00 a9 02 cc ab b2 85 00 cc 1a c6 88 d5 3d 62 cf e0 00 71 93 59 a6 3b 3a 00 cc 1a c6 88 d5 3f 62 cf e0 00 4e 7b 39 fd c9 8b 00 cc 1a c6 88 d5 41 62 cf e0 00 4c 7b 39 fc 35 61 00 cc 1a c6 88 d5 43 62 cf e0 00 4d 7b 39 fc 37 dc 00 cc 1a c6 88 d5 45 62 cf e0 00 52 7f ed 31 b0 eb 00 cc 1a c6 88 d5 4b 62 cf e0 00 ab 38 9e 7b 29 c4 00 cc 1a c6 88 d5 4d 62 cf e0 00 53 4f a9 fa ab c1 00 cc 1a c6 88 d5 50 62 cf e0 00 b7 89 d4 d0 ca cb 00 cc 1a c6 88 d5 54 62 cf e0 00 ab 38 9e 7b 29 c4 00 cc 1a c6 88 d5 56 62 cf e0 00 ab 38 9e 7b 29 c4 00 cc 1a c6 88 d5 58 62 cf e0 00 48 a6 e3 05 6d 5f 00 cc 1a c6 88 d5 5a 62 cf e0 00 03 de d1 cb 1d 86 00 cc 1a c6 88 d5 5c 62 cf e0 00 98 13 3c eb 10 cb 00 cc 1a c6 88 d5 5e 62 cf e0 00 a3 1a 09 b9 ca 22 00 cc 1a c6 88 d5 60 62 cf e0 00 0b e5 30 1a 40 9b 00 cc 1a c6 88 d5 62 62 cf e0 00 82 ae ae a4 53 96 00 cc 1a c6 88 d5 64 62 cf e0 00 40 54 8b fc 21 3c 00 cc 1a c6 88 d5 66 62 cf e0 00 42 f4 f5 c6 e5 d9 00 cc 1a c6 88 d5 68 62 cf e0 00 ba 41 de 26 28 d4 00 cc 1a c6 88 d5 6a 62 cf e0 00 9e fa 0c da 52 c1 00 cc 1a c6 88 d5 6c 62 cf e0 00 b8 25 51 0d 98 bb 00 cc 1a c6 88 d5 6f 62 cf e0 00 1a 10 4c d3 46 fb 00 cc 1a c6 88 d5 70 aa cf 40 00 00 03 24 b2 88 db cc 1a c6 88 be 20 05 07 c9 0a 6e 06 c9 0a 69 c9 01 32 01 0a c7 1f ff fe db 6c 21 51 f2 02 c0 02 0a c7 1f ff fb 0f 1b ac e8 ac 02 c0 03 0a c7 1f ff e2 83 29 87 99 7d 02 c0 04 0a c7 1f ff d4 b8 e3 4c 5b 3f 02 c0 05 0a c7 1f ff b7 e0 7e bd 93 62 02 c0 06 0a c7 1f ff b2 5c fa c6 22 a9 02 c0 07 0a c7 1f ff ac 39 01 96 c0 8f 02 c0 08 0a c7 1f ff a6 a5 43 68 50 58 02 c0 09 0a c7 1f ff a2 d2 40 4f 1b 68 02 c0 0a 0a c7 1f ff 97 11 2b 78 a6 d0 02 c0 0b 0a c7 1f ff 8b af ca e2 de 4a 02 c0 0c 0a c7 1f ff 88 e4 8a 36 27 95 02 c0 0d 0a c7 1f ff 7d ae b7 7b ff 03 02 c0 0e 0a c7 1f ff 7c a0 81 38 f3 34 02 c0 0f 0a c7 1f ff 6c 62 b3 63 c1 60 02 c0 10 0a c7 1f ff 6a a0 31 b9 6f 42 02 c0 11 0a c7 1f ff 64 39 2e 74 2c e8 02 c0 12 0a c7 1f ff 5c 84 b0 ee d9 c3 02 c0 13 0a c7 1f ff 44 e7 21 9f 18 5b 02 c0 14 0a c7 1f ff 2b 56 5a 6d c0 cf 02 c0 15 0a c7 1f ff 2a 67 f4 00 75 98 02 c0 16 0a c7 1f ff 21 55 7a 21 33 c9 02 c0 17 0a c7 1f ff 21 0d 67 27 4b 9d 02 c0 18 0a c7 1f ff 1c a5 3f f2 ca b6 02 c0 19 0a c7 1f ff 1b 6b bc 4a c0 bc 02 c0 1a 0a c7 1f ff 19 33 bd c5 1f 4c 02 c0 1b 0a c7 1f ff 18 04 f6 92 cc 2f 02 c0 1c 0a c7 1f ff 6f 76 20 0c c1 f9 02 c0 1d 0a c7 1f ff 5b 3e 47 a0 4f f8 02 c0 1e 0a c7 1f ff 28 d4 ae 3d 99 3f 02 c0 1f 0a c7 1f ff 5b 3e 47 a0 4f f8 02 c0 20 0a c7 1f ff 28 d4 ae 3d 99 3f 02 c0 21 0a c7 1f ff 5b 3e 47 a0 4f f8 02 c0 22 0a c7 1f ff 28 d4 ae 3d 99 3f 02 c0 23 0a c7 1f ff f9 e7 b1 b2 d6 e7 02 c0 24 00 00 25 0a c7 1f ff e9 20 3a 92 41 65 03 c0 26 0a c7 1f ff e9 20 3a 92 41 65 03 c0 27 0a c7 1f ff e9 20 3a 92 41 65 03 c0 28 00 00 29 00 00 2a 00 00 2b 00 00 2c 00 00 2d 00 00 2e 00 00 2f 00 00 30 00 00 31 00 00 32 00 00 33 00 00 34 00 00 35 00 00 36 00 00 37 00 00 38 00 00 39 00 00 3a 00 00 3b 0a c7 1f ff f9 e7 b1 b2 d6 e7 02 c0 3c 0a c7 1f ff f9 e7 b1 b2 d6 e7 02 c0 3d 0a c7 1f ff f9 e7 b1 b2 d6 e7 02 c0 3e 0a c7 1f ff f9 e7 b1 b2 d6 e7 02 c0 3f 00 00 40 00 00 41 00 00 42 00 00 43 00 00 44 00 00 45 00 00 46 00 00 47 00 00 48 00 00 49 00 00 4a 00 00 4b 00 00 4c 00 00 4d 00 00 4e 00 00 4f 00 00 50 00 00 51 00 00 52 00 00 53 00 00 54 00 00 55 00 00 56 00 00 57 00 00 58 00 00 59 00 00 5a 00 00 5b 00 00 5c 00 00 5d 00 00 5e 00 00 5f 00 00 60 00 00 61 00 00 62 00 00 63 00 00 64 00 00 65 00 00 66 00 00 67 00 00 68 00 00 69 00 00 6a 00 00 6b 00 00 6c 00 00 6d 00 00 6e 00 00 6f 00 00 70 00 00 71 00 00 72 00 00 73 00 00 74 00 00 75 00 00 76 0a c7 1f ff f9 e7 b1 b2 d6 e7 02 c0 77 02 c8 fa 80 78 0a c7 1f ff f9 e7 b1 b2 d6 e7 02 c0 79 00 00 7a 00 00 7b 00 00 7c 00 00 7d 00 00 7e 00 00 7f 00 00 80 00 00 81 00 00 82 00 00 83 00 00 84 0a c7 1f ff 81 35 be 80 ad d9 03 c0 85 0a c7 1f ff 1d 4a 8d 83 0c fe 03 c0 86 00 00 87 0a c7 1f ff 1d 4a 8d 83 0c fe 03 c0 88 0a c7 1f ff 1d 4a 8d 83 0c fe 03 c0 89 00 00 8a 00 00 8b 0a c7 1f ff 44 f6 06 62 ec 18 03 c0 8c 0a c7 1f ff 7d 51 b0 a7 e3 fc 03 c0 8d 0a c7 1f ff d0 bb 7e 40 af 36 03 c0 8e 0a c7 1f ff 2b d3 9c 35 a0 57 03 c0 8f 0a c7 1f ff 29 6b 54 b9 d4 44 03 c0 90 00 00 91 00 00 92 00 00 93 00 00 94 00 00 95 00 00 96 00 00 97 00 00 98 00 00 99 0a c7 1f ff 14 8f 73 dd 65 76 03 c0 9a 0a c7 1f ff f9 e7 b1 b2 d6 e7 02 c0 9b 0a c7 1f ff f9 e7 b1 b2 d6 e7 02 c0 9c 0a c7 1f ff f9 e7 b1 b2 d6 e7 02 c0 9d 0a c7 1f ff 54 19 e0 fe 8a b9 02 c0 9e 00 00 9f 0a c7 1f ff 54 19 e0 fe 8a b9 02 c0 a0 00 00 a1 0a c7 1f ff 54 19 e0 fe 8a b9 02 c0 a2 00 00 a3 0a c7 1f ff 54 19 e0 fe 8a b9 02 c0 a4 00 00 a5 0a c7 1f ff 54 19 e0 fe 8a b9 02 c0 a6 00 00 a7 0a c7 1f ff 08 20 5d b0 29 1a 02 c0 a8 0a c7 1f ff 08 20 5d b0 29 1a 02 c0 a9 02 c8 fa 80 aa 02 c8 fa 80 ab 0a c7 1f ff 08 20 5d b0 29 1a 02 c0 ac 0a c7 1f ff 08 20 5d b0 29 1a 02 c0 ad 0a c7 1f ff f9 e7 b1 b2 d6 e7 02 c0 ae 0a c7 1f ff f9 e7 b1 b2 d6 e7 02 c0 af 0a c7 1f ff f9 e7 b1 b2 d6 e7 02 c0 b0 00 00 b1 0a c7 1f ff 28 d4 ae 3d 99 3f 02 c0 b2 0a c7 1f ff 28 d4 ae 3d 99 3f 02 c0 b3 0a c7 1f ff 54 19 e0 fe 8a b9 02 c0 b4 00 00 b5 0a c7 1f ff 54 19 e0 fe 8a b9 02 c0 b6 00 00 b7 0a c7 1f ff f9 e7 b1 b2 d6 e7 02 c0 b8 0a c7 1f ff f9 e7 b1 b2 d6 e7 02 c0 b9 0a c7 1f ff bb 48 1d d8 97 dd 03 c0 ba 0a c7 1f ff 63 8a 0a 96 f4 c0 03 c0 bb 0a c7 1f ff bb 48 1d d8 97 dd 03 c0 bc 0a c7 1f ff cd 0f 93 1b d5 37 03 c0 bd 0a c7 1f ff 7a 7c 46 2a 24 2a 03 c0 be 0a c7 1f ff 38 f2 4d 62 7c 6b 03 c0 bf 0a c7 1f ff 6f 77 ff 12 01 1a 03 c0 c8 c0 0a c7 1f ff bb 48 1d d8 97 dd 03 c0 c8 c1 0a c7 1f ff 63 8a 0a 96 f4 c0 03 c0 c8 c2 0a c7 1f ff bb 48 1d d8 97 dd 03 c0 c8 c3 0a c7 1f ff cd 0f 93 1b d5 37 03 c0 c8 c4 0a c7 1f ff 7a 7c 46 2a 24 2a 03 c0 c8 c5 0a c7 1f ff 6d 91 48 48 13 f2 03 c0 c8 c6 0a c7 1f ff d5 67 ad 69 80 1f 03 c0 c8 c7 0a c7 1f ff bb 48 1d d8 97 dd 03 c0 c8 c8 0a c7 1f ff 63 8a 0a 96 f4 c0 03 c0 c8 c9 0a c7 1f ff 85 6f 0c 0f 3c bc 03 c0 c8 ca 0a c7 1f ff cd 0f 93 1b d5 37 03 c0 c8 cb 0a c7 1f ff 7a 7c 46 2a 24 2a 03 c0 c8 cc 0a c7 1f ff 6d 91 48 48 13 f2 03 c0 c8 cd 0a c7 1f ff 54 19 e0 fe 8a b9 02 c0 c8 ce 00 00 c8 cf 00 00 c8 d0 00 00 c8 d1 00 00 c8 d2 00 00 c8 d3 00 00 c8 d4 00 00 c8 d5 00 00 c8 d6 0a c7 1f ff f9 e7 b1 b2 d6 e7 02 c0 c8 d7 0a c7 1f ff f9 e7 b1 b2 d6 e7 02 c0 c8 d8 0a c7 1f ff f9 e7 b1 b2 d6 e7 02 c0 c8 d9 0a c7 1f ff f9 e7 b1 b2 d6 e7 02 c0 c8 da 0a c7 1f ff f9 e7 b1 b2 d6 e7 02 c0 c8 db 0a c7 1f ff f9 e7 b1 b2 d6 e7 02 c0 c8 dc 0a c7 1f ff f9 e7 b1 b2 d6 e7 02 c0 c8 dd 0a c7 1f ff f9 e7 b1 b2 d6 e7 02 c0 c8 de 0a c7 1f ff f9 e7 b1 b2 d6 e7 02 c0 c8 df 0a c7 1f ff f9 e7 b1 b2 d6 e7 02 c0 c8 e0 0a c7 1f ff f9 e7 b1 b2 d6 e7 02 c0 c8 e1 0a c7 1f ff f9 e7 b1 b2 d6 e7 02 c0 c8 e2 0a c7 1f ff f9 e7 b1 b2 d6 e7 02 c0 c8 e3 0a c7 1f ff f9 e7 b1 b2 d6 e7 02 c0 c8 e4 0a c7 1f ff d0 bb 7e 40 af 36 03 c0 c8 e5 0a c7 1f ff 2b d3 9c 35 a0 57 03 c0 c8 e6 0a c7 1f ff 29 6b 54 b9 d4 44 03 c0 c8 e7 00 00 c8 e8 00 00 c8 e9 00 00 c8 ea 00 00 c8 eb 00 00 c8 ec 00 00 c8 ed 00 00 c8 ee 00 00 c8 ef 00 00 c8 f0 0a c7 1f ff 14 8f 73 dd 65 76 03 c0 c8 f1 0a c7 1f ff 81 35 be 80 ad d9 03 c0 c8 f2 0a c7 1f ff 1d 4a 8d 83 0c fe 03 c0 c8 f3 00 00 c8 f4 0a c7 1f ff 1d 4a 8d 83 0c fe 03 c0 c8 f5 0a c7 1f ff 1d 4a 8d 83 0c fe 03 c0 c8 f6 00 00 c8 f7 00 00 c8 f8 0a c7 1f ff 44 f6 06 62 ec 18 03 c0 c8 f9 0a c7 1f ff 7d 51 b0 a7 e3 fc 03 c0 c8 fa 00 00 c8 fb 0a c7 1f ff f9 e7 b1 b2 d6 e7 02 c0 c8 fc 00 00 c8 fd 00 00 c8 fe 00 00 c8 ff 00 00 c9 01 00 00 00 c9 01 01 00 00 c9 01 02 0a c7 1f ff f9 e7 b1 b2 d6 e7 02 c0 c9 01 03 00 00 c9 01 04 00 00 c9 01 05 00 00 c9 01 06 00 00 c9 01 07 00 00 c9 01 08 00 00 c9 01 09 00 00 c9 01 0a 00 00 c9 01 0b 00 00 c9 01 0c 00 00 c9 01 0d 00 00 c9 01 0e 00 00 c9 01 0f 0a c7 1f ff 28 d4 ae 3d 99 3f 02 c0 c9 01 10 0a c7 1f ff 28 d4 ae 3d 99 3f 02 c0 c9 01 11 0a c7 1f ff 54 19 e0 fe 8a b9 02 c0 c9 01 12 0a c7 1f ff e9 20 3a 92 41 65 03 c0 c9 01 13 0a c7 1f ff e9 20 3a 92 41 65 03 c0 c9 01 14 0a c7 1f ff e9 20 3a 92 41 65 03 c0 c9 01 15 0a c7 1f ff 28 d4 ae 3d 99 3f 02 c0 c9 01 16 0a c7 1f ff 28 d4 ae 3d 99 3f 02 c0 c9 01 17 0a c7 1f ff 54 19 e0 fe 8a b9 02 c0 c9 01 18 02 c8 fa 80 c9 01 19 0a c7 1f ff 6f 76 20 0c c1 f9 02 c0 c9 01 1a 0a c7 1f ff 6f 76 20 0c c1 f9 02 c0 c9 01 1b 0a c7 1f ff 6f 76 20 0c c1 f9 02 c0 c9 01 1c 0a c7 1f ff 6f 76 20 0c c1 f9 02 c0 c9 01 1d 0a c7 1f ff 6f 76 20 0c c1 f9 02 c0 c9 01 1e 0a c7 1f ff 6f 76 20 0c c1 f9 02 c0 c9 01 1f 0a c7 1f ff 6f 76 20 0c c1 f9 02 c0 c9 01 20 0a c7 1f ff 6f 76 20 0c c1 f9 02 c0 c9 01 21 0a c7 1f ff 6f 76 20 0c c1 f9 02 c0 c9 01 22 0a c7 1f ff 6f 76 20 0c c1 f9 02 c0 c9 01 23 0a c7 1f ff 6f 76 20 0c c1 f9 02 c0 c9 01 24 0a c7 1f ff 6f 76 20 0c c1 f9 02 c0 c9 01 25 0a c7 1f ff 6f 76 20 0c c1 f9 02 c0 c9 01 26 0a c7 1f ff 6f 76 20 0c c1 f9 02 c0 c9 01 27 0a c7 1f ff 6f 76 20 0c c1 f9 02 c0 c9 01 28 0a c7 1f ff 6f 76 20 0c c1 f9 02 c0 c9 01 29 0a c7 1f ff 6f 76 20 0c c1 f9 02 c0 c9 01 2a 0a c7 1f ff 6f 76 20 0c c1 f9 02 c0 c9 01 2b 0a c7 1f ff 6f 76 20 0c c1 f9 02 c0 c9 01 2c 0a c7 1f ff 6f 76 20 0c c1 f9 02 c0 c9 01 2d 0a c7 1f ff 6f 76 20 0c c1 f9 02 c0 c9 01 2e 0a c7 1f ff 6f 76 20 0c c1 f9 02 c0 c9 01 2f 0a c7 1f ff 6f 76 20 0c c1 f9 02 c0 c9 01 30 0a c7 1f ff 6f 76 20 0c c1 f9 02 c0 c9 01 31 0a c7 1f ff 6f 76 20 0c c1 f9 02 c0 c9 01 32 0a c7 1f ff 6f 76 20 0c c1 f9 02 c0 80 cc 1a c6 88 d7 d8 aa cf 40 00 00 06 17 90 fe 94 cc 1a c6 88 d7 d7 05 07 c9 03 66 08 c9 03 61 18 cc 1a c6 88 d7 cc 1c cf e0 00 5c b1 12 64 f3 2d 00 fb cb 48 41 1c eb 32 c0 54 74 40 c0 cc 1a c6 88 d7 cc f0 cc 1a c6 88 dd 93 1c cf e0 00 cd 8c bf 95 99 00 00 43 6d 11 c2 ce 19 ef c0 42 e0 03 c2 cc 1a c6 88 dd 93 f8 cc 1a c6 88 ea 22 1c cf e0 00 46 40 43 08 fc f4 00 66 66 82 41 eb e2 66 bf 9a 99 c5 c1 cc 1a c6 88 ea 22 f8 cc 1a c6 88 ec c9 1c cf e0 00 93 55 0c 4b da fa 00 2f dd 13 c2 ec 2f ef c0 5d dc 00 c2 cc 1a c6 88 ec c9 f8 cc 1a c6 89 03 07 1c cf e0 00 2e ee 58 4a e8 e6 00 f0 16 45 41 9e 5e c9 be 25 46 1b c2 cc 1a c6 89 03 07 f8 cc 1a c6 89 22 0a 1c cf e0 00 c2 dd 33 5f 67 86 00 e4 43 1c c2 ec 2f ef c0 90 60 5e c2 cc 1a c6 89 22 0a f8 cc 1a c6 89 57 6e 1c cf e0 00 5c b1 12 64 f3 2d 00 e7 7b c8 c2 cc ff c7 c2 ac 1c 36 40 cc 1a c6 89 57 6e f0 cc 1a c6 89 57 eb 1c cf e0 00 5c b1 12 64 f3 2d 00 18 26 6f c2 29 cb dc c0 b5 55 00 c3 cc 1a c6 89 57 eb f0 cc 1a c6 89 58 35 1c cf e0 00 5c b1 12 64 f3 2d 00 d1 91 5c be 30 4c 7e 40 78 5c 3f 42 cc 1a c6 89 58 35 f0 cc 1a c6 89 5f b5 1c cf e0 00 3c 7a 17 5b 8e 7a 00 eb 73 37 41 9f 3c cc be 98 0c 1b c2 cc 1a c6 89 5f b5 f8 cc 1a c6 89 60 85 1c cf e0 00 1a 5d 89 00 c2 b2 00 09 9b 16 c2 ec 2f ef c0 48 21 01 c2 cc 1a c6 89 60 85 f8 cc 1a c6 89 61 42 1c cf e0 00 bc 32 dd 3a 8e c7 00 75 13 20 c2 ec 2f ef c0 d9 0e 5d c2 cc 1a c6 89 61 42 f8 cc 1a c6 89 61 5e 1c cf e0 00 a7 8d 66 d7 53 3f 00 dc 17 1c c2 ec 2f ef c0 52 c9 5b c2 cc 1a c6 89 61 5e f8 cc 1a c6 89 62 05 1c cf e0 00 ad e6 fe 88 d6 51 00 11 07 15 c2 6f 12 ef c0 36 4d 61 c2 cc 1a c6 89 62 05 f8 cc 1a c6 89 62 21 1c cf e0 00 5f d8 6a 39 a3 b5 00 2c 65 56 c1 8f 53 20 c0 fa 6d b9 c2 cc 1a c6 89 62 21 f8 cc 1a c6 89 62 3d 1c cf e0 00 1d af 52 ee ce bf 00 87 a7 5b c1 79 58 20 c0 b6 b3 b8 c2 cc 1a c6 89 62 3d f8 cc 1a c6 89 62 ab 1c cf e0 00 ca 80 12 b6 7c f9 00 9e ef 59 c1 1b 2f 2d c0 af 34 bf c2 cc 1a c6 89 62 ab f8 cc 1a c6 89 63 19 1c cf e0 00 64 1a 69 61 95 23 00 72 8a 51 c1 5e 4b 20 c0 08 4c ba c2 cc 1a c6 89 63 19 f8 cc 1a c6 89 6e 04 1c cf e0 00 5c b1 12 64 f3 2d 00 ca 32 ac c1 0b b5 2a c0 ea 04 fc c0 cc 1a c6 89 6e 04 f0 cc 1a c6 89 6f e7 1c cf e0 00 5c b1 12 64 f3 2d 00 13 61 53 41 86 c9 44 bf 24 68 00 c2 cc 1a c6 89 6f e7 f0 cc 1a c6 89 70 28 1c cf e0 00 5c b1 12 64 f3 2d 00 eb e2 75 c1 d1 22 02 c1 33 33 2b c2 cc 1a c6 89 70 28 f0 cc 1a c6 89 70 70 1c cf e0 00 5c b1 12 64 f3 2d 00 4a 0c 5c c1 2d 43 20 c0 cb 50 d9 c2 cc 1a c6 89 70 70 f0 cc 1a c6 89 7e 39 1c cf e0 00 5c b1 12 64 f3 2d 00 2c 65 8c c2 74 46 94 3c ac 1c 5a 40 cc 1a c6 89 7e 39 f0 cc 1a c6 89 88 c8 1c cf e0 00 be 22 6d 9a fb 98 00 0c 93 bc c1 ac 1c 2a c0 71 1b ed c0 cc 1a c6 89 88 c8 f8 80 cc 1a c6 f6 cf 3f 62 cf e0 00 ff 86 b3 89 47 29 00 cc 1a c6 f6 cf 41 62 cf e0 00 af 38 98 da 03 d6 00 cc 1a c6 f6 cf 43 62 cf e0 00 b1 38 98 da 07 7c 00 cc 1a c6 f6 cf 45 62 cf e0 00 16 10 7d a3 ef 3c 00
[2026-09-25 00:07:42] TORGameServerPacket: Constructing Packet [AreaClientReplicationTransaction]
[2026-09-25 00:07:42] TORGameServerPacket: AREA-PAYLOAD type=AreaClientReplicationTransaction bytes=57390 prefixBytes=256 hex=80-6E-44-0D-B3-65-08-00-12-50-1B-00-E1-AB-00-00-68-01-CF-40-00-00-05-DF-A8-40-4D-00-01-CF-40-00-00-34-BE-B2-3F-86-03-08-00-00-01-00-00-09-CF-40-00-00-34-BE-B2-3F-80-02-02-CF-40-00-00-34-BE-B2-3F-80-00-05-CF-40-00-00-30-7D-AB-F7-05-01-01-00-00-CF-40-00-00-30-7D-AB-F7-07-02-07-00-00-01-00-00-CF-40-00-00-34-BE-B2-3F-83-01-12-00-00-CF-40-00-00-34-BE-B2-3F-84-01-01-00-00-CF-40-00-00-34-D3-52-B4-60-01-03-00-00-03-CF-40-00-00-10-B7-8B-FF-29-00-02-CF-40-00-00-0B-97-FD-F5-59-03-08-00-00-01-00-00-0F-00-00-CF-40-00-00-27-87-E8-71-73-01-01-00-00-04-CF-40-00-00-11-08-B4-5D-27-00-02-CF-40-00-00-0B-97-FD-F5-59-03-08-00-00-01-00-00-0F-00-00-CF-40-00-00-27-87-E8-71-73-01-01-00-00-05-CF-40-00-00-01-E3-89-DF-42-00-00-06-CF-40-00-00-03-24-B2-88-DB-00-01-CF-40-00-00-03-24-B2-88
[2026-09-25 00:07:42] TORGameServerPacket: Constructing Packet [AreaRequestRPC]
[2026-09-25 00:07:42] TORGameServerPacket: AREA-PAYLOAD type=AreaRequestRPC bytes=21 prefixBytes=21 hex=BF-F9-DF-0A-B3-65-08-00-09-00-00-00-CF-75-DC-E5-C3-03-11-A4-C8
[2026-09-25 00:07:42] TORGameServerPacket: Constructing Packet [AreaRequestRPC]
[2026-09-25 00:07:42] TORGameServerPacket: AREA-PAYLOAD type=AreaRequestRPC bytes=45 prefixBytes=45 hex=BF-F9-DF-0A-B3-65-08-00-21-00-00-00-CF-65-F1-36-91-30-11-03-85-08-02-02-00-00-07-02-00-00-08-02-04-00-00-08-02-06-00-00-08-02-07-00-00
[2026-09-25 00:07:42] TORGameServerPacket: Constructing Packet [AreaRequestRPC]
[2026-09-25 00:07:42] TORGameServerPacket: AREA-PAYLOAD type=AreaRequestRPC bytes=25 prefixBytes=25 hex=BF-F9-DF-0A-B3-65-08-00-0D-00-00-00-C7-4F-77-41-BD-E7-FF-95-39-02-05-02-05
[2026-09-25 00:07:42] TORGameServerPacket: Constructing Packet [AreaRequestRPC]
[2026-09-25 00:07:42] TORGameServerPacket: AREA-PAYLOAD type=AreaRequestRPC bytes=23 prefixBytes=23 hex=BF-F9-DF-0A-B3-65-08-00-0B-00-00-00-C7-75-A1-1A-AF-77-65-06-24-03-01
[2026-09-25 00:07:42] TORGameServerPacket: Constructing Packet [AreaRequestRPC]
[2026-09-25 00:07:43] TORGameServerPacket: AREA-PAYLOAD type=AreaRequestRPC bytes=21 prefixBytes=21 hex=BF-F9-DF-0A-B3-65-08-00-09-00-00-00-C7-0C-19-E0-BE-7A-DB-81-73
[2026-09-25 00:07:43] TORGameServerPacket: Constructing Packet [AreaTalk]
[2026-09-25 00:07:43] TORGameServerPacket: AREA-PAYLOAD type=AreaTalk bytes=95 prefixBytes=95 hex=93-7A-A8-6B-B3-65-08-00-05-00-00-00-6C-6F-67-6F-6E-4A-00-00-00-40-73-74-72-2E-67-75-69-2E-63-68-61-72-61-63-74-65-72-73-65-6C-65-63-74-69-6F-6E-23-31-39-39-28-74-79-74-68-6F-6E-5F-62-6C-6F-63-6B-6F-75-74-29-20-28-34-36-31-31-36-38-36-30-31-39-38-36-39-34-39-32-37-35-33-29-20-28-31-29
[2026-09-25 00:07:43] TORGameServerPacket: Constructing Packet [AreaSetCharacter]
[2026-09-25 00:07:43] TORGameServerPacket: AREA-PAYLOAD type=AreaSetCharacter bytes=16 prefixBytes=16 hex=CB-FB-BF-CF-B3-65-08-00-9B-83-8A-21-0E-01-00-40
[2026-09-25 00:07:43] CRT: CRT emit [tython_blockout-4611686019869492753-1.2.acrt] bytes=6543 sha256=c73ccaf38225fe1e8235095464e025553e88646ef45eb65623ec2c4943e6404e
[2026-09-25 00:07:43] CRT: CRT bytes [tython_blockout-4611686019869492753-1.2.acrt] 13 50 1b 00 00 00 00 00 01 55 cc 1a c6 f6 db d7 aa cf 40 00 00 02 f8 c3 47 f1 cf 40 00 01 0e 21 8a 83 9c 05 07 c8 d4 09 c8 d0 1b 01 cc 1a c6 f6 db d8 02 cc 1a c6 f6 db da 03 cc 1a c6 f6 db dc 04 cc 1a c6 f6 db de 05 cc 1a c6 f6 db e0 06 cc 1a c6 f6 db e2 07 cc 1a c6 f6 db e4 08 cc 1a c6 f6 db e6 09 cc 1a c6 f6 db e8 0a cc 1a c6 f6 db ea 0b cc 1a c6 f6 db ec 0c cc 1a c6 f6 db ee 0d cc 1a c6 f6 db f0 0e cc 1a c6 f6 db f2 0f cc 1a c6 f6 db f4 10 cc 1a c6 f6 db f6 11 cc 1a c6 f6 db f8 12 cc 1a c6 f6 db fa 13 cc 1a c6 f6 db fc 14 cc 1a c6 f6 db fe 15 cc 1a c6 f6 dc 00 16 cc 1a c6 f6 dc 02 17 cc 1a c6 f6 dc 04 18 cc 1a c6 f6 dc 06 19 cc 1a c6 f6 dc 08 1a cc 1a c6 f6 dc 0a 1b cc 1a c6 f6 dc 0c cf e0 00 4e a6 02 37 38 70 cf e0 00 4e a6 02 37 38 70 e0 cc 1a c6 f6 db d8 6a cf e0 00 08 f3 83 be 50 ef cc 1a c6 f6 db d7 05 08 09 0a 06 cc 1a c6 f6 db d9 60 cc 1a c6 f6 db d9 6a cf e0 00 91 97 bd 38 9d 30 cc 1a c6 f6 db d8 05 08 06 0b 01 1e 6a aa 80 cc 1a c6 f6 db da 6a cf e0 00 14 c3 7d c8 7e 23 cc 1a c6 f6 db d7 05 08 09 0a 06 cc 1a c6 f6 db db 60 cc 1a c6 f6 db db 6a cf e0 00 c6 5e f5 ba 31 cd cc 1a c6 f6 db da 05 08 06 0b 01 1e 6a aa 80 cc 1a c6 f6 db dc 6a cf e0 00 16 0d f5 63 66 bd cc 1a c6 f6 db d7 05 08 09 0a 06 cc 1a c6 f6 db dd 60 cc 1a c6 f6 db dd 6a cf e0 00 6e 19 51 38 98 6e cc 1a c6 f6 db dc 05 08 06 0b 01 1e 6a aa 80 cc 1a c6 f6 db de 6a cf e0 00 28 07 3e c4 86 a4 cc 1a c6 f6 db d7 05 08 09 0a 06 cc 1a c6 f6 db df 60 cc 1a c6 f6 db df 6a cf e0 00 ee 1d af 5a fb 30 cc 1a c6 f6 db de 05 08 06 0b 01 1e 6a aa 80 cc 1a c6 f6 db e0 6a cf e0 00 2c 43 9a 90 09 42 cc 1a c6 f6 db d7 05 08 09 0a 06 cc 1a c6 f6 db e1 60 cc 1a c6 f6 db e1 6a cf e0 00 8d 7a a0 b9 4a e0 cc 1a c6 f6 db e0 05 08 06 0b 01 1e 6a aa 80 cc 1a c6 f6 db e2 6a cf e0 00 32 9c be 75 df 08 cc 1a c6 f6 db d7 05 08 09 0a 06 cc 1a c6 f6 db e3 60 cc 1a c6 f6 db e3 6a cf e0 00 b8 f3 b1 7b e6 4c cc 1a c6 f6 db e2 05 08 06 0b 01 1e 6a aa 80 cc 1a c6 f6 db e4 6a cf e0 00 3e e6 e8 38 13 10 cc 1a c6 f6 db d7 05 08 09 0a 06 cc 1a c6 f6 db e5 60 cc 1a c6 f6 db e5 6a cf e0 00 77 e7 6e e4 14 79 cc 1a c6 f6 db e4 05 08 06 0b 01 1e 6a aa 80 cc 1a c6 f6 db e6 6a cf e0 00 4b ae 66 6e dd 50 cc 1a c6 f6 db d7 05 08 09 0a 06 cc 1a c6 f6 db e7 60 cc 1a c6 f6 db e7 6a cf e0 00 94 3a e9 2b 0e 21 cc 1a c6 f6 db e6 05 08 06 0b 01 1e 6a aa 80 cc 1a c6 f6 db e8 6a cf e0 00 58 ae 16 3c 69 1d cc 1a c6 f6 db d7 05 08 09 0a 06 cc 1a c6 f6 db e9 60 cc 1a c6 f6 db e9 6a cf e0 00 16 70 85 11 6b 2d cc 1a c6 f6 db e8 05 08 06 0b 01 1e 6a aa 80 cc 1a c6 f6 db ea 6a cf e0 00 5f 7c 55 e3 a6 8a cc 1a c6 f6 db d7 05 08 09 0a 06 cc 1a c6 f6 db eb 60 cc 1a c6 f6 db eb 6a cf e0 00 dc d9 29 82 ed de cc 1a c6 f6 db ea 05 08 06 0b 01 1e 6a aa 80 cc 1a c6 f6 db ec 6a cf e0 00 5f f2 8c 84 f6 b1 cc 1a c6 f6 db d7 05 08 09 0a 06 cc 1a c6 f6 db ed 60 cc 1a c6 f6 db ed 6a cf e0 00 e0 f2 16 5c 28 3b cc 1a c6 f6 db ec 05 08 06 0b 01 1e 6a aa 80 cc 1a c6 f6 db ee 6a cf e0 00 61 c3 6e 1a 2f f0 cc 1a c6 f6 db d7 05 08 09 0a 06 cc 1a c6 f6 db ef 60 cc 1a c6 f6 db ef 6a cf e0 00 72 e1 05 a8 f7 2b cc 1a c6 f6 db ee 05 08 06 0b 01 1e 6a aa 80 cc 1a c6 f6 db f0 6a cf e0 00 65 b5 1b b9 5d 08 cc 1a c6 f6 db d7 05 08 09 0a 06 cc 1a c6 f6 db f1 60 cc 1a c6 f6 db f1 6a cf e0 00 96 00 28 59 0f 16 cc 1a c6 f6 db f0 05 08 06 0b 01 1e 6a aa 80 cc 1a c6 f6 db f2 6a cf e0 00 79 a6 40 03 01 f5 cc 1a c6 f6 db d7 05 08 09 0a 06 cc 1a c6 f6 db f3 60 cc 1a c6 f6 db f3 6a cf e0 00 c3 45 2b fe ea 1c cc 1a c6 f6 db f2 05 08 06 0b 01 1e 6a aa 80 cc 1a c6 f6 db f4 6a cf e0 00 81 3b df f1 51 7d cc 1a c6 f6 db d7 05 08 09 0a 06 cc 1a c6 f6 db f5 60 cc 1a c6 f6 db f5 6a cf e0 00 01 5e 09 20 6b df cc 1a c6 f6 db f4 05 08 06 0b 01 1e 6a aa 80 cc 1a c6 f6 db f6 6a cf e0 00 81 55 2f 6e c5 c8 cc 1a c6 f6 db d7 05 08 09 0a 06 cc 1a c6 f6 db f7 60 cc 1a c6 f6 db f7 6a cf e0 00 51 ca f2 c4 50 d7 cc 1a c6 f6 db f6 05 08 06 0b 01 1e 6a aa 80 cc 1a c6 f6 db f8 6a cf e0 00 81 ce f0 0b af 68 cc 1a c6 f6 db d7 05 08 09 0a 06 cc 1a c6 f6 db f9 60 cc 1a c6 f6 db f9 6a cf e0 00 15 a2 45 bf ac 89 cc 1a c6 f6 db f8 05 08 06 0b 01 1e 6a aa 80 cc 1a c6 f6 db fa 6a cf e0 00 8f 7b 5e cb fb d0 cc 1a c6 f6 db d7 05 08 09 0a 06 cc 1a c6 f6 db fb 60 cc 1a c6 f6 db fb 6a cf e0 00 6a 2b 2f ed cf 68 cc 1a c6 f6 db fa 05 08 06 0b 01 1e 6a aa 80 cc 1a c6 f6 db fc 6a cf e0 00 9b 0d f2 9a 7b a2 cc 1a c6 f6 db d7 05 08 09 0a 06 cc 1a c6 f6 db fd 60 cc 1a c6 f6 db fd 6a cf e0 00 8c ae 3e 2b b3 86 cc 1a c6 f6 db fc 05 08 06 0b 01 1e 6a aa 80 cc 1a c6 f6 db fe 6a cf e0 00 a0 78 f4 aa dc b2 cc 1a c6 f6 db d7 05 08 09 0a 06 cc 1a c6 f6 db ff 60 cc 1a c6 f6 db ff 6a cf e0 00 18 61 a4 eb 70 dc cc 1a c6 f6 db fe 05 08 06 0b 01 1e 6a aa 80 cc 1a c6 f6 dc 00 6a cf e0 00 a4 33 e5 15 2a a7 cc 1a c6 f6 db d7 05 08 09 0a 06 cc 1a c6 f6 dc 01 60 cc 1a c6 f6 dc 01 6a cf e0 00 a3 8d cf fe 7c c2 cc 1a c6 f6 dc 00 05 08 06 0b 01 1e 6a aa 80 cc 1a c6 f6 dc 02 6a cf e0 00 b1 55 ae 95 1b 1b cc 1a c6 f6 db d7 05 08 09 0a 06 cc 1a c6 f6 dc 03 60 cc 1a c6 f6 dc 03 6a cf e0 00 87 99 50 ab 84 84 cc 1a c6 f6 dc 02 05 08 06 0b 01 1e 6a aa 80 cc 1a c6 f6 dc 04 6a cf e0 00 b9 f6 aa cf 3b e8 cc 1a c6 f6 db d7 05 08 09 0a 06 cc 1a c6 f6 dc 05 60 cc 1a c6 f6 dc 05 6a cf e0 00 43 4e c3 29 7f fb cc 1a c6 f6 dc 04 05 08 06 0b 01 1e 6a aa 80 cc 1a c6 f6 dc 06 6a cf e0 00 d5 02 b6 e6 bb 8b cc 1a c6 f6 db d7 05 08 09 0a 06 cc 1a c6 f6 dc 07 60 cc 1a c6 f6 dc 07 6a cf e0 00 f0 c5 56 fe dc 95 cc 1a c6 f6 dc 06 05 08 06 0b 01 1e 6a aa 80 cc 1a c6 f6 dc 08 6a cf e0 00 de 3b e1 bd 46 b6 cc 1a c6 f6 db d7 05 08 09 0a 06 cc 1a c6 f6 dc 09 60 cc 1a c6 f6 dc 09 6a cf e0 00 bb f5 08 f7 ee e3 cc 1a c6 f6 dc 08 05 08 06 0b 01 1e 6a aa 80 cc 1a c6 f6 dc 0a 6a cf e0 00 fc 0b 7d 36 e8 90 cc 1a c6 f6 db d7 05 08 09 0a 06 cc 1a c6 f6 dc 0b 60 cc 1a c6 f6 dc 0b 6a cf e0 00 5c 00 79 97 19 ca cc 1a c6 f6 dc 0a 05 08 06 0b 01 1e 6a aa 80 cc 1a c6 f6 dc 0c 6a cf e0 00 ff 0b c4 c1 78 9f cc 1a c6 f6 db d7 05 08 09 0a 06 cc 1a c6 f6 dc 0d 60 cc 1a c6 f6 dc 0d 6a cf e0 00 de c2 4c 45 d4 74 cc 1a c6 f6 dc 0c 05 08 06 0b 01 1e 6a aa 80 cf 40 00 01 0e 56 da 93 c0 aa cf 40 00 00 04 35 52 b5 bc cf 40 00 01 0e 21 8a 83 9c 05 07 16 0c 13 cf e0 00 b6 21 15 50 b8 cc cf e0 00 b6 21 15 50 b8 cc 01 68 cc 1a c6 f6 dc 0e aa cf 40 00 00 02 fe e8 76 5e cf 40 00 01 0e 21 8a 83 9c 05 07 24 0d 21 02 01 cc 1a c6 f6 dc 17 02 cc 1a c6 f6 dc 1c cf e0 00 ec ad a3 f0 d0 e8 cf e0 00 ec ad a3 f0 d0 e8 e0 cc 1a c6 f6 dc 0f aa cf 40 00 00 02 fe e8 76 5e cf 40 00 01 0e 21 8a 83 9c 05 07 15 0d 12 cf e0 00 cc 0d 3c ed 40 59 cf e0 00 cc 0d 3c ed 40 59 60 cc 1a c6 f6 dc 10 aa cf 40 00 00 02 fe e8 76 5e cf 40 00 01 0e 21 8a 83 9c 05 07 15 0d 12 cf e0 00 d1 1d ef 61 e9 4c cf e0 00 d1 1d ef 61 e9 4c 60 cf 40 00 01 0e 56 da 93 c6 aa cf 40 00 00 03 45 2e 93 32 cf 40 00 01 0e 21 8a 83 9c 05 07 48 0e 45 04 01 cf 40 00 01 0e 56 da 93 dc 03 cf 40 00 01 0e 56 da 93 da 04 cf 40 00 01 0e 56 da 93 d9 06 cf 40 00 01 0e 56 da 93 db cf e0 00 be 26 86 78 93 fb cf e0 00 be 26 86 78 93 fb cf 40 00 01 0e 21 8a 83 9c 01 f8 cf 40 00 01 0e 56 da 93 d9 6a cf e0 00 1b b1 d0 c0 83 3d cf 40 00 01 0e 56 da 93 c6 05 08 1a 0f 12 01 00 a8 00 00 80 3f 0a 01 00 02 00 03 00 04 00 05 00 9a aa 69 9a aa a0 cf 40 00 01 0e 56 da 93 da 6a cf e0 00 49 40 7a e4 b9 9f cf 40 00 01 0e 56 da 93 c6 05 08 1a 0f 12 01 00 a8 00 00 80 3f 0a 01 00 02 00 03 00 04 00 05 00 9a aa 69 9a aa a0 cf 40 00 01 0e 56 da 93 db 6a cf e0 00 fa d6 d4 10 89 bf cf 40 00 01 0e 56 da 93 c6 05 08 1a 0f 12 01 00 a8 00 00 80 3f 0a 01 00 02 00 03 00 04 00 05 00 9a aa 69 9a aa a0 cf 40 00 01 0e 56 da 93 dc 6a cf e0 00 3d 6b ba 93 c3 6e cf 40 00 01 0e 56 da 93 c6 05 08 60 0f 58 01 00 a8 00 00 80 3f 18 0b 66 66 66 3f 0c 00 00 0c 42 0d 00 00 c8 41 0e 00 00 c0 3f 0f 00 00 80 3f 10 cd cc cc 3e 11 00 00 00 00 20 00 00 00 00 7e 00 00 00 00 7f 00 00 00 00 9e 00 00 40 42 a1 00 00 00 00 0a 01 00 02 00 03 00 04 00 05 00 cf e0 00 54 23 10 e1 28 51 9a aa 69 56 aa a0 cf 40 00 01 0e 56 da 93 c1 aa cf 40 00 00 02 cd eb 43 79 cf 40 00 01 0e 21 8a 83 9c 05 07 20 11 1d 01 01 cf 40 00 01 0e 56 da 93 d8 cf e0 00 f3 1e 5e 26 d6 1b cf e0 00 f3 1e 5e 26 d6 1b e0 cf 40 00 01 0e 56 da 93 d8 6a cf e0 00 aa f9 b6 7f 09 84 cf 40 00 01 0e 56 da 93 c1 05 08 16 0f 0e 02 00 a8 0a 01 00 02 00 03 00 04 00 05 00 9a aa 6a 9a aa a0 cf 40 00 01 0e 56 da 93 c2 aa cf 40 00 00 02 cd eb 43 79 cf 40 00 01 0e 21 8a 83 9c 05 07 16 11 13 cf e0 00 e7 4d 25 c4 8f ec cf e0 00 e7 4d 25 c4 8f ec 01 68 cf 40 00 01 0e 56 da 93 c3 aa cf 40 00 00 03 ac 7e a2 31 cf 40 00 01 0e 21 8a 83 9c 05 07 16 12 13 cf e0 00 3b 0b be 53 af 3e cf e0 00 3b 0b be 53 af 3e 01 68 cf 40 00 01 0e 56 da 93 c4 aa cf 40 00 00 06 d5 74 72 00 cf 40 00 01 0e 21 8a 83 9c 05 07 15 13 12 cf e0 00 2a 79 cf 66 48 a6 cf e0 00 2a 79 cf 66 48 a6 60 cc 1a c6 f6 dc 11 aa cf 40 00 00 07 a3 b7 7f ed cf 40 00 01 0e 21 8a 83 9c 05 07 15 14 12 cf e0 00 fc 17 77 56 44 e5 cf e0 00 fc 17 77 56 44 e5 48 cc 1a c6 f6 dc 12 aa cf 40 00 00 09 7e 0a cf 3c cf 40 00 01 0e 21 8a 83 9c 05 07 15 15 12 cf e0 00 a2 79 07 e2 98 82 cf e0 00 a2 79 07 e2 98 82 60 cc 1a c6 f6 dc 13 aa cf 40 00 00 04 36 f6 53 91 cf 40 00 01 0e 21 8a 83 9c 05 07 1e 16 1b cf e0 00 ca 2d 04 99 92 93 cf e0 00 ca 2d 04 99 92 93 cf 40 00 01 0e 21 8a 83 9c 70 cf 40 00 01 0e 56 da 93 c5 aa cf 40 00 00 04 36 f6 53 91 cf 40 00 01 0e 21 8a 83 9c 05 07 67 16 64 08 01 cf 40 00 01 0e 56 da 93 ca 02 cf 40 00 01 0e 56 da 93 cd 03 cf 40 00 01 0e 56 da 93 c9 09 cf 40 00 00 5e b1 fa ae d4 0a cf 40 00 01 0e 56 da 93 cc 0b cf 40 00 01 0e 56 da 93 c8 0c cf 40 00 01 0e 56 da 93 cb 32 cf 40 00 01 0e 56 da 93 ce cf e0 00 a3 51 64 71 64 66 cf e0 00 a3 51 64 71 64 66 01 e8 cf 40 00 01 0e 56 da 93 cb aa cf 40 00 00 04 36 f6 53 93 cf 40 00 01 0e 56 da 93 c5 05 07 0c 17 09 cf e0 00 9b 0d f2 9a 7b a2 80 cf 40 00 01 0e 56 da 93 cd aa cf 40 00 00 04 36 f6 53 93 cf 40 00 01 0e 56 da 93 c5 05 07 0c 17 09 cf e0 00 d5 02 b6 e6 bb 8b 80 cf 40 00 00 5e b1 fa ae d4 aa cf 40 00 00 04 36 f6 53 93 cf 40 00 01 0e 56 da 93 c5 05 07 0c 17 09 cf e0 00 81 ce f0 0b af 68 80 cf 40 00 01 0e 56 da 93 ce aa cf 40 00 00 04 36 f6 53 93 cf 40 00 01 0e 56 da 93 c5 05 07 0c 17 09 cf e0 00 d5 02 b6 e6 bb 8b 80 cf 40 00 01 0e 56 da 93 c8 aa cf 40 00 00 04 36 f6 53 93 cf 40 00 01 0e 56 da 93 c5 05 07 0c 17 09 cf e0 00 ff 0b c4 c1 78 9f 80 cf 40 00 01 0e 56 da 93 c9 aa cf 40 00 00 04 36 f6 53 93 cf 40 00 01 0e 56 da 93 c5 05 07 0c 17 09 cf e0 00 79 a6 40 03 01 f5 80 cf 40 00 01 0e 56 da 93 cc aa cf 40 00 00 04 36 f6 53 93 cf 40 00 01 0e 56 da 93 c5 05 07 0c 17 09 cf e0 00 a4 33 e5 15 2a a7 80 cf 40 00 01 0e 56 da 93 ca aa cf 40 00 00 04 36 f6 53 93 cf 40 00 01 0e 56 da 93 c5 05 07 0c 17 09 cf e0 00 8f 7b 5e cb fb d0 80 cf 40 00 01 0d 2d 91 b7 72 aa cf 40 00 00 35 3a 4e 3a e1 cf 40 00 01 0c cb f4 44 52 05 07 0f 18 0c 01 cf 40 00 01 0e 21 8a 83 9c 00 00 10 cf 40 00 01 0e 21 8a 83 9c aa cf 40 00 00 00 00 56 b3 c1 00 05 07 c9 0a f4 1a c9 0a d5 01 8a bf 81 c2 c3 ff dc c0 8d 57 ff c2 00 00 00 00 1a 00 b4 c2 00 00 00 00 c9 02 17 02 02 00 00 80 3f cd cc cc 3d 02 c0 01 01 cf 40 00 01 0e 56 da 93 c6 cf 40 00 01 0e 56 da 93 c1 cf 40 00 01 0e 56 da 93 c2 cc 1a c6 f6 dc 0e cc 1a c6 f6 dc 0f cc 1a c6 f6 dc 10 cf 40 00 01 0e 56 da 93 c3 1c cf e0 00 0c ec c9 f8 8d 5b 01 cf e0 00 10 d9 d3 38 11 5c 01 cf e0 00 18 ad d6 80 36 d7 01 cf e0 00 22 04 04 b7 47 9c 01 cf e0 00 28 86 0e 3f 19 ee 01 cf e0 00 29 d8 2f dc b5 e0 01 cf e0 00 31 28 64 d5 95 91 01 cf e0 00 36 26 82 88 80 11 01 cf e0 00 4b fd eb 53 18 98 01 cf e0 00 4d b6 b8 dd d4 c6 01 cf e0 00 54 b1 f7 24 78 42 01 cf e0 00 64 ec ee 56 96 a0 01 cf e0 00 68 92 6d ee 86 37 01 cf e0 00 6c 2d e3 90 48 d6 01 cf e0 00 72 e6 20 52 38 da 01 cf e0 00 75 e8 c4 16 8b 6c 01 cf e0 00 84 9e e1 0c a5 d3 01 cf e0 00 9c 95 e5 c2 e1 62 01 cf e0 00 a6 89 38 8a 33 09 01 cf e0 00 a9 53 23 4e 6a 69 01 cf e0 00 c5 72 01 ca 6e 7f 01 cf e0 00 dc 42 a2 43 6f 58 01 cf e0 00 dc fc ce 28 b8 16 01 cf e0 00 e5 dc ae 39 87 35 01 cf e0 00 f6 f2 fa 15 7a 08 01 cf e0 00 fc f1 1d 6d 2c f8 01 cf e0 00 fd bc a4 ca 07 67 01 cf e0 00 fe 70 28 ea 11 4d 01 cf 40 00 01 0e 56 da 93 c0 cf 40 00 01 0e 56 da 93 c5 25 02 00 00 58 42 03 00 00 20 41 04 00 00 20 41 05 00 00 40 42 06 00 00 40 42 07 00 00 a8 41 08 00 80 18 44 19 00 00 00 40 1a cd cc 2c 41 22 00 00 20 41 23 00 00 20 41 25 00 00 40 41 27 9a 99 19 3f 28 9a 99 19 3e 2e 00 00 80 bf 30 00 00 90 41 3a ec 51 b8 3e 3b 00 00 b4 43 56 00 00 00 00 57 00 00 00 00 73 cd cc 4c 3d 74 2a fa 78 3d 75 00 00 00 3f 79 cd cc 4c 3d 7a 7d 1a 55 3d 7b 00 00 00 3f 81 ec 51 d0 41 82 00 00 00 40 85 c2 2c 85 3d 86 00 00 00 3f 87 7d 1a 55 3d 88 00 00 00 3f 8f 1f 85 83 41 9e 00 00 40 42 c8 db 5c 8f 02 41 c8 e8 00 00 80 3f c8 e9 00 00 80 3f 19 02 00 00 58 42 03 00 00 20 41 04 00 00 20 41 05 00 00 40 42 06 00 00 40 42 07 00 00 a8 41 08 00 00 02 43 25 00 00 40 41 27 9a 99 19 3f 28 9a 99 19 3e 3a ec 51 b8 3e 3b 00 00 b4 43 73 cd cc 4c 3d 74 cd cc 4c 3d 75 00 00 00 3f 79 cd cc 4c 3d 7a cd cc 4c 3d 7b 00 00 00 3f 85 cd cc 4c 3d 86 00 00 00 3f 87 cd cc 4c 3d 88 00 00 00 3f 8f 00 00 70 41 c8 e8 00 00 80 3f c8 e9 00 00 80 3f 00 00 80 3f cf 74 f6 43 db dc 94 0e 4d 07 00 00 80 bf cf 40 00 00 00 55 f4 c6 11 05 cf 40 00 01 0e 56 da 93 c4 36 33 0c 67 65 6e 2e 74 79 74 5f 63 68 61 74 0c 74 72 61 2e 74 79 74 5f 63 68 61 74 0c 70 76 70 2e 74 79 74 5f 63 68 61 74 08 74 79 74 5f 63 68 61 74 c9 03 f8 01 f0 00 80 cc 1a c6 f6 dc 11 02 cf e0 00 b3 1e 6d 66 6c 0f 01 41 00 00 6c 42 cf e0 00 b6 1e 6d 66 73 36 01 41 00 00 00 00 01 c9 03 e8 cc 1a c6 f6 dc 12 cf 0f 15 ae 02 63 83 82 21 10 08 01 cd 34 44 c6 ef 6c 05 00 00 f0 43 19 01 cd 34 44 c6 ef 6c 03 00 00 00 40 1a 01 cd 34 44 c6 ef 6c 02 cd cc 2c 41 22 01 cf 40 00 01 0e 21 8a 83 9c 00 00 20 41 23 01 cf 40 00 01 0e 21 8a 83 9c 00 00 20 41 2e 01 cc 1a c6 f6 dc 1c 00 00 80 bf 30 01 cf 40 00 01 0e 21 8a 83 9c 00 00 90 41 74 01 cd 34 44 c6 ef 6c 02 74 b5 30 3c 7a 01 cd 34 44 c6 ef 6c 03 00 db 04 3b 81 03 cd 34 44 c6 ef 6c 02 cd cc 2c 41 cd 34 44 c6 ef 6c 07 67 66 86 40 cd 34 44 c6 ef 6c 9e d7 a3 30 41 82 01 cd 34 44 c6 ef 6c 04 00 00 00 40 85 02 cd 34 44 c6 ef 6c 02 74 b5 30 3c cd 34 44 c6 ef 6c 07 cd fa 8a 3b 87 01 cd 34 44 c6 ef 6c 04 00 db 04 3b 8f 01 cd 34 44 c6 ef 6c 05 eb 51 b8 3f 9e 01 cf 40 00 01 0e 56 da 93 dc 00 00 40 42 c8 db 01 cd 34 44 c6 ef 6c 9e 5c 8f 02 41 01 cf e0 00 47 97 b1 4d 42 fd 5c 01 4f 73 70 6e 2e 6c 6f 63 61 74 69 6f 6e 2e 74 79 74 68 6f 6e 2e 63 6c 61 73 73 2e 6a 65 64 69 5f 6b 6e 69 67 68 74 2e 61 74 74 61 63 6b 5f 6f 66 5f 74 68 65 5f 66 6c 65 73 68 5f 72 61 69 64 65 72 73 2e 64 65 72 72 69 6e 5f 77 65 6c 6c 65 72 01 01 cf e0 00 d8 e5 14 c9 06 c4 e0 cf e0 00 c6 ae 44 a4 1e 9c cf 15 d1 3b 19 b0 91 6d 48 cf 40 00 00 00 55 f4 c6 11 cc 1a c6 f6 db d7 1b cf e0 00 08 f3 83 be 50 ef 01 cf e0 00 14 c3 7d c8 7e 23 01 cf e0 00 16 0d f5 63 66 bd 01 cf e0 00 28 07 3e c4 86 a4 01 cf e0 00 2c 43 9a 90 09 42 01 cf e0 00 32 9c be 75 df 08 01 cf e0 00 3e e6 e8 38 13 10 01 cf e0 00 4b ae 66 6e dd 50 01 cf e0 00 58 ae 16 3c 69 1d 01 cf e0 00 5f 7c 55 e3 a6 8a 01 cf e0 00 5f f2 8c 84 f6 b1 01 cf e0 00 61 c3 6e 1a 2f f0 01 cf e0 00 65 b5 1b b9 5d 08 01 cf e0 00 79 a6 40 03 01 f5 01 cf e0 00 81 3b df f1 51 7d 01 cf e0 00 81 55 2f 6e c5 c8 01 cf e0 00 81 ce f0 0b af 68 01 cf e0 00 8f 7b 5e cb fb d0 01 cf e0 00 9b 0d f2 9a 7b a2 01 cf e0 00 a0 78 f4 aa dc b2 01 cf e0 00 a4 33 e5 15 2a a7 01 cf e0 00 b1 55 ae 95 1b 1b 01 cf e0 00 b9 f6 aa cf 3b e8 01 cf e0 00 d5 02 b6 e6 bb 8b 01 cf e0 00 de 3b e1 bd 46 b6 01 cf e0 00 fc 0b 7d 36 e8 90 01 cf e0 00 ff 0b c4 c1 78 9f 01 1b cf e0 00 08 f3 83 be 50 ef 01 cf e0 00 14 c3 7d c8 7e 23 01 cf e0 00 16 0d f5 63 66 bd 01 cf e0 00 28 07 3e c4 86 a4 01 cf e0 00 2c 43 9a 90 09 42 01 cf e0 00 32 9c be 75 df 08 01 cf e0 00 3e e6 e8 38 13 10 01 cf e0 00 4b ae 66 6e dd 50 01 cf e0 00 58 ae 16 3c 69 1d 01 cf e0 00 5f 7c 55 e3 a6 8a 01 cf e0 00 5f f2 8c 84 f6 b1 01 cf e0 00 61 c3 6e 1a 2f f0 01 cf e0 00 65 b5 1b b9 5d 08 01 cf e0 00 79 a6 40 03 01 f5 01 cf e0 00 81 3b df f1 51 7d 01 cf e0 00 81 55 2f 6e c5 c8 01 cf e0 00 81 ce f0 0b af 68 01 cf e0 00 8f 7b 5e cb fb d0 01 cf e0 00 9b 0d f2 9a 7b a2 01 cf e0 00 a0 78 f4 aa dc b2 01 cf e0 00 a4 33 e5 15 2a a7 01 cf e0 00 b1 55 ae 95 1b 1b 01 cf e0 00 b9 f6 aa cf 3b e8 01 cf e0 00 d5 02 b6 e6 bb 8b 01 cf e0 00 de 3b e1 bd 46 b6 01 cf e0 00 fc 0b 7d 36 e8 90 01 cf e0 00 ff 0b c4 c1 78 9f 01 03 cf e0 00 53 2b e6 cc f7 cd 01 cf e0 00 ae 06 5f 3b 37 79 01 cf e0 00 e9 de b7 38 d2 83 01 08 01 c9 04 59 05 c9 04 b5 07 c9 14 c2 0a c9 04 49 0b c9 04 90 0c c9 04 37 0e c9 04 4a 10 c9 04 cb 0b cf 0a f2 1a cd 0e b8 ee b7 01 cf 0d 4f a4 f6 83 55 48 b6 00 cf 13 7a 55 61 a5 44 a5 f7 00 cf 3d 83 9e 9b 7b 56 ce 2d 01 cf 6b 17 02 ad fb 1a 7e a4 01 cf bf 17 70 4d 79 a2 88 86 01 cf da 80 4d 3a 2f 5c c2 7a 01 cf ed 33 f3 a1 83 88 2b 0f 01 cf f1 e4 cb 64 92 2a fb 1f 00 cf fd be c2 14 d1 ca 4c f1 00 cf ff 5f 18 4a aa 9e ce 77 01 01 04 54 61 63 69 14 01 00 02 00 03 00 04 cf 40 00 08 80 00 00 00 00 05 cf 10 40 01 58 00 00 0e 00 06 ce 08 ac 00 18 00 00 00 07 ce 8a c0 00 00 00 00 00 08 c9 20 00 09 00 0a 00 0b 00 0c 00 0d 00 0e 00 0f cb 40 00 00 00 10 00 11 00 12 cc 01 00 00 00 00 13 00 14 ca 0c 00 00 ae b8 58 3e 01 cf 40 00 00 00 55 f4 c6 11 01 01 cc 01 00 00 80 00 20 01 00 02 00 03 00 04 00 05 00 06 00 07 00 08 00 09 00 0a 00 0b 00 0c 00 0d 00 0e 00 0f 00 10 00 11 00 12 00 13 00 14 00 15 00 16 00 17 00 18 00 19 00 1a 00 1b 00 1c 00 1d 00 1e 00 1f 00 20 ca 01 f8 00 01 cf ff 5f 18 4a aa 9e ce 77 01 cf e0 00 d8 e5 14 c9 06 c4 02 05 cf e0 00 45 d3 d8 7f cf 97 08 01 01 00 00 02 01 01 00 fc cf e0 00 55 8a 95 7d 2d 58 08 01 02 00 00 03 01 01 00 fc cf e0 00 80 f1 41 ca 6f 4c 08 01 01 00 00 02 01 01 00 fc cf e0 00 9b df bb 94 7f 8c 08 01 01 00 00 02 01 01 00 fc cf e0 00 d8 e5 14 c9 06 c4 08 01 02 00 00 01 01 01 00 fc 02 cf 55 8a 95 7d 2d 58 00 8a 01 cf d8 e5 14 c9 06 c4 01 5a 01 30 cf 45 d3 d8 7f cf 97 00 6d 00 cf 45 d3 d8 7f cf 97 00 6e 00 cf 45 d3 d8 7f cf 97 00 6f 03 cf 45 d3 d8 7f cf 97 00 70 03 cf 45 d3 d8 7f cf 97 00 71 00 cf 45 d3 d8 7f cf 97 00 72 04 cf 45 d3 d8 7f cf 97 00 88 00 cf 45 d3 d8 7f cf 97 00 89 00 cf 45 d3 d8 7f cf 97 00 8a 03 cf 45 d3 d8 7f cf 97 00 8b 03 cf 45 d3 d8 7f cf 97 00 8c 00 cf 45 d3 d8 7f cf 97 00 8d 04 cf 45 d3 d8 7f cf 97 00 95 00 cf 45 d3 d8 7f cf 97 00 96 00 cf 45 d3 d8 7f cf 97 00 97 03 cf 45 d3 d8 7f cf 97 00 98 03 cf 45 d3 d8 7f cf 97 00 99 00 cf 45 d3 d8 7f cf 97 00 9a 04 cf 45 d3 d8 7f cf 97 00 a2 00 cf 45 d3 d8 7f cf 97 00 a3 00 cf 45 d3 d8 7f cf 97 00 a4 03 cf 45 d3 d8 7f cf 97 00 a5 03 cf 45 d3 d8 7f cf 97 00 a6 00 cf 45 d3 d8 7f cf 97 00 a7 04 cf 45 d3 d8 7f cf 97 00 ab 00 cf 45 d3 d8 7f cf 97 00 ac 00 cf 45 d3 d8 7f cf 97 00 ad 03 cf 45 d3 d8 7f cf 97 00 ae 03 cf 45 d3 d8 7f cf 97 00 af 00 cf 45 d3 d8 7f cf 97 00 b0 04 cf 80 f1 41 ca 6f 4c 00 66 00 cf 80 f1 41 ca 6f 4c 01 02 01 cf 80 f1 41 ca 6f 4c 01 03 01 cf 80 f1 41 ca 6f 4c 01 04 01 cf 80 f1 41 ca 6f 4c 01 05 01 cf 80 f1 41 ca 6f 4c 01 06 01 cf 80 f1 41 ca 6f 4c 01 26 01 cf 80 f1 41 ca 6f 4c 01 29 01 cf 9b df bb 94 7f 8c 00 6c 00 cf 9b df bb 94 7f 8c 00 6d 00 cf 9b df bb 94 7f 8c 00 6e 03 cf 9b df bb 94 7f 8c 00 6f 03 cf 9b df bb 94 7f 8c 00 70 00 cf 9b df bb 94 7f 8c 00 71 04 cf 9b df bb 94 7f 8c 00 75 00 cf 9b df bb 94 7f 8c 00 76 00 cf 9b df bb 94 7f 8c 00 78 00 cf 9b df bb 94 7f 8c 00 79 00 02 cc 1a c6 f6 dc 13 e8 79 80 79 d0 a0 ce 13 04 01 00 31 08 0e 04 80 00 93 4f 05 90 a2 04 17 0a 40 00 cc 1a c6 f6 dc 17 7a cf e0 00 b6 1e 6d 66 73 36 cc 1a c6 f6 dc 0e 01 01 00 00 00 10 c6 ac b0 04 00 00 40 05 08 18 28 13 18 cf 40 00 01 0e 21 8a 83 9c cf 40 00 01 0e 21 8a 83 9c 5a aa 40 cc 1a c6 f6 dc 1c 7a cf e0 00 b3 1e 6d 66 6c 0f cc 1a c6 f6 dc 0e 01 01 00 00 00 10 c6 ac b0 04 00 00 40 05 08 26 28 21 18 cf 40 00 01 0e 21 8a 83 9c cd 0b cd db d9 e7 fb cd 0b cd db d9 01 83 cf 40 00 01 0e 21 8a 83 9c 59 6a 40
[2026-09-25 00:07:43] CapturedCharacterRemap: Character fixture remap [CRT 2]: 25 packed + 0 little-endian references, 4000010E218A839C->4000010E218A839B.
[2026-09-25 00:07:43] TORGameServerPacket: Constructing Packet [AreaClientReplicationTransaction]
[2026-09-25 00:07:43] TORGameServerPacket: AREA-PAYLOAD type=AreaClientReplicationTransaction bytes=6551 prefixBytes=256 hex=80-6E-44-0D-B3-65-08-00-13-50-1B-00-00-00-00-00-01-55-CC-1A-C6-F6-DB-D7-AA-CF-40-00-00-02-F8-C3-47-F1-CF-40-00-01-0E-21-8A-83-9B-05-07-C8-D4-09-C8-D0-1B-01-CC-1A-C6-F6-DB-D8-02-CC-1A-C6-F6-DB-DA-03-CC-1A-C6-F6-DB-DC-04-CC-1A-C6-F6-DB-DE-05-CC-1A-C6-F6-DB-E0-06-CC-1A-C6-F6-DB-E2-07-CC-1A-C6-F6-DB-E4-08-CC-1A-C6-F6-DB-E6-09-CC-1A-C6-F6-DB-E8-0A-CC-1A-C6-F6-DB-EA-0B-CC-1A-C6-F6-DB-EC-0C-CC-1A-C6-F6-DB-EE-0D-CC-1A-C6-F6-DB-F0-0E-CC-1A-C6-F6-DB-F2-0F-CC-1A-C6-F6-DB-F4-10-CC-1A-C6-F6-DB-F6-11-CC-1A-C6-F6-DB-F8-12-CC-1A-C6-F6-DB-FA-13-CC-1A-C6-F6-DB-FC-14-CC-1A-C6-F6-DB-FE-15-CC-1A-C6-F6-DC-00-16-CC-1A-C6-F6-DC-02-17-CC-1A-C6-F6-DC-04-18-CC-1A-C6-F6-DC-06-19-CC-1A-C6-F6-DC-08-1A-CC-1A-C6-F6-DC-0A-1B-CC-1A-C6-F6-DC-0C-CF-E0-00-4E-A6-02-37-38-70-CF-E0-00-4E-A6-02-37
[2026-09-25 00:07:43] CapturedCharacterRemap: Character fixture remap [effect 1]: 0 packed + 2 little-endian references, 4000010E218A839C->4000010E218A839B.
[2026-09-25 00:07:43] TORGameServerPacket: Constructing Packet [AreaEffEventMessage]
[2026-09-25 00:07:43] TORGameServerPacket: AREA-PAYLOAD type=AreaEffEventMessage bytes=98 prefixBytes=98 hex=90-1C-F4-DB-B3-65-08-00-56-00-00-00-01-00-00-00-01-00-00-00-57-00-00-00-00-01-88-00-01-01-00-9B-83-8A-21-0E-01-00-40-01-03-01-1C-DC-F6-C6-1A-00-00-00-9B-83-8A-21-0E-01-00-40-1B-DC-F6-C6-1A-00-00-00-00-01-07-28-0F-6C-66-6D-1E-B3-00-E0-00-DB-01-E0-94-08-00-00-00-00-00-00-00-00-00-00-00-00-00-00
[2026-09-25 00:07:43] TORGameServerPacket: Constructing Packet [SystemRequestRPC]
[2026-09-25 00:07:43] TORGameServerPacket: Constructing Packet [AreaRequestRPC]
[2026-09-25 00:07:43] TORGameServerPacket: AREA-PAYLOAD type=AreaRequestRPC bytes=21 prefixBytes=21 hex=BF-F9-DF-0A-B3-65-08-00-09-00-00-00-CF-75-DC-E5-C3-03-11-A4-C8
[2026-09-25 00:07:43] TORGameServerPacket: Constructing Packet [AreaRequestRPC]
[2026-09-25 00:07:43] TORGameServerPacket: AREA-PAYLOAD type=AreaRequestRPC bytes=26 prefixBytes=26 hex=BF-F9-DF-0A-B3-65-08-00-0E-00-00-00-C7-07-E5-4B-65-48-36-A3-C6-08-01-03-00-00
[2026-09-25 00:07:43] AreaStartupBundle: AreaStartupBundle: suppressing known-incomplete CRT3; set SWTOR_ENABLE_UNVERIFIED_CRT3=1 only for decoder experiments.
[2026-09-25 00:07:43] TORGameServerPacket: Constructing Packet [AreaRequestRPC]
[2026-09-25 00:07:43] TORGameServerPacket: AREA-PAYLOAD type=AreaRequestRPC bytes=23 prefixBytes=23 hex=BF-F9-DF-0A-B3-65-08-00-0B-00-00-00-CF-05-77-43-E1-C6-B9-C0-9A-02-00
[2026-09-25 00:07:43] TORGameServerPacket: Constructing Packet [HasMail]
[2026-09-25 00:07:43] TORGameServerPacket: Constructing Packet [AreaRequestRPC]
[2026-09-25 00:07:43] TORGameServerPacket: AREA-PAYLOAD type=AreaRequestRPC bytes=25 prefixBytes=25 hex=BF-F9-DF-0A-B3-65-08-00-0D-00-00-00-C7-4F-77-41-BD-E7-FF-95-39-02-05-02-05
[2026-09-25 00:07:43] TORGameServerPacket: Constructing Packet [AreaAwarenessEntered]
[2026-09-25 00:07:43] TORGameServerPacket: AREA-PAYLOAD type=AreaAwarenessEntered bytes=13496 prefixBytes=256 hex=26-E2-D9-A1-B3-65-08-00-00-00-00-00-01-4D-CC-1A-C6-88-D5-3E-AA-CF-40-00-00-03-98-6E-86-71-00-05-07-18-29-15-CF-E0-00-4E-7B-39-FD-C9-8B-8C-4A-BE-41-A5-BD-C1-3D-AF-E5-32-C2-C0-CC-1A-C6-88-D5-40-AA-CF-40-00-00-03-98-6E-86-71-00-05-07-18-29-15-CF-E0-00-4C-7B-39-FC-35-61-E1-FA-AA-41-85-EB-91-BE-6A-5E-28-C2-C0-CC-1A-C6-88-D5-42-AA-CF-40-00-00-03-98-6E-86-71-00-05-07-18-29-15-CF-E0-00-4D-7B-39-FC-37-DC-24-97-C4-41-0E-BE-B0-BD-E7-7B-27-C2-C0-CC-1A-C6-89-67-A3-7A-CF-E0-00-99-CA-18-16-01-BE-CC-1A-C6-88-BE-1E-01-02-00-00-00-41-EC-A7-01-00-00-00-40-0B-56-C0-01-00-00-00-40-05-08-C9-01-A2-2A-C9-01-87-4D-84-75-C2-C8-07-DD-C0-53-94-FF-C2-00-00-00-00-00-00-70-C1-00-00-00-00-00-00-80-3F-CD-CC-CC-3D-02-01-CC-1A-C6-89-67-A5-CC-1A-C6-89-67-A7-CC-1A-C6-89-67-A8-CC-1A-C6-89-67-A9
[2026-09-25 00:07:43] CapturedCharacterRemap: Character fixture remap [On Enter RPC batch]: 3 packed + 0 little-endian references, 4000010E218A839C->4000010E218A839B.
[2026-09-25 00:07:43] TORGameServerPacket: Constructing Packet [SMsg23B61238]
[2026-09-25 00:07:43] TORGameServerPacket: AREA-PAYLOAD type=SMsg23B61238 bytes=81 prefixBytes=81 hex=38-12-B6-23-B3-65-08-00-01-00-00-00-41-00-00-00-CF-43-12-BC-BA-6B-8F-69-E0-01-CF-40-00-01-0E-21-8A-83-9B-01-CF-40-00-01-0E-21-8A-83-9B-01-CF-40-00-01-0E-21-8A-83-9B-01-CF-E0-00-9E-BF-FA-A2-E2-04-06-08-4F-6E-20-45-6E-74-65-72-02-01-07-01-00-00
[2026-09-25 00:07:43] CapturedCharacterRemap: Character fixture remap [effect 2]: 0 packed + 2 little-endian references, 4000010E218A839C->4000010E218A839B.
[2026-09-25 00:07:43] TORGameServerPacket: Constructing Packet [AreaEffEventMessage]
[2026-09-25 00:07:43] TORGameServerPacket: AREA-PAYLOAD type=AreaEffEventMessage bytes=116 prefixBytes=116 hex=90-1C-F4-DB-B3-65-08-00-68-00-00-00-01-00-00-00-01-00-00-00-2C-13-00-00-00-34-36-31-31-36-38-37-31-37-38-36-33-31-32-38-33-36-31-32-01-88-00-01-01-00-9B-83-8A-21-0E-01-00-40-01-02-28-DC-F6-C6-1A-00-00-00-9B-83-8A-21-0E-01-00-40-27-DC-F6-C6-1A-00-00-00-03-01-07-28-30-9D-38-BD-97-91-00-E0-00-DB-01-E0-94-08-00-00-00-00-00-00-00-00-00-00-00-00-00-00
[2026-09-25 00:07:43] CapturedCharacterRemap: Character fixture remap [effect 3]: 0 packed + 2 little-endian references, 4000010E218A839C->4000010E218A839B.
[2026-09-25 00:07:43] TORGameServerPacket: Constructing Packet [AreaEffEventMessage]
[2026-09-25 00:07:43] TORGameServerPacket: AREA-PAYLOAD type=AreaEffEventMessage bytes=116 prefixBytes=116 hex=90-1C-F4-DB-B3-65-08-00-68-00-00-00-01-00-00-00-01-00-00-00-2C-13-00-00-00-34-36-31-31-36-38-37-31-37-38-36-33-31-32-38-33-36-31-32-01-88-00-01-01-00-9B-83-8A-21-0E-01-00-40-01-02-31-DC-F6-C6-1A-00-00-00-9B-83-8A-21-0E-01-00-40-30-DC-F6-C6-1A-00-00-00-03-01-07-28-CD-31-BA-F5-5E-C6-00-E0-00-DB-01-E0-94-08-00-00-00-00-00-00-00-00-00-00-00-00-00-00
[2026-09-25 00:07:43] CapturedCharacterRemap: Character fixture remap [effect 4]: 0 packed + 2 little-endian references, 4000010E218A839C->4000010E218A839B.
[2026-09-25 00:07:43] TORGameServerPacket: Constructing Packet [AreaEffEventMessage]
[2026-09-25 00:07:43] TORGameServerPacket: AREA-PAYLOAD type=AreaEffEventMessage bytes=116 prefixBytes=116 hex=90-1C-F4-DB-B3-65-08-00-68-00-00-00-01-00-00-00-01-00-00-00-2C-13-00-00-00-34-36-31-31-36-38-37-31-37-38-36-33-31-32-38-33-36-31-32-01-88-00-01-01-00-9B-83-8A-21-0E-01-00-40-01-02-3A-DC-F6-C6-1A-00-00-00-9B-83-8A-21-0E-01-00-40-39-DC-F6-C6-1A-00-00-00-03-01-07-28-2D-6B-11-85-70-16-00-E0-00-DB-01-E0-94-08-00-00-00-00-00-00-00-00-00-00-00-00-00-00
[2026-09-25 00:07:43] CapturedCharacterRemap: Character fixture remap [effect 5]: 0 packed + 2 little-endian references, 4000010E218A839C->4000010E218A839B.
[2026-09-25 00:07:43] TORGameServerPacket: Constructing Packet [AreaEffEventMessage]
[2026-09-25 00:07:43] TORGameServerPacket: AREA-PAYLOAD type=AreaEffEventMessage bytes=116 prefixBytes=116 hex=90-1C-F4-DB-B3-65-08-00-68-00-00-00-01-00-00-00-01-00-00-00-2C-13-00-00-00-34-36-31-31-36-38-37-31-37-38-36-33-31-32-38-33-36-31-32-01-88-00-01-01-00-9B-83-8A-21-0E-01-00-40-01-02-42-DC-F6-C6-1A-00-00-00-9B-83-8A-21-0E-01-00-40-41-DC-F6-C6-1A-00-00-00-03-01-07-28-DE-ED-82-29-D9-DC-00-E0-00-DB-01-E0-94-08-00-00-00-00-00-00-00-00-00-00-00-00-00-00
[2026-09-25 00:07:43] CapturedCharacterRemap: Character fixture remap [effect 6]: 0 packed + 2 little-endian references, 4000010E218A839C->4000010E218A839B.
[2026-09-25 00:07:43] TORGameServerPacket: Constructing Packet [AreaEffEventMessage]
[2026-09-25 00:07:43] TORGameServerPacket: AREA-PAYLOAD type=AreaEffEventMessage bytes=116 prefixBytes=116 hex=90-1C-F4-DB-B3-65-08-00-68-00-00-00-01-00-00-00-01-00-00-00-2C-13-00-00-00-34-36-31-31-36-38-37-31-37-38-36-33-31-32-38-33-36-31-32-01-88-00-01-01-00-9B-83-8A-21-0E-01-00-40-01-02-4B-DC-F6-C6-1A-00-00-00-9B-83-8A-21-0E-01-00-40-4A-DC-F6-C6-1A-00-00-00-03-01-07-28-2B-F7-A8-05-E1-72-00-E0-00-DB-01-E0-94-08-00-00-00-00-00-00-00-00-00-00-00-00-00-00
[2026-09-25 00:07:43] CapturedCharacterRemap: Character fixture remap [effect 7]: 0 packed + 2 little-endian references, 4000010E218A839C->4000010E218A839B.
[2026-09-25 00:07:43] TORGameServerPacket: Constructing Packet [AreaEffEventMessage]
[2026-09-25 00:07:43] TORGameServerPacket: AREA-PAYLOAD type=AreaEffEventMessage bytes=116 prefixBytes=116 hex=90-1C-F4-DB-B3-65-08-00-68-00-00-00-01-00-00-00-01-00-00-00-2C-13-00-00-00-34-36-31-31-36-38-37-31-37-38-36-33-31-32-38-33-36-31-32-01-88-00-01-01-00-9B-83-8A-21-0E-01-00-40-01-02-54-DC-F6-C6-1A-00-00-00-9B-83-8A-21-0E-01-00-40-53-DC-F6-C6-1A-00-00-00-03-01-07-28-DF-6B-20-09-5E-01-00-E0-00-DB-01-E0-94-08-00-00-00-00-00-00-00-00-00-00-00-00-00-00
[2026-09-25 00:07:43] CapturedCharacterRemap: Character fixture remap [effect 8]: 0 packed + 2 little-endian references, 4000010E218A839C->4000010E218A839B.
[2026-09-25 00:07:43] TORGameServerPacket: Constructing Packet [AreaEffEventMessage]
[2026-09-25 00:07:43] TORGameServerPacket: AREA-PAYLOAD type=AreaEffEventMessage bytes=116 prefixBytes=116 hex=90-1C-F4-DB-B3-65-08-00-68-00-00-00-01-00-00-00-01-00-00-00-2C-13-00-00-00-34-36-31-31-36-38-37-31-37-38-36-33-31-32-38-33-36-31-32-01-88-00-01-01-00-9B-83-8A-21-0E-01-00-40-01-02-5D-DC-F6-C6-1A-00-00-00-9B-83-8A-21-0E-01-00-40-5C-DC-F6-C6-1A-00-00-00-03-01-07-28-FB-7F-29-C3-4E-43-00-E0-00-DB-01-E0-94-08-00-00-00-00-00-00-00-00-00-00-00-00-00-00
[2026-09-25 00:07:43] CRT: CRT emit [tython_blockout-4611686019869492753-1.4.acrt] bytes=1833 sha256=4cfa0b80835d015426b4e33c5d6ce90572a9dfceb2b5f9d032c5c12ee8022dc7
[2026-09-25 00:07:43] CRT: CRT bytes [tython_blockout-4611686019869492753-1.4.acrt] 15 50 1b 00 00 00 00 00 01 0b cf 40 00 01 0e 21 8a 83 9c 09 05 08 c9 05 12 1a c9 04 fa cc 1a c6 f6 dc 1f 4b 08 00 80 18 44 09 00 00 00 00 0a 00 00 00 00 19 00 00 00 40 1a cd cc 2c 41 3e 00 00 00 00 3f 00 00 00 00 40 00 00 00 00 41 00 00 00 00 42 00 00 00 00 44 00 00 00 00 45 00 00 00 00 46 00 00 00 00 47 00 00 00 00 48 00 00 00 00 4f 00 00 00 00 74 2a fa 78 3d 7a 7d 1a 55 3d 80 00 00 00 00 81 ec 51 d0 41 82 00 00 00 40 85 c2 2c 85 3d 87 7d 1a 55 3d 8f 1f 85 83 41 98 00 00 00 00 9a 00 00 00 00 9b 00 00 00 00 9c 00 00 00 00 a0 00 00 00 00 a1 00 00 00 00 a3 00 00 00 00 a4 00 00 00 00 a5 00 00 00 00 c8 db 5c 8f 02 41 c8 f9 00 00 00 00 c8 fe 00 00 00 00 c8 ff 00 00 00 00 00 80 18 44 8a bf 81 c2 c3 ff dc c0 8d 57 ff c2 02 27 cf e0 00 01 5e 09 20 6b df 1d 3e 00 00 00 00 3f 00 00 00 00 40 00 00 00 00 41 00 00 00 00 42 00 00 00 00 44 00 00 00 00 45 00 00 00 00 46 00 00 00 00 47 00 00 00 00 48 00 00 00 00 4f 00 00 00 00 a4 00 00 00 00 a5 00 00 00 00 c8 f9 00 00 00 00 cf e0 00 02 5e 09 20 6d 28 1d 3e 00 00 00 00 3f 00 00 00 00 40 00 00 00 00 41 00 00 00 00 42 00 00 00 00 44 00 00 00 00 45 00 00 00 00 46 00 00 00 00 47 00 00 00 00 48 00 00 00 00 4f 00 00 00 00 a4 00 00 00 00 a5 00 00 00 00 c8 f9 00 00 00 00 cf e0 00 08 f3 83 be 50 ef 1d 3e 00 00 00 00 3f 00 00 00 00 40 00 00 00 00 41 00 00 00 00 42 00 00 c0 3f 44 00 00 00 00 45 00 00 00 00 46 00 00 00 00 47 00 00 00 00 48 00 00 00 00 4f 00 00 00 00 a4 00 00 00 00 a5 00 00 00 00 c8 f9 00 00 00 00 cf e0 00 14 c3 7d c8 7e 23 1d 3e 00 00 00 00 3f 00 00 00 00 40 00 00 00 00 41 00 00 00 00 42 00 00 c0 3f 44 00 00 00 00 45 00 00 00 00 46 00 00 00 00 47 00 00 00 00 48 00 00 00 00 4f 00 00 00 00 a4 00 00 00 00 a5 00 00 00 00 c8 f9 00 00 00 00 cf e0 00 15 a2 45 bf ac 89 1d 3e 00 00 00 00 3f 00 00 00 00 40 00 00 00 00 41 00 00 00 00 42 00 00 00 00 44 00 00 00 00 45 00 00 00 00 46 00 00 00 00 47 00 00 00 00 48 00 00 00 00 4f 00 00 00 00 a4 00 00 00 00 a5 00 00 00 00 c8 f9 00 00 00 00 cf e0 00 16 0d f5 63 66 bd 1d 3e 00 00 00 00 3f 00 00 00 00 40 00 00 00 00 41 00 00 00 00 42 00 00 00 00 44 00 00 00 00 45 00 00 00 00 46 00 00 00 00 47 00 00 00 00 48 00 00 00 00 4f 00 00 00 00 a4 00 00 00 00 a5 00 00 00 00 c8 f9 00 00 00 00 cf e0 00 16 61 a4 eb 7c 66 1d 3e 00 00 00 00 3f 00 00 00 00 40 00 00 00 00 41 00 00 80 3f 42 00 00 00 00 44 00 00 00 00 45 00 00 00 00 46 00 00 00 00 47 00 00 00 00 48 00 00 00 00 4f 00 00 00 00 a4 00 00 00 00 a5 00 00 00 00 c8 f9 00 00 00 00 cf e0 00 16 70 85 11 6b 2d 05 3e 00 00 00 00 3f 00 00 00 00 cf e0 00 17 70 85 11 6a 9e 03 41 00 00 f0 41 cf e0 00 44 4e c3 29 7d a8 03 41 00 00 00 00 cf e0 00 58 ae 16 3c 69 1d 0b 3e 00 00 00 00 3f 00 00 00 00 44 00 00 00 00 45 00 00 00 00 46 00 00 00 00 cf e0 00 5f 7c 55 e3 a6 8a 0b 3e 00 00 00 00 3f 00 00 00 00 44 00 00 00 00 45 00 00 00 00 46 00 00 00 00 cf e0 00 61 c3 6e 1a 2f f0 0b 3e 00 00 00 00 3f 00 00 00 00 44 00 00 00 00 45 00 00 00 00 46 00 00 00 00 cf e0 00 73 e1 05 a8 f1 7c 03 41 00 00 00 00 cf e0 00 81 3b df f1 51 7d 0b 3e 00 00 00 00 3f 00 00 00 00 44 00 00 00 00 45 00 00 00 00 46 00 00 00 00 cf e0 00 90 97 bd 38 9f 67 03 41 00 00 00 00 cf e0 00 b9 f6 aa cf 3b e8 0b 3e 00 00 00 00 3f 00 00 00 00 44 00 00 00 00 45 00 00 00 00 46 00 00 00 00 cf e0 00 c7 5e f5 ba 37 02 03 41 00 00 00 00 cf e0 00 db d9 29 82 eb 8d 03 41 00 00 00 00 17 08 02 cd 34 44 c6 ef 6c 05 00 00 f0 43 19 02 cd 34 44 c6 ef 6c 03 00 00 00 40 1a 02 cd 34 44 c6 ef 6c 02 cd cc 2c 41 74 02 cd 34 44 c6 ef 6c 02 74 b5 30 3c 7a 02 cd 34 44 c6 ef 6c 03 00 db 04 3b 81 06 cd 34 44 c6 ef 6c 02 cd cc 2c 41 cd 34 44 c6 ef 6c 07 67 66 86 40 cd 34 44 c6 ef 6c 9e d7 a3 30 41 82 02 cd 34 44 c6 ef 6c 04 00 00 00 40 85 04 cd 34 44 c6 ef 6c 02 74 b5 30 3c cd 34 44 c6 ef 6c 07 cd fa 8a 3b 87 02 cd 34 44 c6 ef 6c 04 00 db 04 3b 8f 02 cd 34 44 c6 ef 6c 05 eb 51 b8 3f c8 db 02 cd 34 44 c6 ef 6c 9e 5c 8f 02 41 04 53 8a 61 3e 00 00 96 43 05 03 01 05 01 9a 99 19 40 8a bf 81 c2 c3 ff dc c0 8d 57 ff c2 ca ce 50 75 47 26 72 93 a3 98 0f 72 17 24 72 47 21 5d 1d a0 cc 1a c6 f6 dc 1f aa cf 40 00 00 11 46 cb 71 cb cc 1a c6 88 c9 7e 05 07 17 4b 14 01 01 cf 40 00 01 0e 21 8a 83 9c cf 40 00 01 0e 21 8a 83 9c c0 cc 1a c6 f6 dc 10 09 05 08 2e 0d 2b 0d 01 cc 1a c6 f6 dc 2d 02 cc 1a c6 f6 dc 36 03 cc 1a c6 f6 dc 47 04 cc 1a c6 f6 dc 50 05 cc 1a c6 f6 dc 59 06 cc 1a c6 f6 dc 62 78 cc 1a c6 f6 dc 2d 6a cf e0 00 90 97 bd 38 9f 67 cc 1a c6 f6 dc 10 05 08 19 0b 14 1e cf 40 00 01 0e 21 8a 83 9c 01 cf 40 00 01 0e 21 8a 83 9c 5a 9a 40 cc 1a c6 f6 dc 36 6a cf e0 00 c7 5e f5 ba 37 02 cc 1a c6 f6 dc 10 05 08 19 0b 14 1e cf 40 00 01 0e 21 8a 83 9c 01 cf 40 00 01 0e 21 8a 83 9c 5a 9a 40 cc 1a c6 f6 dc 0f 09 05 08 0b 0d 08 03 01 cc 1a c6 f6 dc 3f 78 cc 1a c6 f6 dc 3f 7a cf e0 00 17 70 85 11 6a 9e cc 1a c6 f6 dc 0f 01 02 00 00 00 10 c6 ac b0 04 00 00 40 b3 e2 ca bc 04 00 00 40 05 08 27 34 22 19 cf 40 00 01 0e 21 8a 83 9c cd 0b cd db d9 77 34 cd 0b cd db d9 02 04 01 cf 40 00 01 0e 21 8a 83 9c 59 5a 40 cc 1a c6 f6 dc 47 6a cf e0 00 db d9 29 82 eb 8d cc 1a c6 f6 dc 10 05 08 19 0b 14 1e cf 40 00 01 0e 21 8a 83 9c 01 cf 40 00 01 0e 21 8a 83 9c 5a 9a 40 cc 1a c6 f6 dc 50 6a cf e0 00 73 e1 05 a8 f1 7c cc 1a c6 f6 dc 10 05 08 19 0b 14 1e cf 40 00 01 0e 21 8a 83 9c 01 cf 40 00 01 0e 21 8a 83 9c 5a 9a 40 cc 1a c6 f6 dc 59 6a cf e0 00 02 5e 09 20 6d 28 cc 1a c6 f6 dc 10 05 08 19 0b 14 1e cf 40 00 01 0e 21 8a 83 9c 01 cf 40 00 01 0e 21 8a 83 9c 5a 9a 40 cc 1a c6 f6 dc 62 6a cf e0 00 44 4e c3 29 7d a8 cc 1a c6 f6 dc 10 05 08 19 0b 14 1e cf 40 00 01 0e 21 8a 83 9c 01 cf 40 00 01 0e 21 8a 83 9c 5a 9a 40
[2026-09-25 00:07:43] CapturedCharacterRemap: Character fixture remap [CRT 4]: 17 packed + 0 little-endian references, 4000010E218A839C->4000010E218A839B.
[2026-09-25 00:07:43] TORGameServerPacket: Constructing Packet [AreaClientReplicationTransaction]
[2026-09-25 00:07:43] TORGameServerPacket: AREA-PAYLOAD type=AreaClientReplicationTransaction bytes=1841 prefixBytes=256 hex=80-6E-44-0D-B3-65-08-00-15-50-1B-00-00-00-00-00-01-0B-CF-40-00-01-0E-21-8A-83-9B-09-05-08-C9-05-12-1A-C9-04-FA-CC-1A-C6-F6-DC-1F-4B-08-00-80-18-44-09-00-00-00-00-0A-00-00-00-00-19-00-00-00-40-1A-CD-CC-2C-41-3E-00-00-00-00-3F-00-00-00-00-40-00-00-00-00-41-00-00-00-00-42-00-00-00-00-44-00-00-00-00-45-00-00-00-00-46-00-00-00-00-47-00-00-00-00-48-00-00-00-00-4F-00-00-00-00-74-2A-FA-78-3D-7A-7D-1A-55-3D-80-00-00-00-00-81-EC-51-D0-41-82-00-00-00-40-85-C2-2C-85-3D-87-7D-1A-55-3D-8F-1F-85-83-41-98-00-00-00-00-9A-00-00-00-00-9B-00-00-00-00-9C-00-00-00-00-A0-00-00-00-00-A1-00-00-00-00-A3-00-00-00-00-A4-00-00-00-00-A5-00-00-00-00-C8-DB-5C-8F-02-41-C8-F9-00-00-00-00-C8-FE-00-00-00-00-C8-FF-00-00-00-00-00-80-18-44-8A-BF-81-C2-C3-FF-DC-C0-8D-57-FF-C2-02-27-CF-E0-00-01-5E
[2026-09-25 00:07:43] CRT: CRT emit [tython_blockout-4611686019869492753-1.5.acrt] bytes=621 sha256=ca046975942850b0a88ea257412c61b34a022d0e709fe4e7ff325dc26d7e3895
[2026-09-25 00:07:43] CRT: CRT bytes [tython_blockout-4611686019869492753-1.5.acrt] 17 50 1b 00 00 00 00 00 01 01 cf 40 00 01 0e 21 8a 83 9c 09 05 08 c9 02 54 1a c9 02 4c 11 cf e0 00 16 70 85 11 6b 2d 19 40 00 00 00 00 41 00 00 00 00 42 00 00 00 00 44 00 00 00 00 45 00 00 00 00 46 00 00 00 00 47 00 00 00 00 48 00 00 00 00 4f 00 00 00 00 a4 00 00 00 00 a5 00 00 00 00 c8 f9 00 00 00 00 cf e0 00 16 a2 45 bf aa 5a 1d 3e 00 00 00 00 3f 00 00 00 00 40 00 00 00 00 41 00 00 00 00 42 00 00 00 00 44 00 00 00 00 45 00 00 00 00 46 00 00 00 00 47 00 00 00 00 48 00 00 00 00 4f 00 00 00 00 a4 00 00 00 00 a5 00 00 00 00 c8 f9 00 00 00 00 cf e0 00 17 61 a4 eb 72 13 1d 3e 00 00 00 00 3f 00 00 00 00 40 00 00 00 00 41 00 00 00 00 42 00 00 00 00 44 00 00 00 00 45 00 00 00 00 46 00 00 00 00 47 00 00 00 00 48 00 00 00 00 4f 00 00 00 00 a4 00 00 00 00 a5 00 00 00 00 c8 f9 00 00 00 00 cf e0 00 17 70 85 11 6a 9e 1b 3e 00 00 00 00 3f 00 00 00 00 40 00 00 00 00 42 00 00 00 00 44 00 00 00 00 45 00 00 00 00 46 00 00 00 00 47 00 00 00 00 48 00 00 00 00 4f 00 00 00 00 a4 00 00 00 00 a5 00 00 00 00 c8 f9 00 00 00 00 cf e0 00 17 a2 45 bf a9 ef 1d 3e 00 00 00 00 3f 00 00 00 00 40 00 00 00 00 41 00 00 00 40 42 00 00 00 00 44 00 00 00 00 45 00 00 00 00 46 00 00 00 00 47 00 00 00 00 48 00 00 00 00 4f 00 00 00 00 a4 00 00 00 00 a5 00 00 00 00 c8 f9 00 00 00 00 cf e0 00 18 61 a4 eb 70 dc 1d 3e 00 00 00 00 3f 00 00 00 00 40 00 00 00 00 41 00 00 00 00 42 00 00 00 00 44 00 00 00 00 45 00 00 00 00 46 00 00 00 00 47 00 00 00 00 48 00 00 00 00 4f 00 00 00 00 a4 00 00 00 00 a5 00 00 00 00 c8 f9 00 00 00 00 cf e0 00 18 a2 45 bf a7 a0 1d 3e 00 00 00 00 3f 00 00 00 00 40 00 00 00 00 41 00 00 00 00 42 00 00 00 00 44 00 00 00 00 45 00 00 00 00 46 00 00 00 00 47 00 00 00 00 48 00 00 00 00 4f 00 00 00 00 a4 00 00 00 00 a5 00 00 00 00 c8 f9 00 00 00 00 cf e0 00 28 07 3e c4 86 a4 0b 3e 00 00 00 00 3f 00 00 00 00 40 00 00 00 3f 41 00 00 00 00 42 00 00 00 00 cf 0b 9e f0
[2026-09-25 00:07:43] CapturedCharacterRemap: Character fixture remap [CRT 5]: 1 packed + 0 little-endian references, 4000010E218A839C->4000010E218A839B.
[2026-09-25 00:07:43] TORGameServerPacket: Constructing Packet [AreaClientReplicationTransaction]
[2026-09-25 00:07:43] TORGameServerPacket: AREA-PAYLOAD type=AreaClientReplicationTransaction bytes=629 prefixBytes=256 hex=80-6E-44-0D-B3-65-08-00-17-50-1B-00-00-00-00-00-01-01-CF-40-00-01-0E-21-8A-83-9B-09-05-08-C9-02-54-1A-C9-02-4C-11-CF-E0-00-16-70-85-11-6B-2D-19-40-00-00-00-00-41-00-00-00-00-42-00-00-00-00-44-00-00-00-00-45-00-00-00-00-46-00-00-00-00-47-00-00-00-00-48-00-00-00-00-4F-00-00-00-00-A4-00-00-00-00-A5-00-00-00-00-C8-F9-00-00-00-00-CF-E0-00-16-A2-45-BF-AA-5A-1D-3E-00-00-00-00-3F-00-00-00-00-40-00-00-00-00-41-00-00-00-00-42-00-00-00-00-44-00-00-00-00-45-00-00-00-00-46-00-00-00-00-47-00-00-00-00-48-00-00-00-00-4F-00-00-00-00-A4-00-00-00-00-A5-00-00-00-00-C8-F9-00-00-00-00-CF-E0-00-17-61-A4-EB-72-13-1D-3E-00-00-00-00-3F-00-00-00-00-40-00-00-00-00-41-00-00-00-00-42-00-00-00-00-44-00-00-00-00-45-00-00-00-00-46-00-00-00-00-47-00-00-00-00-48-00-00-00-00-4F-00-00-00-00-A4
[2026-09-25 00:07:43] CRT: CRT emit [tython_blockout-4611686019869492753-1.6.acrt] bytes=621 sha256=a37f15a9ce400393c6534023e0c7e459eb47a6b162e1440fbb0023f0554e40f2
[2026-09-25 00:07:43] CRT: CRT bytes [tython_blockout-4611686019869492753-1.6.acrt] 19 50 1b 00 00 00 00 00 01 01 cf 40 00 01 0e 21 8a 83 9c 09 05 08 c9 02 54 1a c9 02 4c 11 cf e0 00 28 07 3e c4 86 a4 13 44 00 00 00 00 45 00 00 00 00 46 00 00 00 00 47 00 00 00 00 48 00 00 00 00 4f 00 00 00 00 a4 00 00 00 00 a5 00 00 00 00 c8 f9 00 00 00 00 cf e0 00 2c 43 9a 90 09 42 1d 3e 00 00 c0 3f 3f 00 00 00 00 40 00 00 00 00 41 00 00 00 00 42 00 00 c0 3f 44 00 00 00 00 45 00 00 00 00 46 00 00 00 00 47 00 00 00 00 48 00 00 00 00 4f 00 00 00 00 a4 00 00 00 00 a5 00 00 00 00 c8 f9 00 00 00 00 cf e0 00 32 9c be 75 df 08 1d 3e 00 00 00 00 3f 00 00 00 00 40 00 00 c0 3f 41 00 00 00 00 42 00 00 00 00 44 00 00 00 00 45 00 00 00 00 46 00 00 00 00 47 00 00 80 3f 48 00 00 00 00 4f 00 00 00 00 a4 00 00 00 00 a5 00 00 00 00 c8 f9 00 00 00 00 cf e0 00 3e e6 e8 38 13 10 1d 3e 00 00 00 00 3f 00 00 00 00 40 00 00 00 3f 41 00 00 00 00 42 00 00 00 00 44 00 00 00 00 45 00 00 00 00 46 00 00 00 00 47 00 00 00 00 48 00 00 00 00 4f 00 00 00 00 a4 00 00 00 00 a5 00 00 00 00 c8 f9 00 00 00 00 cf e0 00 43 4e c3 29 7f fb 1d 3e 00 00 00 00 3f 00 00 00 00 40 00 00 00 00 41 00 00 00 00 42 00 00 00 00 44 00 00 00 00 45 00 00 00 00 46 00 00 00 00 47 00 00 00 00 48 00 00 00 00 4f 00 00 00 00 a4 00 00 00 00 a5 00 00 00 00 c8 f9 00 00 00 00 cf e0 00 44 4e c3 29 7d a8 1b 3e 00 00 00 00 3f 00 00 00 00 40 00 00 00 00 42 00 00 00 00 44 00 00 00 00 45 00 00 00 00 46 00 00 00 00 47 00 00 00 00 48 00 00 00 00 4f 00 00 00 00 a4 00 00 00 00 a5 00 00 00 00 c8 f9 00 00 00 00 cf e0 00 4b ae 66 6e dd 50 1d 3e 00 00 00 00 3f 00 00 00 00 40 00 00 34 43 41 00 00 00 00 42 00 00 c0 3f 44 00 00 00 00 45 00 00 00 00 46 00 00 00 00 47 00 00 00 00 48 00 00 00 00 4f 00 00 00 00 a4 00 00 00 00 a5 00 00 00 00 c8 f9 00 00 00 00 cf e0 00 51 ca f2 c4 50 d7 11 3e 00 00 00 00 3f 00 00 00 00 40 00 00 00 00 41 00 00 00 00 42 00 00 00 00 44 00 00 00 00 45 00 00 00 00 46 00 00 00 00 cf 0b 9e f0
[2026-09-25 00:07:43] CapturedCharacterRemap: Character fixture remap [CRT 6]: 1 packed + 0 little-endian references, 4000010E218A839C->4000010E218A839B.
[2026-09-25 00:07:43] TORGameServerPacket: Constructing Packet [AreaClientReplicationTransaction]
[2026-09-25 00:07:44] TORGameServerPacket: AREA-PAYLOAD type=AreaClientReplicationTransaction bytes=629 prefixBytes=256 hex=80-6E-44-0D-B3-65-08-00-19-50-1B-00-00-00-00-00-01-01-CF-40-00-01-0E-21-8A-83-9B-09-05-08-C9-02-54-1A-C9-02-4C-11-CF-E0-00-28-07-3E-C4-86-A4-13-44-00-00-00-00-45-00-00-00-00-46-00-00-00-00-47-00-00-00-00-48-00-00-00-00-4F-00-00-00-00-A4-00-00-00-00-A5-00-00-00-00-C8-F9-00-00-00-00-CF-E0-00-2C-43-9A-90-09-42-1D-3E-00-00-C0-3F-3F-00-00-00-00-40-00-00-00-00-41-00-00-00-00-42-00-00-C0-3F-44-00-00-00-00-45-00-00-00-00-46-00-00-00-00-47-00-00-00-00-48-00-00-00-00-4F-00-00-00-00-A4-00-00-00-00-A5-00-00-00-00-C8-F9-00-00-00-00-CF-E0-00-32-9C-BE-75-DF-08-1D-3E-00-00-00-00-3F-00-00-00-00-40-00-00-C0-3F-41-00-00-00-00-42-00-00-00-00-44-00-00-00-00-45-00-00-00-00-46-00-00-00-00-47-00-00-80-3F-48-00-00-00-00-4F-00-00-00-00-A4-00-00-00-00-A5-00-00-00-00-C8-F9-00-00-00-00
[2026-09-25 00:07:44] CRT: CRT emit [tython_blockout-4611686019869492753-1.7.acrt] bytes=632 sha256=3f6e5fa80721f091f6ad0442a6e83d5d4984d5c237912e3e89f4afc7e130b300
[2026-09-25 00:07:44] CRT: CRT bytes [tython_blockout-4611686019869492753-1.7.acrt] 1b 50 1b 00 00 00 00 00 01 01 cf 40 00 01 0e 21 8a 83 9c 09 05 08 c9 02 5f 1a c9 02 57 13 cf e0 00 51 ca f2 c4 50 d7 0d 47 00 00 00 00 48 00 00 00 00 4f 00 00 00 00 a4 00 00 00 00 a5 00 00 00 00 c8 f9 00 00 00 00 cf e0 00 52 ca f2 c4 56 84 1d 3e 00 00 00 00 3f 00 00 00 00 40 00 00 00 00 41 00 00 00 00 42 00 00 00 00 44 00 00 00 00 45 00 00 00 00 46 00 00 00 00 47 00 00 00 00 48 00 00 00 00 4f 00 00 00 00 a4 00 00 00 00 a5 00 00 00 00 c8 f9 00 00 00 00 cf e0 00 58 ae 16 3c 69 1d 13 40 00 00 00 00 41 00 00 00 00 42 00 00 00 00 47 00 00 00 00 48 00 00 00 00 4f 00 00 00 00 a4 00 00 00 00 a5 00 00 00 00 c8 f9 00 00 00 00 cf e0 00 5c 00 79 97 19 ca 1d 3e 00 00 00 00 3f 00 00 00 00 40 00 00 00 00 41 00 00 00 00 42 00 00 00 00 44 00 00 00 00 45 00 00 00 00 46 00 00 00 00 47 00 00 00 00 48 00 00 00 00 4f 00 00 00 00 a4 00 00 00 00 a5 00 00 00 00 c8 f9 00 00 00 00 cf e0 00 5d 00 79 97 1f b9 1d 3e 00 00 00 00 3f 00 00 00 00 40 00 00 00 00 41 00 00 00 00 42 00 00 00 00 44 00 00 00 00 45 00 00 00 00 46 00 00 00 00 47 00 00 00 00 48 00 00 00 00 4f 00 00 00 00 a4 00 00 00 00 a5 00 00 00 00 c8 f9 00 00 00 00 cf e0 00 5f 7c 55 e3 a6 8a 13 40 00 00 00 00 41 00 00 00 00 42 00 00 c0 3f 47 00 00 00 00 48 00 00 00 00 4f 00 00 00 00 a4 00 00 00 00 a5 00 00 00 00 c8 f9 00 00 00 00 cf e0 00 5f f2 8c 84 f6 b1 1d 3e 00 00 00 00 3f 00 00 00 00 40 00 00 00 00 41 00 00 00 00 42 00 00 00 00 44 00 00 00 00 45 00 00 00 00 46 00 00 00 00 47 00 00 00 00 48 00 00 00 00 4f 00 00 00 00 a4 00 00 00 00 a5 00 00 00 00 c8 f9 00 00 00 00 cf e0 00 61 c3 6e 1a 2f f0 13 40 00 00 00 00 41 00 00 00 00 42 00 00 c0 3f 47 00 00 00 00 48 00 00 00 00 4f 00 00 00 00 a4 00 00 00 00 a5 00 00 00 00 c8 f9 00 00 00 00 cf e0 00 65 b5 1b b9 5d 08 17 3e 00 00 c0 40 3f 00 00 00 00 40 00 00 e1 44 41 00 00 00 00 42 00 00 00 00 44 00 00 00 00 45 00 00 00 00 46 00 00 00 00 47 00 00 00 00 48 00 00 00 00 4f 00 00 00 00 cf 0b 9e f0
[2026-09-25 00:07:44] CapturedCharacterRemap: Character fixture remap [CRT 7]: 1 packed + 0 little-endian references, 4000010E218A839C->4000010E218A839B.
[2026-09-25 00:07:44] TORGameServerPacket: Constructing Packet [AreaClientReplicationTransaction]
[2026-09-25 00:07:44] TORGameServerPacket: AREA-PAYLOAD type=AreaClientReplicationTransaction bytes=640 prefixBytes=256 hex=80-6E-44-0D-B3-65-08-00-1B-50-1B-00-00-00-00-00-01-01-CF-40-00-01-0E-21-8A-83-9B-09-05-08-C9-02-5F-1A-C9-02-57-13-CF-E0-00-51-CA-F2-C4-50-D7-0D-47-00-00-00-00-48-00-00-00-00-4F-00-00-00-00-A4-00-00-00-00-A5-00-00-00-00-C8-F9-00-00-00-00-CF-E0-00-52-CA-F2-C4-56-84-1D-3E-00-00-00-00-3F-00-00-00-00-40-00-00-00-00-41-00-00-00-00-42-00-00-00-00-44-00-00-00-00-45-00-00-00-00-46-00-00-00-00-47-00-00-00-00-48-00-00-00-00-4F-00-00-00-00-A4-00-00-00-00-A5-00-00-00-00-C8-F9-00-00-00-00-CF-E0-00-58-AE-16-3C-69-1D-13-40-00-00-00-00-41-00-00-00-00-42-00-00-00-00-47-00-00-00-00-48-00-00-00-00-4F-00-00-00-00-A4-00-00-00-00-A5-00-00-00-00-C8-F9-00-00-00-00-CF-E0-00-5C-00-79-97-19-CA-1D-3E-00-00-00-00-3F-00-00-00-00-40-00-00-00-00-41-00-00-00-00-42-00-00-00-00-44-00-00-00-00
[2026-09-25 00:07:44] CRT: CRT emit [tython_blockout-4611686019869492753-1.8.acrt] bytes=621 sha256=14fdf748d841cd5021683887faebf55b20b517c8c6202a1c57fe98feb3775fcf
[2026-09-25 00:07:44] CRT: CRT bytes [tython_blockout-4611686019869492753-1.8.acrt] 1d 50 1b 00 00 00 00 00 01 01 cf 40 00 01 0e 21 8a 83 9c 09 05 08 c9 02 54 1a c9 02 4c 11 cf e0 00 65 b5 1b b9 5d 08 07 a4 00 00 00 00 a5 00 00 00 00 c8 f9 00 00 00 00 cf e0 00 66 2b 2f ed d6 3c 1d 3e 00 00 00 00 3f 00 00 00 00 40 00 00 00 00 41 00 00 00 00 42 00 00 00 00 44 00 00 00 00 45 00 00 00 00 46 00 00 00 00 47 00 00 00 00 48 00 00 00 00 4f 00 00 00 00 a4 00 00 00 00 a5 00 00 00 00 c8 f9 00 00 00 00 cf e0 00 68 2b 2f ed d3 d6 1d 3e 00 00 00 00 3f 00 00 00 00 40 00 00 00 00 41 00 00 00 00 42 00 00 00 00 44 00 00 00 00 45 00 00 00 00 46 00 00 00 00 47 00 00 00 00 48 00 00 00 00 4f 00 00 00 00 a4 00 00 00 00 a5 00 00 00 00 c8 f9 00 00 00 00 cf e0 00 69 2b 2f ed d1 25 1d 3e 00 00 00 00 3f 00 00 00 00 40 00 00 00 00 41 00 00 00 00 42 00 00 00 00 44 00 00 00 00 45 00 00 00 00 46 00 00 00 00 47 00 00 00 00 48 00 00 00 00 4f 00 00 00 00 a4 00 00 00 00 a5 00 00 00 00 c8 f9 00 00 00 00 cf e0 00 6a 2b 2f ed cf 68 1d 3e 00 00 00 00 3f 00 00 00 00 40 00 00 00 00 41 00 00 00 00 42 00 00 00 00 44 00 00 00 00 45 00 00 00 00 46 00 00 00 00 47 00 00 00 00 48 00 00 00 00 4f 00 00 00 00 a4 00 00 00 00 a5 00 00 00 00 c8 f9 00 00 00 00 cf e0 00 6b 2b 2f ed ce bf 1d 3e 00 00 00 00 3f 00 00 00 00 40 00 00 00 00 41 00 00 00 00 42 00 00 00 00 44 00 00 00 00 45 00 00 00 00 46 00 00 00 00 47 00 00 00 00 48 00 00 00 00 4f 00 00 00 00 a4 00 00 00 00 a5 00 00 00 00 c8 f9 00 00 00 00 cf e0 00 6e 19 51 38 98 6e 1d 3e 00 00 00 00 3f 00 00 00 00 40 00 00 00 00 41 00 00 00 00 42 00 00 00 00 44 00 00 00 00 45 00 00 00 00 46 00 00 00 00 47 00 00 00 00 48 00 00 00 00 4f 00 00 00 00 a4 00 00 00 00 a5 00 00 00 00 c8 f9 00 00 00 00 cf e0 00 6f 19 51 38 9b dd 1b 3e 00 00 00 00 3f 00 00 00 00 40 00 00 00 00 41 00 00 00 00 42 00 00 00 00 44 00 00 00 00 45 00 00 00 00 46 00 00 00 00 47 00 00 00 00 48 00 00 00 00 4f 00 00 00 00 a4 00 00 00 00 a5 00 00 00 00 cf 0b 9e f0
[2026-09-25 00:07:44] CapturedCharacterRemap: Character fixture remap [CRT 8]: 1 packed + 0 little-endian references, 4000010E218A839C->4000010E218A839B.
[2026-09-25 00:07:44] TORGameServerPacket: Constructing Packet [AreaClientReplicationTransaction]
[2026-09-25 00:07:44] TORGameServerPacket: AREA-PAYLOAD type=AreaClientReplicationTransaction bytes=629 prefixBytes=256 hex=80-6E-44-0D-B3-65-08-00-1D-50-1B-00-00-00-00-00-01-01-CF-40-00-01-0E-21-8A-83-9B-09-05-08-C9-02-54-1A-C9-02-4C-11-CF-E0-00-65-B5-1B-B9-5D-08-07-A4-00-00-00-00-A5-00-00-00-00-C8-F9-00-00-00-00-CF-E0-00-66-2B-2F-ED-D6-3C-1D-3E-00-00-00-00-3F-00-00-00-00-40-00-00-00-00-41-00-00-00-00-42-00-00-00-00-44-00-00-00-00-45-00-00-00-00-46-00-00-00-00-47-00-00-00-00-48-00-00-00-00-4F-00-00-00-00-A4-00-00-00-00-A5-00-00-00-00-C8-F9-00-00-00-00-CF-E0-00-68-2B-2F-ED-D3-D6-1D-3E-00-00-00-00-3F-00-00-00-00-40-00-00-00-00-41-00-00-00-00-42-00-00-00-00-44-00-00-00-00-45-00-00-00-00-46-00-00-00-00-47-00-00-00-00-48-00-00-00-00-4F-00-00-00-00-A4-00-00-00-00-A5-00-00-00-00-C8-F9-00-00-00-00-CF-E0-00-69-2B-2F-ED-D1-25-1D-3E-00-00-00-00-3F-00-00-00-00-40-00-00-00-00-41-00-00-00-00
[2026-09-25 00:07:44] CRT: CRT emit [tython_blockout-4611686019869492753-1.9.acrt] bytes=632 sha256=e8238d4ed7ce547e743c97c898db2e8cfc40ceb2afd649917bf59866de3aa662
[2026-09-25 00:07:44] CRT: CRT bytes [tython_blockout-4611686019869492753-1.9.acrt] 1f 50 1b 00 00 00 00 00 01 01 cf 40 00 01 0e 21 8a 83 9c 09 05 08 c9 02 5f 1a c9 02 57 13 cf e0 00 6f 19 51 38 9b dd 03 c8 f9 00 00 00 00 cf e0 00 72 e1 05 a8 f7 2b 1d 3e 00 00 00 00 3f 00 00 00 00 40 00 00 00 00 41 00 00 00 00 42 00 00 00 00 44 00 00 00 00 45 00 00 00 00 46 00 00 00 00 47 00 00 00 00 48 00 00 00 00 4f 00 00 00 00 a4 00 00 00 00 a5 00 00 00 00 c8 f9 00 00 00 00 cf e0 00 73 e1 05 a8 f1 7c 1b 3e 00 00 00 00 3f 00 00 00 00 40 00 00 00 00 42 00 00 00 00 44 00 00 00 00 45 00 00 00 00 46 00 00 00 00 47 00 00 00 00 48 00 00 00 00 4f 00 00 00 00 a4 00 00 00 00 a5 00 00 00 00 c8 f9 00 00 00 00 cf e0 00 77 e7 6e e4 14 79 1d 3e 00 00 00 00 3f 00 00 00 00 40 00 00 00 00 41 00 00 00 00 42 00 00 00 00 44 00 00 00 00 45 00 00 00 00 46 00 00 00 00 47 00 00 00 00 48 00 00 00 00 4f 00 00 00 00 a4 00 00 00 00 a5 00 00 00 00 c8 f9 00 00 00 00 cf e0 00 78 e7 6e e4 1a 86 1d 3e 00 00 00 00 3f 00 00 00 00 40 00 00 00 00 41 00 00 00 00 42 00 00 00 00 44 00 00 00 00 45 00 00 00 00 46 00 00 00 00 47 00 00 00 00 48 00 00 00 00 4f 00 00 00 00 a4 00 00 00 00 a5 00 00 00 00 c8 f9 00 00 00 00 cf e0 00 79 a6 40 03 01 f5 1d 3e 00 00 00 00 3f 00 00 00 00 40 00 00 00 00 41 00 00 00 00 42 00 00 00 00 44 00 00 00 00 45 00 00 00 00 46 00 00 00 00 47 00 00 00 00 48 00 00 00 00 4f 00 00 00 00 a4 00 00 00 00 a5 00 00 00 00 c8 f9 00 00 00 00 cf e0 00 81 3b df f1 51 7d 13 40 00 00 00 00 41 00 00 00 00 42 00 00 c0 3f 47 00 00 00 00 48 00 00 00 00 4f 00 00 00 00 a4 00 00 00 00 a5 00 00 00 00 c8 f9 00 00 00 00 cf e0 00 81 55 2f 6e c5 c8 1d 3e 00 00 e0 40 3f 00 00 00 00 40 00 00 00 00 41 00 00 00 00 42 00 00 c0 3f 44 00 00 00 00 45 00 00 00 00 46 00 00 00 00 47 00 00 00 00 48 00 00 00 00 4f 00 00 00 00 a4 00 00 00 00 a5 00 00 00 00 c8 f9 00 00 00 00 cf e0 00 81 ce f0 0b af 68 0f 3e 00 00 00 00 3f 00 00 00 00 40 00 00 00 00 41 00 00 00 00 42 00 00 c0 3f 44 00 00 00 00 45 00 00 00 00 cf 0b 9e f0
[2026-09-25 00:07:44] CapturedCharacterRemap: Character fixture remap [CRT 9]: 1 packed + 0 little-endian references, 4000010E218A839C->4000010E218A839B.
[2026-09-25 00:07:44] TORGameServerPacket: Constructing Packet [AreaClientReplicationTransaction]
[2026-09-25 00:07:44] TORGameServerPacket: AREA-PAYLOAD type=AreaClientReplicationTransaction bytes=640 prefixBytes=256 hex=80-6E-44-0D-B3-65-08-00-1F-50-1B-00-00-00-00-00-01-01-CF-40-00-01-0E-21-8A-83-9B-09-05-08-C9-02-5F-1A-C9-02-57-13-CF-E0-00-6F-19-51-38-9B-DD-03-C8-F9-00-00-00-00-CF-E0-00-72-E1-05-A8-F7-2B-1D-3E-00-00-00-00-3F-00-00-00-00-40-00-00-00-00-41-00-00-00-00-42-00-00-00-00-44-00-00-00-00-45-00-00-00-00-46-00-00-00-00-47-00-00-00-00-48-00-00-00-00-4F-00-00-00-00-A4-00-00-00-00-A5-00-00-00-00-C8-F9-00-00-00-00-CF-E0-00-73-E1-05-A8-F1-7C-1B-3E-00-00-00-00-3F-00-00-00-00-40-00-00-00-00-42-00-00-00-00-44-00-00-00-00-45-00-00-00-00-46-00-00-00-00-47-00-00-00-00-48-00-00-00-00-4F-00-00-00-00-A4-00-00-00-00-A5-00-00-00-00-C8-F9-00-00-00-00-CF-E0-00-77-E7-6E-E4-14-79-1D-3E-00-00-00-00-3F-00-00-00-00-40-00-00-00-00-41-00-00-00-00-42-00-00-00-00-44-00-00-00-00-45-00-00-00-00
[2026-09-25 00:07:44] CRT: CRT emit [tython_blockout-4611686019869492753-1.10.acrt] bytes=621 sha256=2191ff1a7c8440ec003e1a3bc82f98241e3ec0741802519c27587d9539617185
[2026-09-25 00:07:44] CRT: CRT bytes [tython_blockout-4611686019869492753-1.10.acrt] 21 50 1b 00 00 00 00 00 01 01 cf 40 00 01 0e 21 8a 83 9c 09 05 08 c9 02 54 1a c9 02 4c 11 cf e0 00 81 ce f0 0b af 68 0f 46 00 00 00 00 47 00 00 00 00 48 00 00 00 00 4f 00 00 00 00 a4 00 00 00 00 a5 00 00 00 00 c8 f9 00 00 00 00 cf e0 00 85 99 50 ab 81 2e 1d 3e 00 00 00 00 3f 00 00 00 00 40 00 00 00 00 41 00 00 00 00 42 00 00 00 00 44 00 00 00 00 45 00 00 00 00 46 00 00 00 00 47 00 00 00 00 48 00 00 00 00 4f 00 00 00 00 a4 00 00 00 00 a5 00 00 00 00 c8 f9 00 00 00 00 cf e0 00 86 99 50 ab 87 7b 1d 3e 00 00 00 00 3f 00 00 00 00 40 00 00 00 00 41 00 00 00 00 42 00 00 00 00 44 00 00 00 00 45 00 00 00 00 46 00 00 00 00 47 00 00 00 00 48 00 00 00 00 4f 00 00 00 00 a4 00 00 00 00 a5 00 00 00 00 c8 f9 00 00 00 00 cf e0 00 87 99 50 ab 84 84 1d 3e 00 00 00 00 3f 00 00 00 00 40 00 00 00 00 41 00 00 00 00 42 00 00 00 00 44 00 00 00 00 45 00 00 00 00 46 00 00 00 00 47 00 00 00 00 48 00 00 00 00 4f 00 00 00 00 a4 00 00 00 00 a5 00 00 00 00 c8 f9 00 00 00 00 cf e0 00 8c 7a a0 b9 34 93 1d 3e 00 00 00 00 3f 00 00 00 00 40 00 00 00 00 41 00 00 00 00 42 00 00 00 00 44 00 00 00 00 45 00 00 00 00 46 00 00 00 00 47 00 00 00 00 48 00 00 00 00 4f 00 00 00 00 a4 00 00 00 00 a5 00 00 00 00 c8 f9 00 00 00 00 cf e0 00 8c ae 3e 2b b3 86 1d 3e 00 00 00 00 3f 00 00 00 00 40 00 00 00 00 41 00 00 00 00 42 00 00 00 00 44 00 00 00 00 45 00 00 00 00 46 00 00 00 00 47 00 00 00 00 48 00 00 00 00 4f 00 00 00 00 a4 00 00 00 00 a5 00 00 00 00 c8 f9 00 00 00 00 cf e0 00 8d 7a a0 b9 4a e0 1d 3e 00 00 00 00 3f 00 00 00 00 40 00 00 00 00 41 00 00 00 00 42 00 00 00 00 44 00 00 00 00 45 00 00 00 00 46 00 00 00 00 47 00 00 00 00 48 00 00 00 00 4f 00 00 00 00 a4 00 00 00 00 a5 00 00 00 00 c8 f9 00 00 00 00 cf e0 00 8d ae 3e 2b b2 55 13 3e 00 00 00 00 3f 00 00 00 00 40 00 00 00 00 41 00 00 00 00 42 00 00 00 00 44 00 00 00 00 45 00 00 00 00 46 00 00 00 00 47 00 00 00 00 cf 0b 9e f0
[2026-09-25 00:07:44] CapturedCharacterRemap: Character fixture remap [CRT 10]: 1 packed + 0 little-endian references, 4000010E218A839C->4000010E218A839B.
[2026-09-25 00:07:44] TORGameServerPacket: Constructing Packet [AreaClientReplicationTransaction]
[2026-09-25 00:07:44] TORGameServerPacket: AREA-PAYLOAD type=AreaClientReplicationTransaction bytes=629 prefixBytes=256 hex=80-6E-44-0D-B3-65-08-00-21-50-1B-00-00-00-00-00-01-01-CF-40-00-01-0E-21-8A-83-9B-09-05-08-C9-02-54-1A-C9-02-4C-11-CF-E0-00-81-CE-F0-0B-AF-68-0F-46-00-00-00-00-47-00-00-00-00-48-00-00-00-00-4F-00-00-00-00-A4-00-00-00-00-A5-00-00-00-00-C8-F9-00-00-00-00-CF-E0-00-85-99-50-AB-81-2E-1D-3E-00-00-00-00-3F-00-00-00-00-40-00-00-00-00-41-00-00-00-00-42-00-00-00-00-44-00-00-00-00-45-00-00-00-00-46-00-00-00-00-47-00-00-00-00-48-00-00-00-00-4F-00-00-00-00-A4-00-00-00-00-A5-00-00-00-00-C8-F9-00-00-00-00-CF-E0-00-86-99-50-AB-87-7B-1D-3E-00-00-00-00-3F-00-00-00-00-40-00-00-00-00-41-00-00-00-00-42-00-00-00-00-44-00-00-00-00-45-00-00-00-00-46-00-00-00-00-47-00-00-00-00-48-00-00-00-00-4F-00-00-00-00-A4-00-00-00-00-A5-00-00-00-00-C8-F9-00-00-00-00-CF-E0-00-87-99-50-AB-84-84-1D
[2026-09-25 00:07:44] TORGameServerPacket: Constructing Packet [AreaAwarenessEntered]
[2026-09-25 00:07:44] TORGameServerPacket: AREA-PAYLOAD type=AreaAwarenessEntered bytes=1255 prefixBytes=256 hex=26-E2-D9-A1-B3-65-08-00-00-00-00-00-01-09-CC-1A-C6-F6-DC-94-7A-CF-E0-00-9F-11-85-1E-2B-F5-CC-1A-C6-F6-DC-22-01-01-00-00-00-0B-56-C0-01-00-00-00-40-05-08-C9-01-1B-30-C9-01-11-CC-1A-C6-F6-DC-1F-44-29-63-C2-C9-76-07-C1-AA-31-F4-C2-00-00-00-80-C2-E6-9D-42-00-00-00-00-0A-67-6E-61-72-6C-73-5F-6E-65-77-CF-40-00-00-18-92-B1-BD-F2-02-01-6D-0A-53-6E-61-70-4C-61-6E-64-65-64-00-00-40-3F-00-00-40-3F-00-00-40-3F-2A-5C-61-72-74-5C-64-79-6E-61-6D-69-63-5C-73-70-65-63-5C-6D-61-67-5F-72-65-70-64-72-6F-70-73-68-69-70-5F-73-68-69-70-2E-6D-61-67-2A-5C-61-72-74-5C-64-79-6E-61-6D-69-63-5C-73-70-65-63-5C-6D-61-67-5F-72-65-70-64-72-6F-70-73-68-69-70-5F-73-68-69-70-2E-6D-61-67-9A-56-80-04-D2-10-48-69-64-64-65-6E-5F-43-69-6E-65-6D-61-74-69-63-02-01-0B-0A-53-6E-61-70-4C-61-6E-64-65-64
[2026-09-25 00:07:44] CRT: CRT emit [tython_blockout-4611686019869492753-1.11.acrt] bytes=621 sha256=1faccc880f0951a00e1a007b30d08debcbab6881e4d5d10caad1716db08e53f3
[2026-09-25 00:07:44] CRT: CRT bytes [tython_blockout-4611686019869492753-1.11.acrt] 23 50 1b 00 00 00 00 00 01 01 cf 40 00 01 0e 21 8a 83 9c 09 05 08 c9 02 54 1a c9 02 4c 11 cf e0 00 8d ae 3e 2b b2 55 0b 48 00 00 00 00 4f 00 00 00 00 a4 00 00 00 00 a5 00 00 00 00 c8 f9 00 00 00 00 cf e0 00 8f 7b 5e cb fb d0 1d 3e 00 00 00 00 3f 00 00 00 00 40 00 00 00 00 41 00 00 00 00 42 00 00 c0 3f 44 00 00 00 00 45 00 00 00 00 46 00 00 00 00 47 cd cc cc 3e 48 00 00 00 00 4f 00 00 00 00 a4 00 00 00 00 a5 00 00 00 00 c8 f9 00 00 00 00 cf e0 00 90 97 bd 38 9f 67 1b 3e 00 00 00 00 3f 00 00 00 00 40 00 00 00 00 42 00 00 00 00 44 00 00 00 00 45 00 00 00 00 46 00 00 00 00 47 00 00 00 00 48 00 00 00 00 4f 00 00 00 00 a4 00 00 00 00 a5 00 00 00 00 c8 f9 00 00 00 00 cf e0 00 91 97 bd 38 9d 30 1d 3e 00 00 00 00 3f 00 00 00 00 40 00 00 00 00 41 00 00 00 00 42 00 00 00 00 44 00 00 00 00 45 00 00 00 00 46 00 00 00 00 47 00 00 00 00 48 00 00 00 00 4f 00 00 00 00 a4 00 00 00 00 a5 00 00 00 00 c8 f9 00 00 00 00 cf e0 00 92 3a e9 2b 09 47 1d 3e 00 00 00 00 3f 00 00 00 00 40 00 00 00 00 41 00 00 f0 41 42 00 00 00 00 44 00 00 00 00 45 00 00 00 00 46 00 00 00 00 47 00 00 00 00 48 00 00 00 00 4f 00 00 00 00 a4 00 00 00 00 a5 00 00 00 00 c8 f9 00 00 00 00 cf e0 00 94 3a e9 2b 0e 21 1d 3e 00 00 00 00 3f 00 00 00 00 40 00 00 00 00 41 00 00 00 00 42 00 00 00 00 44 00 00 00 00 45 00 00 00 00 46 00 00 00 00 47 00 00 00 00 48 00 00 00 00 4f 00 00 00 00 a4 00 00 00 00 a5 00 00 00 00 c8 f9 00 00 00 00 cf e0 00 95 3a e9 2b 0c 5e 1d 3e 00 00 00 00 3f 00 00 00 00 40 00 00 00 00 41 00 00 00 00 42 00 00 00 00 44 00 00 00 00 45 00 00 00 00 46 00 00 00 00 47 00 00 00 00 48 00 00 00 00 4f 00 00 00 00 a4 00 00 00 00 a5 00 00 00 00 c8 f9 00 00 00 00 cf e0 00 96 00 28 59 0f 16 19 3e 00 00 00 00 3f 00 00 00 00 40 00 00 00 00 41 00 00 00 00 42 00 00 00 00 44 00 00 00 00 45 00 00 00 00 46 00 00 00 00 47 00 00 00 00 48 00 00 00 00 4f 00 00 00 00 a4 00 00 00 00 cf 0b 9e f0
[2026-09-25 00:07:44] CapturedCharacterRemap: Character fixture remap [CRT 11]: 1 packed + 0 little-endian references, 4000010E218A839C->4000010E218A839B.
[2026-09-25 00:07:44] TORGameServerPacket: Constructing Packet [AreaClientReplicationTransaction]
[2026-09-25 00:07:44] TORGameServerPacket: AREA-PAYLOAD type=AreaClientReplicationTransaction bytes=629 prefixBytes=256 hex=80-6E-44-0D-B3-65-08-00-23-50-1B-00-00-00-00-00-01-01-CF-40-00-01-0E-21-8A-83-9B-09-05-08-C9-02-54-1A-C9-02-4C-11-CF-E0-00-8D-AE-3E-2B-B2-55-0B-48-00-00-00-00-4F-00-00-00-00-A4-00-00-00-00-A5-00-00-00-00-C8-F9-00-00-00-00-CF-E0-00-8F-7B-5E-CB-FB-D0-1D-3E-00-00-00-00-3F-00-00-00-00-40-00-00-00-00-41-00-00-00-00-42-00-00-C0-3F-44-00-00-00-00-45-00-00-00-00-46-00-00-00-00-47-CD-CC-CC-3E-48-00-00-00-00-4F-00-00-00-00-A4-00-00-00-00-A5-00-00-00-00-C8-F9-00-00-00-00-CF-E0-00-90-97-BD-38-9F-67-1B-3E-00-00-00-00-3F-00-00-00-00-40-00-00-00-00-42-00-00-00-00-44-00-00-00-00-45-00-00-00-00-46-00-00-00-00-47-00-00-00-00-48-00-00-00-00-4F-00-00-00-00-A4-00-00-00-00-A5-00-00-00-00-C8-F9-00-00-00-00-CF-E0-00-91-97-BD-38-9D-30-1D-3E-00-00-00-00-3F-00-00-00-00-40-00-00-00-00
[2026-09-25 00:07:44] CRT: CRT emit [tython_blockout-4611686019869492753-1.12.acrt] bytes=26 sha256=0f0e635c88fa30a07c54df6ccfd53e049d477a15c267386b617b4eab070dffbf
[2026-09-25 00:07:44] CRT: CRT bytes [tython_blockout-4611686019869492753-1.12.acrt] 24 50 1b 00 00 00 00 00 01 01 cc 1a c6 f6 dc 6d 09 05 08 06 3e 00 cc 37 35 80
[2026-09-25 00:07:44] TORGameServerPacket: Constructing Packet [AreaClientReplicationTransaction]
[2026-09-25 00:07:44] TORGameServerPacket: AREA-PAYLOAD type=AreaClientReplicationTransaction bytes=34 prefixBytes=34 hex=80-6E-44-0D-B3-65-08-00-24-50-1B-00-00-00-00-00-01-01-CC-1A-C6-F6-DC-6D-09-05-08-06-3E-00-CC-37-35-80
[2026-09-25 00:07:44] CRT: CRT emit [tython_blockout-4611686019869492753-1.13.acrt] bytes=622 sha256=cc534454fa56e73e8e3cbd980ef1aa165ed18fc442d58ea1cab59d8d525fc762
[2026-09-25 00:07:44] CRT: CRT bytes [tython_blockout-4611686019869492753-1.13.acrt] 25 50 1b 00 00 00 00 00 01 01 cf 40 00 01 0e 21 8a 83 9c 09 05 08 c9 02 55 1a c9 02 4d 11 cf e0 00 96 00 28 59 0f 16 05 a5 00 00 00 00 c8 f9 00 00 00 00 cf e0 00 97 00 28 59 01 45 1d 3e 00 00 00 00 3f 00 00 00 00 40 00 00 00 00 41 00 00 80 40 42 00 00 00 00 44 00 00 00 00 45 00 00 00 00 46 00 00 00 00 47 00 00 00 00 48 00 00 00 00 4f 00 00 00 00 a4 00 00 00 00 a5 00 00 00 00 c8 f9 00 00 00 00 cf e0 00 9b 0d f2 9a 7b a2 1d 3e 00 00 00 00 3f 00 00 70 41 40 00 00 00 00 41 00 00 00 00 42 00 00 c0 3f 44 00 00 00 00 45 00 00 00 00 46 00 00 00 00 47 00 00 00 00 48 00 00 00 00 4f 00 00 00 00 a4 00 00 00 00 a5 00 00 00 00 c8 f9 00 00 00 00 cf e0 00 a0 78 f4 aa dc b2 1d 3e 00 00 00 3f 3f 00 00 00 00 40 00 00 00 3f 41 00 00 00 00 42 00 00 00 00 44 00 00 00 00 45 00 00 00 00 46 00 00 00 00 47 00 00 00 00 48 00 00 00 00 4f 00 00 00 00 a4 00 00 00 00 a5 00 00 00 00 c8 f9 00 00 00 00 cf e0 00 a1 8d cf fd 81 64 1d 3e 00 00 00 00 3f 00 00 00 00 40 00 00 00 00 41 00 00 00 00 42 00 00 00 00 44 00 00 00 00 45 00 00 00 00 46 00 00 00 00 47 00 00 00 00 48 00 00 00 00 4f 00 00 00 00 a4 00 00 00 00 a5 00 00 00 00 c8 f9 00 00 00 00 cf e0 00 a2 8d cf fe 7e 97 1d 3e 00 00 00 00 3f 00 00 00 00 40 00 00 00 00 41 00 00 00 00 42 00 00 00 00 44 00 00 00 00 45 00 00 00 00 46 00 00 00 00 47 00 00 00 00 48 00 00 00 00 4f 00 00 00 00 a4 00 00 00 00 a5 00 00 00 00 c8 f9 00 00 00 00 cf e0 00 a3 8d cf fe 7c c2 1d 3e 00 00 00 00 3f 00 00 00 00 40 00 00 00 00 41 00 00 00 00 42 00 00 00 00 44 00 00 00 00 45 00 00 00 00 46 00 00 00 00 47 00 00 00 00 48 00 00 00 00 4f 00 00 00 00 a4 00 00 00 00 a5 00 00 00 00 c8 f9 00 00 00 00 cf e0 00 a4 33 e5 15 2a a7 1d 3e 00 00 00 00 3f 00 00 00 00 40 00 00 c0 40 41 00 00 00 00 42 00 00 c0 3f 44 00 00 00 00 45 00 00 00 00 46 00 00 00 00 47 00 00 40 40 48 00 00 00 00 4f 00 00 00 00 a4 00 00 00 00 a5 00 00 00 00 c8 f9 00 00 00 00 cf 0b 9e f0
[2026-09-25 00:07:44] CapturedCharacterRemap: Character fixture remap [CRT 13]: 1 packed + 0 little-endian references, 4000010E218A839C->4000010E218A839B.
[2026-09-25 00:07:44] TORGameServerPacket: Constructing Packet [AreaClientReplicationTransaction]
[2026-09-25 00:07:44] TORGameServerPacket: AREA-PAYLOAD type=AreaClientReplicationTransaction bytes=630 prefixBytes=256 hex=80-6E-44-0D-B3-65-08-00-25-50-1B-00-00-00-00-00-01-01-CF-40-00-01-0E-21-8A-83-9B-09-05-08-C9-02-55-1A-C9-02-4D-11-CF-E0-00-96-00-28-59-0F-16-05-A5-00-00-00-00-C8-F9-00-00-00-00-CF-E0-00-97-00-28-59-01-45-1D-3E-00-00-00-00-3F-00-00-00-00-40-00-00-00-00-41-00-00-80-40-42-00-00-00-00-44-00-00-00-00-45-00-00-00-00-46-00-00-00-00-47-00-00-00-00-48-00-00-00-00-4F-00-00-00-00-A4-00-00-00-00-A5-00-00-00-00-C8-F9-00-00-00-00-CF-E0-00-9B-0D-F2-9A-7B-A2-1D-3E-00-00-00-00-3F-00-00-70-41-40-00-00-00-00-41-00-00-00-00-42-00-00-C0-3F-44-00-00-00-00-45-00-00-00-00-46-00-00-00-00-47-00-00-00-00-48-00-00-00-00-4F-00-00-00-00-A4-00-00-00-00-A5-00-00-00-00-C8-F9-00-00-00-00-CF-E0-00-A0-78-F4-AA-DC-B2-1D-3E-00-00-00-3F-3F-00-00-00-00-40-00-00-00-3F-41-00-00-00-00-42-00-00-00-00
[2026-09-25 00:07:44] CRT: CRT emit [tython_blockout-4611686019869492753-1.14.acrt] bytes=621 sha256=afb3b9a7e3a9cb881041e1c885b0c5388818ac607abd3de22f0ef6260c16de5d
[2026-09-25 00:07:44] CRT: CRT bytes [tython_blockout-4611686019869492753-1.14.acrt] 27 50 1b 00 00 00 00 00 01 01 cf 40 00 01 0e 21 8a 83 9c 09 05 08 c9 02 54 1a c9 02 4c 11 cf e0 00 a4 8d cf fe 7a 0d 1d 3e 00 00 00 00 3f 00 00 00 00 40 00 00 00 00 41 00 00 00 00 42 00 00 00 00 44 00 00 00 00 45 00 00 00 00 46 00 00 00 00 47 00 00 00 00 48 00 00 00 00 4f 00 00 00 00 a4 00 00 00 00 a5 00 00 00 00 c8 f9 00 00 00 00 cf e0 00 a5 8d cf fe 7b b8 1d 3e 00 00 00 00 3f 00 00 00 00 40 00 00 00 00 41 00 00 61 45 42 00 00 00 00 44 00 00 00 00 45 00 00 00 00 46 00 00 00 00 47 00 00 00 00 48 00 00 00 00 4f 00 00 00 00 a4 00 00 00 00 a5 00 00 00 00 c8 f9 00 00 00 00 cf e0 00 a6 8d cf fe 79 eb 1d 3e 00 00 00 00 3f 00 00 00 00 40 00 00 00 00 41 00 00 61 45 42 00 00 00 00 44 00 00 00 00 45 00 00 00 00 46 00 00 00 00 47 00 00 00 00 48 00 00 00 00 4f 00 00 00 00 a4 00 00 00 00 a5 00 00 00 00 c8 f9 00 00 00 00 cf e0 00 a7 8d cf fe 77 16 1d 3e 00 00 00 00 3f 00 00 00 00 40 00 00 00 00 41 00 00 61 45 42 00 00 00 00 44 00 00 00 00 45 00 00 00 00 46 00 00 00 00 47 00 00 00 00 48 00 00 00 00 4f 00 00 00 00 a4 00 00 00 00 a5 00 00 00 00 c8 f9 00 00 00 00 cf e0 00 a8 8d cf fe 75 41 1d 3e 00 00 00 00 3f 00 00 00 00 40 00 00 00 00 41 00 00 61 45 42 00 00 00 00 44 00 00 00 00 45 00 00 00 00 46 00 00 00 00 47 00 00 00 00 48 00 00 00 00 4f 00 00 00 00 a4 00 00 00 00 a5 00 00 00 00 c8 f9 00 00 00 00 cf e0 00 b1 55 ae 95 1b 1b 1d 3e 00 00 00 00 3f 00 c0 79 44 40 00 00 00 00 41 00 00 00 00 42 00 00 00 00 44 00 00 00 00 45 00 00 00 00 46 00 00 00 00 47 00 00 80 3f 48 00 00 00 00 4f 00 00 00 00 a4 00 00 00 00 a5 00 00 00 00 c8 f9 00 00 00 00 cf e0 00 b7 f3 b1 7b e4 9f 1d 3e 00 00 00 00 3f 00 00 00 00 40 00 00 00 00 41 cd cc cc 3d 42 00 00 00 00 44 00 00 00 00 45 00 00 00 00 46 00 00 00 00 47 00 00 00 00 48 00 00 00 00 4f 00 00 00 00 a4 00 00 00 00 a5 00 00 00 00 c8 f9 00 00 00 00 cf e0 00 b8 f3 b1 7b e6 4c 05 3e 00 00 00 00 3f 00 00 00 00 cf 0b 9e f0
[2026-09-25 00:07:44] CapturedCharacterRemap: Character fixture remap [CRT 14]: 1 packed + 0 little-endian references, 4000010E218A839C->4000010E218A839B.
[2026-09-25 00:07:44] TORGameServerPacket: Constructing Packet [AreaClientReplicationTransaction]
[2026-09-25 00:07:44] TORGameServerPacket: AREA-PAYLOAD type=AreaClientReplicationTransaction bytes=629 prefixBytes=256 hex=80-6E-44-0D-B3-65-08-00-27-50-1B-00-00-00-00-00-01-01-CF-40-00-01-0E-21-8A-83-9B-09-05-08-C9-02-54-1A-C9-02-4C-11-CF-E0-00-A4-8D-CF-FE-7A-0D-1D-3E-00-00-00-00-3F-00-00-00-00-40-00-00-00-00-41-00-00-00-00-42-00-00-00-00-44-00-00-00-00-45-00-00-00-00-46-00-00-00-00-47-00-00-00-00-48-00-00-00-00-4F-00-00-00-00-A4-00-00-00-00-A5-00-00-00-00-C8-F9-00-00-00-00-CF-E0-00-A5-8D-CF-FE-7B-B8-1D-3E-00-00-00-00-3F-00-00-00-00-40-00-00-00-00-41-00-00-61-45-42-00-00-00-00-44-00-00-00-00-45-00-00-00-00-46-00-00-00-00-47-00-00-00-00-48-00-00-00-00-4F-00-00-00-00-A4-00-00-00-00-A5-00-00-00-00-C8-F9-00-00-00-00-CF-E0-00-A6-8D-CF-FE-79-EB-1D-3E-00-00-00-00-3F-00-00-00-00-40-00-00-00-00-41-00-00-61-45-42-00-00-00-00-44-00-00-00-00-45-00-00-00-00-46-00-00-00-00-47-00-00-00-00-48
[2026-09-25 00:07:44] CRT: CRT emit [tython_blockout-4611686019869492753-1.15.acrt] bytes=621 sha256=b025481633398f6296854280de65fc00b02e973120a84665f46fbdf3de6e83ca
[2026-09-25 00:07:44] CRT: CRT bytes [tython_blockout-4611686019869492753-1.15.acrt] 29 50 1b 00 00 00 00 00 01 01 cf 40 00 01 0e 21 8a 83 9c 09 05 08 c9 02 54 1a c9 02 4c 11 cf e0 00 b8 f3 b1 7b e6 4c 19 40 00 00 00 00 41 00 00 00 00 42 00 00 00 00 44 00 00 00 00 45 00 00 00 00 46 00 00 00 00 47 00 00 00 00 48 00 00 00 00 4f 00 00 00 00 a4 00 00 00 00 a5 00 00 00 00 c8 f9 00 00 00 00 cf e0 00 b9 f6 aa cf 3b e8 13 40 00 00 00 00 41 00 00 00 00 42 00 00 c0 3f 47 00 00 00 00 48 00 00 00 00 4f 00 00 00 00 a4 00 00 00 00 a5 00 00 00 00 c8 f9 00 00 00 00 cf e0 00 ba f5 08 f7 ec b0 1d 3e 00 00 00 00 3f 00 00 00 00 40 00 00 00 00 41 00 00 16 44 42 00 00 00 00 44 00 00 00 00 45 00 00 00 00 46 00 00 00 00 47 00 00 00 00 48 00 00 00 00 4f 00 00 00 00 a4 00 00 00 00 a5 00 00 00 00 c8 f9 00 00 00 00 cf e0 00 bb f5 08 f7 ee e3 1d 3e 00 00 00 00 3f 00 00 00 00 40 00 00 00 00 41 00 00 00 00 42 00 00 00 00 44 00 00 00 00 45 00 00 00 00 46 00 00 00 00 47 00 00 00 00 48 00 00 00 00 4f 00 00 00 00 a4 00 00 00 00 a5 00 00 00 00 c8 f9 00 00 00 00 cf e0 00 c2 45 2b fe e9 af 1d 3e 00 00 00 00 3f 00 00 00 00 40 00 00 00 00 41 00 00 00 00 42 00 00 00 00 44 00 00 00 00 45 00 00 00 00 46 00 00 00 00 47 00 00 00 00 48 00 00 00 00 4f 00 00 00 00 a4 00 00 00 00 a5 00 00 00 00 c8 f9 00 00 00 00 cf e0 00 c3 45 2b fe ea 1c 1d 3e 00 00 00 00 3f 00 00 00 00 40 00 00 00 00 41 00 00 00 00 42 00 00 00 00 44 00 00 00 00 45 00 00 00 00 46 00 00 00 00 47 00 00 00 00 48 00 00 00 00 4f 00 00 00 00 a4 00 00 00 00 a5 00 00 00 00 c8 f9 00 00 00 00 cf e0 00 c6 5e f5 ba 31 cd 1d 3e 00 00 00 00 3f 00 00 00 00 40 00 00 00 00 41 00 00 00 00 42 00 00 00 00 44 00 00 00 00 45 00 00 00 00 46 00 00 00 00 47 00 00 00 00 48 00 00 00 00 4f 00 00 00 00 a4 00 00 00 00 a5 00 00 00 00 c8 f9 00 00 00 00 cf e0 00 c7 5e f5 ba 37 02 13 3e 00 00 00 00 3f 00 00 00 00 40 00 00 00 00 42 00 00 00 00 44 00 00 00 00 45 00 00 00 00 46 00 00 00 00 47 00 00 00 00 48 00 00 00 00 cf 0b 9e f0
[2026-09-25 00:07:44] CapturedCharacterRemap: Character fixture remap [CRT 15]: 1 packed + 0 little-endian references, 4000010E218A839C->4000010E218A839B.
[2026-09-25 00:07:44] TORGameServerPacket: Constructing Packet [AreaClientReplicationTransaction]
[2026-09-25 00:07:44] TORGameServerPacket: AREA-PAYLOAD type=AreaClientReplicationTransaction bytes=629 prefixBytes=256 hex=80-6E-44-0D-B3-65-08-00-29-50-1B-00-00-00-00-00-01-01-CF-40-00-01-0E-21-8A-83-9B-09-05-08-C9-02-54-1A-C9-02-4C-11-CF-E0-00-B8-F3-B1-7B-E6-4C-19-40-00-00-00-00-41-00-00-00-00-42-00-00-00-00-44-00-00-00-00-45-00-00-00-00-46-00-00-00-00-47-00-00-00-00-48-00-00-00-00-4F-00-00-00-00-A4-00-00-00-00-A5-00-00-00-00-C8-F9-00-00-00-00-CF-E0-00-B9-F6-AA-CF-3B-E8-13-40-00-00-00-00-41-00-00-00-00-42-00-00-C0-3F-47-00-00-00-00-48-00-00-00-00-4F-00-00-00-00-A4-00-00-00-00-A5-00-00-00-00-C8-F9-00-00-00-00-CF-E0-00-BA-F5-08-F7-EC-B0-1D-3E-00-00-00-00-3F-00-00-00-00-40-00-00-00-00-41-00-00-16-44-42-00-00-00-00-44-00-00-00-00-45-00-00-00-00-46-00-00-00-00-47-00-00-00-00-48-00-00-00-00-4F-00-00-00-00-A4-00-00-00-00-A5-00-00-00-00-C8-F9-00-00-00-00-CF-E0-00-BB-F5-08-F7-EE-E3-1D
[2026-09-25 00:07:44] CRT: CRT emit [tython_blockout-4611686019869492753-1.16.acrt] bytes=621 sha256=3695b16c150aec27354d1848e23018e6e0d70d8040299111240032e528bacd9f
[2026-09-25 00:07:44] CRT: CRT bytes [tython_blockout-4611686019869492753-1.16.acrt] 2b 50 1b 00 00 00 00 00 01 01 cf 40 00 01 0e 21 8a 83 9c 09 05 08 c9 02 54 1a c9 02 4c 11 cf e0 00 c7 5e f5 ba 37 02 09 4f 00 00 00 00 a4 00 00 00 00 a5 00 00 00 00 c8 f9 00 00 00 00 cf e0 00 d5 02 b6 e6 bb 8b 1d 3e 00 00 00 00 3f 00 00 00 00 40 00 00 00 00 41 00 00 00 00 42 00 00 c0 3f 44 00 00 00 00 45 00 00 00 00 46 00 00 40 40 47 cd cc cc 3e 48 00 00 00 00 4f 00 00 00 00 a4 00 00 00 00 a5 00 00 00 00 c8 f9 00 00 00 00 cf e0 00 db d9 29 82 eb 8d 1b 3e 00 00 00 00 3f 00 00 00 00 40 00 00 00 00 42 00 00 00 00 44 00 00 00 00 45 00 00 00 00 46 00 00 00 00 47 00 00 00 00 48 00 00 00 00 4f 00 00 00 00 a4 00 00 00 00 a5 00 00 00 00 c8 f9 00 00 00 00 cf e0 00 dc d9 29 82 ed de 1d 3e 00 00 00 00 3f 00 00 00 00 40 00 00 00 00 41 00 00 00 00 42 00 00 00 00 44 00 00 00 00 45 00 00 00 00 46 00 00 00 00 47 00 00 00 00 48 00 00 00 00 4f 00 00 00 00 a4 00 00 00 00 a5 00 00 00 00 c8 f9 00 00 00 00 cf e0 00 de 3b e1 bd 46 b6 1d 3e 00 00 c0 40 3f 00 00 00 00 40 00 00 61 44 41 00 00 00 00 42 00 00 c0 3f 44 00 00 00 00 45 00 00 00 00 46 00 00 00 00 47 00 00 80 3f 48 00 00 00 00 4f 00 00 00 00 a4 00 00 00 00 a5 00 00 00 00 c8 f9 00 00 00 00 cf e0 00 de c2 4c 45 d4 74 1d 3e 00 00 00 00 3f 00 00 00 00 40 00 00 00 00 41 00 00 00 00 42 00 00 00 00 44 00 00 00 00 45 00 00 00 00 46 00 00 00 00 47 00 00 00 00 48 00 00 00 00 4f 00 00 00 00 a4 00 00 00 00 a5 00 00 00 00 c8 f9 00 00 00 00 cf e0 00 df c2 4c 45 d6 27 1d 3e 00 00 00 00 3f 00 00 00 00 40 00 00 00 00 41 00 00 00 00 42 00 00 00 00 44 00 00 00 00 45 00 00 00 00 46 00 00 00 00 47 00 00 00 00 48 00 00 00 00 4f 00 00 00 00 a4 00 00 00 00 a5 00 00 00 00 c8 f9 00 00 00 00 cf e0 00 e0 f2 16 5c 28 3b 1b 3e 00 00 00 00 3f 00 00 00 00 40 00 00 00 00 41 00 00 00 00 42 00 00 00 00 44 00 00 00 00 45 00 00 00 00 46 00 00 00 00 47 00 00 00 00 48 00 00 00 00 4f 00 00 00 00 a4 00 00 00 00 a5 00 00 00 00 cf 0b 9e f0
[2026-09-25 00:07:44] CapturedCharacterRemap: Character fixture remap [CRT 16]: 1 packed + 0 little-endian references, 4000010E218A839C->4000010E218A839B.
[2026-09-25 00:07:44] TORGameServerPacket: Constructing Packet [AreaClientReplicationTransaction]
[2026-09-25 00:07:44] TORGameServerPacket: AREA-PAYLOAD type=AreaClientReplicationTransaction bytes=629 prefixBytes=256 hex=80-6E-44-0D-B3-65-08-00-2B-50-1B-00-00-00-00-00-01-01-CF-40-00-01-0E-21-8A-83-9B-09-05-08-C9-02-54-1A-C9-02-4C-11-CF-E0-00-C7-5E-F5-BA-37-02-09-4F-00-00-00-00-A4-00-00-00-00-A5-00-00-00-00-C8-F9-00-00-00-00-CF-E0-00-D5-02-B6-E6-BB-8B-1D-3E-00-00-00-00-3F-00-00-00-00-40-00-00-00-00-41-00-00-00-00-42-00-00-C0-3F-44-00-00-00-00-45-00-00-00-00-46-00-00-40-40-47-CD-CC-CC-3E-48-00-00-00-00-4F-00-00-00-00-A4-00-00-00-00-A5-00-00-00-00-C8-F9-00-00-00-00-CF-E0-00-DB-D9-29-82-EB-8D-1B-3E-00-00-00-00-3F-00-00-00-00-40-00-00-00-00-42-00-00-00-00-44-00-00-00-00-45-00-00-00-00-46-00-00-00-00-47-00-00-00-00-48-00-00-00-00-4F-00-00-00-00-A4-00-00-00-00-A5-00-00-00-00-C8-F9-00-00-00-00-CF-E0-00-DC-D9-29-82-ED-DE-1D-3E-00-00-00-00-3F-00-00-00-00-40-00-00-00-00-41-00-00-00-00
[2026-09-25 00:07:44] CRT: CRT emit [tython_blockout-4611686019869492753-1.17.acrt] bytes=736 sha256=540ca26f451d44bd6e7fce688ebd45f4f8caf7f7362a8bb7d3d668519900a790
[2026-09-25 00:07:44] CRT: CRT bytes [tython_blockout-4611686019869492753-1.17.acrt] 2d 50 1b 00 00 00 00 00 03 01 cf 40 00 01 0e 21 8a 83 9c 09 05 08 c9 02 60 1a c9 02 58 c8 13 cf e0 00 e0 f2 16 5c 28 3b 03 c8 f9 00 00 00 00 cf e0 00 e1 f2 16 5c 2e e8 1d 3e 00 00 00 00 3f 00 00 00 00 40 00 00 00 00 41 00 00 00 00 42 00 00 00 00 44 00 00 00 00 45 00 00 00 00 46 00 00 00 00 47 00 00 00 00 48 00 00 00 00 4f 00 00 00 00 a4 00 00 00 00 a5 00 00 00 00 c8 f9 00 00 00 00 cf e0 00 eb 1d af 5a f4 29 1d 3e 00 00 00 00 3f 00 00 00 00 40 00 00 00 00 41 00 00 a0 41 42 00 00 00 00 44 00 00 00 00 45 00 00 00 00 46 00 00 00 00 47 00 00 00 00 48 00 00 00 00 4f 00 00 00 00 a4 00 00 00 00 a5 00 00 00 00 c8 f9 00 00 00 00 cf e0 00 ec 1d af 5a f6 da 1d 3e 00 00 00 00 3f 00 00 00 00 40 00 00 00 00 41 00 00 e0 40 42 00 00 00 00 44 00 00 00 00 45 00 00 00 00 46 00 00 00 00 47 00 00 00 00 48 00 00 00 00 4f 00 00 00 00 a4 00 00 00 00 a5 00 00 00 00 c8 f9 00 00 00 00 cf e0 00 ed 1d af 5a f8 8f 1d 3e 00 00 00 00 3f 00 00 00 00 40 00 00 00 00 41 00 00 b0 41 42 00 00 00 00 44 00 00 00 00 45 00 00 00 00 46 00 00 00 00 47 00 00 00 00 48 00 00 00 00 4f 00 00 00 00 a4 00 00 00 00 a5 00 00 00 00 c8 f9 00 00 00 00 cf e0 00 ee 1d af 5a fb 30 1d 3e 00 00 00 00 3f 00 00 00 00 40 00 00 00 00 41 00 00 00 00 42 00 00 00 00 44 00 00 00 00 45 00 00 00 00 46 00 00 00 00 47 00 00 00 00 48 00 00 00 00 4f 00 00 00 00 a4 00 00 00 00 a5 00 00 00 00 c8 f9 00 00 00 00 cf e0 00 ef c5 56 fe da 26 1d 3e 00 00 00 00 3f 00 00 00 00 40 00 00 00 00 41 00 00 00 00 42 00 00 00 00 44 00 00 00 00 45 00 00 00 00 46 00 00 00 00 47 00 00 00 00 48 00 00 00 00 4f 00 00 00 00 a4 00 00 00 00 a5 00 00 00 00 c8 f9 00 00 00 00 cf e0 00 f0 c5 56 fe dc 95 1d 3e 00 00 00 00 3f 00 00 00 00 40 00 00 00 00 41 00 00 00 00 42 00 00 00 00 44 00 00 00 00 45 00 00 00 00 46 00 00 00 00 47 00 00 00 00 48 00 00 00 00 4f 00 00 00 00 a4 00 00 00 00 a5 00 00 00 00 c8 f9 00 00 00 00 cf e0 00 f2 c5 56 fe d1 0f 03 3e 00 00 00 00 cf 0b 9e f0 11 cc 1a c6 f6 d7 ba cc 1a c6 f6 d7 bb cc 1a c6 f6 d7 bc cc 1a c6 f6 d7 bd cc 1a c6 f6 d7 be cc 1a c6 f6 d7 c7 cc 1a c6 f6 d7 bf cc 1a c6 f6 d7 b0 cc 1a c6 f6 d7 b1 cc 1a c6 f6 d7 b2 cc 1a c6 f6 d7 b3 cc 1a c6 f6 d9 86 cc 1a c6 f6 d7 c9 cc 1a c6 f6 d7 ca cc 1a c6 f6 d7 af cc 1a c6 f6 d7 ae cc 1a c6 f6 d7 ad
[2026-09-25 00:07:44] CapturedCharacterRemap: Character fixture remap [CRT 17]: 1 packed + 0 little-endian references, 4000010E218A839C->4000010E218A839B.
[2026-09-25 00:07:44] TORGameServerPacket: Constructing Packet [AreaClientReplicationTransaction]
[2026-09-25 00:07:44] TORGameServerPacket: AREA-PAYLOAD type=AreaClientReplicationTransaction bytes=744 prefixBytes=256 hex=80-6E-44-0D-B3-65-08-00-2D-50-1B-00-00-00-00-00-03-01-CF-40-00-01-0E-21-8A-83-9B-09-05-08-C9-02-60-1A-C9-02-58-C8-13-CF-E0-00-E0-F2-16-5C-28-3B-03-C8-F9-00-00-00-00-CF-E0-00-E1-F2-16-5C-2E-E8-1D-3E-00-00-00-00-3F-00-00-00-00-40-00-00-00-00-41-00-00-00-00-42-00-00-00-00-44-00-00-00-00-45-00-00-00-00-46-00-00-00-00-47-00-00-00-00-48-00-00-00-00-4F-00-00-00-00-A4-00-00-00-00-A5-00-00-00-00-C8-F9-00-00-00-00-CF-E0-00-EB-1D-AF-5A-F4-29-1D-3E-00-00-00-00-3F-00-00-00-00-40-00-00-00-00-41-00-00-A0-41-42-00-00-00-00-44-00-00-00-00-45-00-00-00-00-46-00-00-00-00-47-00-00-00-00-48-00-00-00-00-4F-00-00-00-00-A4-00-00-00-00-A5-00-00-00-00-C8-F9-00-00-00-00-CF-E0-00-EC-1D-AF-5A-F6-DA-1D-3E-00-00-00-00-3F-00-00-00-00-40-00-00-00-00-41-00-00-E0-40-42-00-00-00-00-44-00-00-00
[2026-09-25 00:07:44] AreaStartupBundle: AreaStartupBundle: area startup sent; area=(tython_blockout)/(4611686019869492753)/(1).
[2026-09-25 00:07:44] AreaModulesList: AreaModulesList: startup bundle sent (startupSent=True).
[2026-09-25 00:07:44] TORGamePacketHandler: Received a packet [CMsgC586BD22]
[2026-09-25 00:07:44] TORGamePacketHandler: CMsgC586BD22 rx    22 BD 86 C5 08 00 B3 65 01 00 00 00                   | "......e....

[2026-09-25 00:07:44] CMsgC586BD22: CMsgC586BD22: component=0x65B30008 len=4 body=01-00-00-00
[2026-09-25 00:07:44] CMsgC586BD22: CMsgC586BD22: observed area message; no synthetic response sent.
[2026-09-25 00:07:44] TORGamePacketHandler: Received a packet [CMsgCCACB51D]
[2026-09-25 00:07:44] TORGamePacketHandler: CMsgCCACB51D rx    1D B5 AC CC 08 00 B3 65 30 00 00 00 BD D5 EC BE FA BE | .......e0.........
   74 59 3F 86 08 D6 5A C7 13 BB FB DD C4 1E AB 90 14 EA | tY?...Z...........
   76 EC 25 F1 D9 A8 0A B0 AB 05 3E 1C 9D B6 04 00 CC 2B | v.%.......>......+
   45 93 31 F8 32 14                                     | E.1.2.

[2026-09-25 00:07:45] AreaPollExperiment: AREA-POLL CMsgCCACB51D: component=0x65B30008 len=52 placed=4611687178631283611 areaSvc=8 mode=Swallow head=30-00-00-00-BD-D5-EC-BE-FA-BE-74-59-3F-86-08-D6 tail=AB-05-3E-1C-9D-B6-04-00-CC-2B-45-93-31-F8-32-14
[2026-09-25 00:07:45] AreaPollExperiment: AREA-POLL CMsgCCACB51D: decision=swallowed
[2026-09-25 00:07:45] TORGamePacketHandler: Received a packet [CMsgF96DCDB0]
[2026-09-25 00:07:45] TORGamePacketHandler: CMsgF96DCDB0 rx    B0 CD 6D F9 08 00 B3 65 09 00 00 00 C7 71 C3 79 12 2C | ..m....e.....q.y.,
   EF 39 EF                                              | .9.

[2026-09-25 00:07:45] AreaPollExperiment: AREA-POLL CMsgF96DCDB0: component=0x65B30008 len=13 placed=4611687178631283611 areaSvc=8 mode=Echo sub=09 trueTail=False head=09-00-00-00-C7-71-C3-79-12-2C-EF-39-EF tail=09-00-00-00-C7-71-C3-79-12-2C-EF-39-EF
[2026-09-25 00:07:45] AreaPollExperiment: AREA-POLL CMsgF96DCDB0: decision=swallowed
[2026-09-25 00:07:45] TORGamePacketHandler: Received a packet [CMsg4A765897]
[2026-09-25 00:07:45] TORGamePacketHandler: CMsg4A765897 rx    97 58 76 4A 09 00 AC 65 09 00 00 00 CF 6F 6F 2E 93 B7 | .XvJ...e.....oo...
   43 63 6C                                              | Ccl

[2026-09-25 00:07:45] CMsg4A765897: CMsg4A765897: client rpc received (body 13 bytes), swallowed. hex=09-00-00-00-CF-6F-6F-2E-93-B7-43-63-6C
[2026-09-25 00:07:45] TORGamePacketHandler: Received a packet [CMsgF96DCDB0]
[2026-09-25 00:07:45] TORGamePacketHandler: CMsgF96DCDB0 rx    B0 CD 6D F9 08 00 B3 65 09 00 00 00 C7 71 C3 79 12 6B | ..m....e.....q.y.k
   ED 20 CE                                              | . .

[2026-09-25 00:07:45] AreaPollExperiment: AREA-POLL CMsgF96DCDB0: component=0x65B30008 len=13 placed=4611687178631283611 areaSvc=8 mode=Echo sub=09 trueTail=False head=09-00-00-00-C7-71-C3-79-12-6B-ED-20-CE tail=09-00-00-00-C7-71-C3-79-12-6B-ED-20-CE
[2026-09-25 00:07:45] AreaPollExperiment: AREA-POLL CMsgF96DCDB0: decision=swallowed
[2026-09-25 00:07:45] TORGamePacketHandler: Received a packet [CMsgF96DCDB0]
[2026-09-25 00:07:45] TORGamePacketHandler: CMsgF96DCDB0 rx    B0 CD 6D F9 08 00 B3 65 09 00 00 00 C7 71 C3 79 12 F2 | ..m....e.....q.y..
   40 F5 F5                                              | @..

[2026-09-25 00:07:45] AreaPollExperiment: AREA-POLL CMsgF96DCDB0: component=0x65B30008 len=13 placed=4611687178631283611 areaSvc=8 mode=Echo sub=09 trueTail=False head=09-00-00-00-C7-71-C3-79-12-F2-40-F5-F5 tail=09-00-00-00-C7-71-C3-79-12-F2-40-F5-F5
[2026-09-25 00:07:45] AreaPollExperiment: AREA-POLL CMsgF96DCDB0: decision=swallowed
[2026-09-25 00:07:45] TORGamePacketHandler: Received a packet [CMsgF96DCDB0]
[2026-09-25 00:07:45] TORGamePacketHandler: CMsgF96DCDB0 rx    B0 CD 6D F9 08 00 B3 65 15 00 00 00 C7 71 C3 79 12 CC | ..m....e.....q.y..
   27 D5 17 02 C7 1C 1C E7 85 B2 80 36 8E 03 00          | '..........6...

[2026-09-25 00:07:45] AreaPollExperiment: AREA-POLL CMsgF96DCDB0: component=0x65B30008 len=25 placed=4611687178631283611 areaSvc=8 mode=Echo sub=15 trueTail=False head=15-00-00-00-C7-71-C3-79-12-CC-27-D5-17-02-C7-1C tail=CC-27-D5-17-02-C7-1C-1C-E7-85-B2-80-36-8E-03-00
[2026-09-25 00:07:45] AreaPollExperiment: AREA-POLL CMsgF96DCDB0: decision=swallowed
[2026-09-25 00:07:45] TORGamePacketHandler: Received a packet [CMsgF96DCDB0]
[2026-09-25 00:07:45] TORGamePacketHandler: CMsgF96DCDB0 rx    B0 CD 6D F9 08 00 B3 65 15 00 00 00 C7 71 C3 79 12 CC | ..m....e.....q.y..
   27 D5 17 02 C7 53 67 7E EB A7 AD 4C 60 03 00          | '....Sg~...L`..

[2026-09-25 00:07:45] AreaPollExperiment: AREA-POLL CMsgF96DCDB0: component=0x65B30008 len=25 placed=4611687178631283611 areaSvc=8 mode=Echo sub=15 trueTail=False head=15-00-00-00-C7-71-C3-79-12-CC-27-D5-17-02-C7-53 tail=CC-27-D5-17-02-C7-53-67-7E-EB-A7-AD-4C-60-03-00
[2026-09-25 00:07:45] AreaPollExperiment: AREA-POLL CMsgF96DCDB0: decision=swallowed
[2026-09-25 00:07:45] TORGamePacketHandler: Received a packet [CMsgF96DCDB0]
[2026-09-25 00:07:45] TORGamePacketHandler: CMsgF96DCDB0 rx    B0 CD 6D F9 08 00 B3 65 15 00 00 00 C7 71 C3 79 12 CC | ..m....e.....q.y..
   27 D5 17 02 CF 4B 8B 68 67 5C 82 05 D4 03 00          | '....K.hg\.....

[2026-09-25 00:07:45] AreaPollExperiment: AREA-POLL CMsgF96DCDB0: component=0x65B30008 len=25 placed=4611687178631283611 areaSvc=8 mode=Echo sub=15 trueTail=False head=15-00-00-00-C7-71-C3-79-12-CC-27-D5-17-02-CF-4B tail=CC-27-D5-17-02-CF-4B-8B-68-67-5C-82-05-D4-03-00
[2026-09-25 00:07:45] AreaPollExperiment: AREA-POLL CMsgF96DCDB0: decision=swallowed
[2026-09-25 00:07:45] TORGamePacketHandler: Received a packet [CMsgF96DCDB0]
[2026-09-25 00:07:45] TORGamePacketHandler: CMsgF96DCDB0 rx    B0 CD 6D F9 08 00 B3 65 0B 00 00 00 CF 14 63 F5 32 F5 | ..m....e......c.2.
   5F 35 EB 02 64                                        | _5..d

[2026-09-25 00:07:45] AreaPollExperiment: AREA-POLL CMsgF96DCDB0: component=0x65B30008 len=15 placed=4611687178631283611 areaSvc=8 mode=Echo sub=0B trueTail=False head=0B-00-00-00-CF-14-63-F5-32-F5-5F-35-EB-02-64 tail=0B-00-00-00-CF-14-63-F5-32-F5-5F-35-EB-02-64
[2026-09-25 00:07:45] AreaPollExperiment: AREA-POLL CMsgF96DCDB0: decision=swallowed
[2026-09-25 00:07:45] TORGamePacketHandler: Received a packet [RepositoryDataRequest]
[2026-09-25 00:07:45] TORGameServerPacket: Constructing Packet [RepositoryDataNotFound]
[2026-09-25 00:07:45] RepositoryDataRequest: Repository asset unavailable: request=103, path='/art/fx/fxspec/0.fxspec'. Returned FQN NOT FOUND; verify the matching local archives.
[2026-09-25 00:07:45] TORGamePacketHandler: Received a packet [CMsg61116AD5]
[2026-09-25 00:07:45] TORGamePacketHandler: CMsg61116AD5 rx    D5 6A 11 61 08 00 B3 65 C5 00 00 00 1A 00 B4 C2 8A BF | .j.a...e..........
   81 C2 C3 FF DC C0 8D 57 FF C2 2D 50 1B 00 00 00 00 00 | .......W..-P......
   2C CF 75 07 38 0C 00 00                               | ,.u.8...

[2026-09-25 00:07:45] AreaPollExperiment: AREA-POLL CMsg61116AD5: component=0x65B30008 len=36 placed=4611687178631283611 areaSvc=8 mode=Echo head=C5-00-00-00-1A-00-B4-C2-8A-BF-81-C2-C3-FF-DC-C0 tail=2D-50-1B-00-00-00-00-00-2C-CF-75-07-38-0C-00-00
[2026-09-25 00:07:45] TORGameServerPacket: Constructing Packet [CMsg61116AD5]
[2026-09-25 00:07:45] AreaPollExperiment: AREA-POLL CMsg61116AD5: decision=echo-reply-sent
[2026-09-25 00:07:45] TORGameServerPacket: Constructing Packet [CharacterSetRendezvousPoint]
[2026-09-25 00:07:45] TORGameServerPacket: AREA-PAYLOAD type=CharacterSetRendezvousPoint bytes=45 prefixBytes=45 hex=AE-92-47-2B-B3-65-08-00-9B-83-8A-21-0E-01-00-40-01-00-00-00-8A-BF-81-C2-C3-FF-DC-C0-8D-57-FF-C2-00-00-00-00-1A-00-B4-C2-00-00-00-00-01
[2026-09-25 00:07:45] TORGameServerPacket: Constructing Packet [CharacterChangeState]
[2026-09-25 00:07:45] TORGameServerPacket: AREA-PAYLOAD type=CharacterChangeState bytes=31 prefixBytes=31 hex=A3-FC-EA-AD-B3-65-08-00-9B-83-8A-21-0E-01-00-40-0B-00-00-00-41-72-65-61-53-65-72-76-65-72-00
[2026-09-25 00:07:45] AreaEnterSignals: AreaEnterSignals: rendezvous+state sent after character sync; char=4611687178631283611; postStateOnEnter=False.
[2026-09-25 00:07:45] TORGamePacketHandler: Received a packet [RepositoryDataReceipt]
[2026-09-25 00:07:45] RepositoryDataReceipt: Repository resource receipt: value=0.
[2026-09-25 00:07:45] TORGamePacketHandler: Received a packet [CMsgC26464A9]
[2026-09-25 00:07:45] AreaPollExperiment: AREA-POLL CMsgC26464A9: component=0x65AB0007 len=43 placed=4611687178631283611 areaSvc=8 mode=Swallow head=27-00-00-00-D3-AD-AC-A9-23-00-00-00-00-00-00-00 tail=00-00-00-9D-90-CC-B1-08-00-00-00-00-00-00-00-00
[2026-09-25 00:07:45] AreaPollExperiment: AREA-POLL CMsgC26464A9: decision=swallowed
[2026-09-25 00:07:45] TORGamePacketHandler: Received a packet [CMsg7CB9A193]
[2026-09-25 00:07:45] AreaPollExperiment: AREA-POLL CMsg7CB9A193: component=0x65B30008 len=43 placed=4611687178631283611 areaSvc=8 mode=Swallow head=27-00-00-00-A3-82-FD-6C-13-00-00-00-00-00-00-00 tail=00-00-00-CD-80-61-31-1F-00-00-00-00-00-00-00-00
[2026-09-25 00:07:45] AreaPollExperiment: AREA-POLL CMsg7CB9A193: decision=swallowed
[2026-09-25 00:07:45] TORGamePacketHandler: Received a packet [RepositoryDataRequest]
[2026-09-25 00:07:45] TORGameServerPacket: Constructing Packet [RepositoryDataNotFound]
[2026-09-25 00:07:45] RepositoryDataRequest: Repository asset unavailable: request=104, path='/art/shaders/materials/speedtree_collision.mat'. Returned FQN NOT FOUND; verify the matching local archives.
[2026-09-25 00:07:45] TORGamePacketHandler: Received a packet [RepositoryDataReceipt]
[2026-09-25 00:07:45] RepositoryDataReceipt: Repository resource receipt: value=0.
[2026-09-25 00:07:45] TORGamePacketHandler: Received a packet [RepositoryDataRequest]
[2026-09-25 00:07:45] TORGameServerPacket: Constructing Packet [RepositoryDataNotFound]
[2026-09-25 00:07:45] RepositoryDataRequest: Repository asset unavailable: request=105, path='/.tex'. Returned FQN NOT FOUND; verify the matching local archives.
[2026-09-25 00:07:45] TORGamePacketHandler: Received a packet [RepositoryDataReceipt]
[2026-09-25 00:07:45] RepositoryDataReceipt: Repository resource receipt: value=0.
[2026-09-25 00:07:46] TORGamePacketHandler: Received a packet [CMsgF96DCDB0]
[2026-09-25 00:07:46] TORGamePacketHandler: CMsgF96DCDB0 rx    B0 CD 6D F9 08 00 B3 65 09 00 00 00 C7 71 C3 79 12 89 | ..m....e.....q.y..
   F0 FD B6                                              | ...

[2026-09-25 00:07:46] AreaPollExperiment: AREA-POLL CMsgF96DCDB0: component=0x65B30008 len=13 placed=4611687178631283611 areaSvc=8 mode=Echo sub=09 trueTail=False head=09-00-00-00-C7-71-C3-79-12-89-F0-FD-B6 tail=09-00-00-00-C7-71-C3-79-12-89-F0-FD-B6
[2026-09-25 00:07:46] AreaPollExperiment: AREA-POLL CMsgF96DCDB0: decision=swallowed
[2026-09-25 00:07:46] TORGamePacketHandler: Received a packet [ModulesList]
[2026-09-25 00:07:46] ModulesList: ModulesList: len=12 startupSent=True hex=08-00-00-00-04-00-00-00-00-00-00-00
[2026-09-25 00:07:47] TORGamePacketHandler: Received a packet [Ping]
[2026-09-25 00:07:47] TORGameServerPacket: Constructing Packet [Ping]
[2026-09-25 00:07:50] TORGamePacketHandler: Received a packet [WorldByteReport]
[2026-09-25 00:07:50] WorldByteReport: World report 8EB28DE9: component=0x65AB0007 bytes=48 words=[21701A27,218C9700,46884245,59195A2A,1EC4DDFB,EA1490AB,F125EC76,B00AA8D9,1C3E05AB,0004B69D,93452BCC,1432F831] hex=27-1A-70-21-00-97-8C-21-45-42-88-46-2A-5A-19-59-FB-DD-C4-1E-AB-90-14-EA-76-EC-25-F1-D9-A8-0A-B0-AB-05-3E-1C-9D-B6-04-00-CC-2B-45-93-31-F8-32-14; no synthetic WorldTravelStatus reply sent.
[2026-09-25 00:07:50] TORGamePacketHandler: Received a packet [HackNotifyData]
[2026-09-25 00:07:52] TORGamePacketHandler: Received a packet [Ping]
[2026-09-25 00:07:52] TORGameServerPacket: Constructing Packet [Ping]
[2026-09-25 00:07:52] TORGamePacketHandler: Received a packet [CMsgCCACB51D]
[2026-09-25 00:07:52] TORGamePacketHandler: CMsgCCACB51D rx    1D B5 AC CC 08 00 B3 65 30 00 00 00 F9 9D A9 77 DA 1C | .......e0......w..
   3C 47 C9 8B CA DF DC 2C B9 1F FB DD C4 1E AB 90 14 EA | <G.....,..........
   76 EC 25 F1 D9 A8 0A B0 AB 05 3E 1C 9D B6 04 00 CC 2B | v.%.......>......+
   45 93 31 F8 32 14                                     | E.1.2.

[2026-09-25 00:07:52] AreaPollExperiment: AREA-POLL CMsgCCACB51D: component=0x65B30008 len=52 placed=4611687178631283611 areaSvc=8 mode=Swallow head=30-00-00-00-F9-9D-A9-77-DA-1C-3C-47-C9-8B-CA-DF tail=AB-05-3E-1C-9D-B6-04-00-CC-2B-45-93-31-F8-32-14
[2026-09-25 00:07:52] AreaPollExperiment: AREA-POLL CMsgCCACB51D: decision=swallowed
[2026-09-25 00:07:56] TORGamePacketHandler: Received a packet [CMsgC26464A9]
[2026-09-25 00:07:56] AreaPollExperiment: AREA-POLL CMsgC26464A9: component=0x65AB0007 len=43 placed=4611687178631283611 areaSvc=8 mode=Swallow head=27-00-00-00-CF-AC-41-D7-07-00-00-00-00-00-00-00 tail=00-00-00-CF-AC-41-D7-19-00-00-00-00-00-00-00-00
[2026-09-25 00:07:56] AreaPollExperiment: AREA-POLL CMsgC26464A9: decision=swallowed
[2026-09-25 00:07:57] TORGamePacketHandler: Received a packet [Ping]
[2026-09-25 00:07:57] TORGameServerPacket: Constructing Packet [Ping]
[2026-09-25 00:07:57] TORGamePacketHandler: Received a packet [AreaModulesList]
[2026-09-25 00:07:57] AreaPollExperiment: AREA-POLL AreaModulesList: component=0x65B30008 len=12 placed=4611687178631283611 areaSvc=8 mode=Echo head=08-00-00-00-04-00-00-00-00-00-00-00 tail=08-00-00-00-04-00-00-00-00-00-00-00
[2026-09-25 00:07:57] TORGameServerPacket: Constructing Packet [AreaModulesList]
[2026-09-25 00:07:57] AreaPollExperiment: AREA-POLL AreaModulesList: decision=echo-reply-sent
[2026-09-25 00:07:57] AreaModulesList: AreaModulesList: startup bundle already sent; skipped.
[2026-09-25 00:07:58] TORGamePacketHandler: Received a packet [ModulesList]
[2026-09-25 00:07:58] ModulesList: ModulesList: len=12 startupSent=True hex=08-00-00-00-04-00-00-00-00-00-00-00
[2026-09-25 00:08:00] TORGamePacketHandler: Received a packet [WorldByteReport]
[2026-09-25 00:08:00] WorldByteReport: World report 8EB28DE9: component=0x65AB0007 bytes=48 words=[4252220E,C16C50E8,4CF04256,79D88A41,1EC4DDFB,EA1490AB,F125EC76,B00AA8D9,1C3E05AB,0004B69D,93452BCC,1432F831] hex=0E-22-52-42-E8-50-6C-C1-56-42-F0-4C-41-8A-D8-79-FB-DD-C4-1E-AB-90-14-EA-76-EC-25-F1-D9-A8-0A-B0-AB-05-3E-1C-9D-B6-04-00-CC-2B-45-93-31-F8-32-14; no synthetic WorldTravelStatus reply sent.
[2026-09-25 00:08:00] TORGamePacketHandler: Received a packet [HackNotifyData]
[2026-09-25 00:08:00] TORGamePacketHandler: Received a packet [CMsg7CB9A193]
[2026-09-25 00:08:00] AreaPollExperiment: AREA-POLL CMsg7CB9A193: component=0x65B30008 len=43 placed=4611687178631283611 areaSvc=8 mode=Swallow head=27-00-00-00-A3-82-FD-6C-11-00-00-00-00-00-00-00 tail=00-00-00-D3-AD-AC-A9-23-00-00-00-00-00-00-00-00
[2026-09-25 00:08:00] AreaPollExperiment: AREA-POLL CMsg7CB9A193: decision=swallowed
[2026-09-25 00:08:02] TORGamePacketHandler: Received a packet [Ping]
[2026-09-25 00:08:02] TORGameServerPacket: Constructing Packet [Ping]
[2026-09-25 00:08:02] TORGamePacketHandler: Received a packet [CMsgCCACB51D]
[2026-09-25 00:08:02] TORGamePacketHandler: CMsgCCACB51D rx    1D B5 AC CC 08 00 B3 65 30 00 00 00 67 32 E4 08 25 02 | .......e0...g2..%.
   C3 66 3D 60 44 08 33 20 F9 40 FB DD C4 1E AB 90 14 EA | .f=`D.3 .@........
   76 EC 25 F1 D9 A8 0A B0 AB 05 3E 1C 9D B6 04 00 CC 2B | v.%.......>......+
   45 93 31 F8 32 14                                     | E.1.2.

[2026-09-25 00:08:02] AreaPollExperiment: AREA-POLL CMsgCCACB51D: component=0x65B30008 len=52 placed=4611687178631283611 areaSvc=8 mode=Swallow head=30-00-00-00-67-32-E4-08-25-02-C3-66-3D-60-44-08 tail=AB-05-3E-1C-9D-B6-04-00-CC-2B-45-93-31-F8-32-14
[2026-09-25 00:08:02] AreaPollExperiment: AREA-POLL CMsgCCACB51D: decision=swallowed
[2026-09-25 00:08:07] TORGamePacketHandler: Received a packet [Ping]
[2026-09-25 00:08:07] TORGameServerPacket: Constructing Packet [Ping]
[2026-09-25 00:08:09] TORGamePacketHandler: Received a packet [CMsgC26464A9]
[2026-09-25 00:08:09] AreaPollExperiment: AREA-POLL CMsgC26464A9: component=0x65AB0007 len=43 placed=4611687178631283611 areaSvc=8 mode=Swallow head=27-00-00-00-A3-82-FD-6C-11-00-00-00-00-00-00-00 tail=00-00-00-CF-AC-41-D7-21-00-00-00-00-00-00-00-00
[2026-09-25 00:08:09] AreaPollExperiment: AREA-POLL CMsgC26464A9: decision=swallowed
[2026-09-25 00:08:10] TORGamePacketHandler: Received a packet [ModulesList]
[2026-09-25 00:08:10] ModulesList: ModulesList: len=12 startupSent=True hex=08-00-00-00-04-00-00-00-00-00-00-00
[2026-09-25 00:08:10] TORGamePacketHandler: Received a packet [WorldByteReport]
[2026-09-25 00:08:10] WorldByteReport: World report 8EB28DE9: component=0x65AB0007 bytes=48 words=[BAC7C4D1,F1E2B371,BB579B2A,4653448D,1EC4DDFB,EA1490AB,F125EC76,B00AA8D9,1C3E05AB,0004B69D,93452BCC,1432F831] hex=D1-C4-C7-BA-71-B3-E2-F1-2A-9B-57-BB-8D-44-53-46-FB-DD-C4-1E-AB-90-14-EA-76-EC-25-F1-D9-A8-0A-B0-AB-05-3E-1C-9D-B6-04-00-CC-2B-45-93-31-F8-32-14; no synthetic WorldTravelStatus reply sent.
[2026-09-25 00:08:10] TORGamePacketHandler: Received a packet [HackNotifyData]
[2026-09-25 00:08:12] TORGamePacketHandler: Received a packet [Ping]
[2026-09-25 00:08:12] TORGameServerPacket: Constructing Packet [Ping]
[2026-09-25 00:08:12] TORGamePacketHandler: Received a packet [AreaModulesList]
[2026-09-25 00:08:12] AreaPollExperiment: AREA-POLL AreaModulesList: component=0x65B30008 len=12 placed=4611687178631283611 areaSvc=8 mode=Echo head=08-00-00-00-04-00-00-00-00-00-00-00 tail=08-00-00-00-04-00-00-00-00-00-00-00
[2026-09-25 00:08:12] TORGameServerPacket: Constructing Packet [AreaModulesList]
[2026-09-25 00:08:12] AreaPollExperiment: AREA-POLL AreaModulesList: decision=echo-reply-sent
[2026-09-25 00:08:12] AreaModulesList: AreaModulesList: startup bundle already sent; skipped.
[2026-09-25 00:08:12] TORGamePacketHandler: Received a packet [CMsgCCACB51D]
[2026-09-25 00:08:12] TORGamePacketHandler: CMsgCCACB51D rx    1D B5 AC CC 08 00 B3 65 30 00 00 00 00 80 CD 7E FA 7F | .......e0......~..
   34 FF 4C C7 0E BE 96 5C 8B 96 FB DD C4 1E AB 90 14 EA | 4.L....\..........
   76 EC 25 F1 D9 A8 0A B0 AB 05 3E 1C 9D B6 04 00 CC 2B | v.%.......>......+
   45 93 31 F8 32 14                                     | E.1.2.

[2026-09-25 00:08:12] AreaPollExperiment: AREA-POLL CMsgCCACB51D: component=0x65B30008 len=52 placed=4611687178631283611 areaSvc=8 mode=Swallow head=30-00-00-00-00-80-CD-7E-FA-7F-34-FF-4C-C7-0E-BE tail=AB-05-3E-1C-9D-B6-04-00-CC-2B-45-93-31-F8-32-14
[2026-09-25 00:08:12] AreaPollExperiment: AREA-POLL CMsgCCACB51D: decision=swallowed
[2026-09-25 00:08:12] TORGamePacketHandler: Received a packet [CMsgF96DCDB0]
[2026-09-25 00:08:12] TORGamePacketHandler: CMsgF96DCDB0 rx    B0 CD 6D F9 08 00 B3 65 09 00 00 00 C7 71 C3 79 12 F2 | ..m....e.....q.y..
   40 F5 F5                                              | @..

[2026-09-25 00:08:12] AreaPollExperiment: AREA-POLL CMsgF96DCDB0: component=0x65B30008 len=13 placed=4611687178631283611 areaSvc=8 mode=Echo sub=09 trueTail=False head=09-00-00-00-C7-71-C3-79-12-F2-40-F5-F5 tail=09-00-00-00-C7-71-C3-79-12-F2-40-F5-F5
[2026-09-25 00:08:12] AreaPollExperiment: AREA-POLL CMsgF96DCDB0: decision=swallowed
[2026-09-25 00:08:17] TORGamePacketHandler: Received a packet [Ping]
[2026-09-25 00:08:17] TORGameServerPacket: Constructing Packet [Ping]
[2026-09-25 00:08:17] TORGamePacketHandler: Received a packet [CMsg7CB9A193]
[2026-09-25 00:08:17] AreaPollExperiment: AREA-POLL CMsg7CB9A193: component=0x65B30008 len=43 placed=4611687178631283611 areaSvc=8 mode=Swallow head=27-00-00-00-A3-82-FD-6C-16-00-00-00-00-00-00-00 tail=00-00-00-A3-82-FD-6C-11-00-00-00-00-00-00-00-00
[2026-09-25 00:08:17] AreaPollExperiment: AREA-POLL CMsg7CB9A193: decision=swallowed
[2026-09-25 00:08:20] TORGamePacketHandler: Received a packet [WorldByteReport]
[2026-09-25 00:08:20] WorldByteReport: World report 8EB28DE9: component=0x65AB0007 bytes=48 words=[657A1B06,CA088BA0,4D822814,2590892F,1EC4DDFB,EA1490AB,F125EC76,B00AA8D9,1C3E05AB,0004B69D,93452BCC,1432F831] hex=06-1B-7A-65-A0-8B-08-CA-14-28-82-4D-2F-89-90-25-FB-DD-C4-1E-AB-90-14-EA-76-EC-25-F1-D9-A8-0A-B0-AB-05-3E-1C-9D-B6-04-00-CC-2B-45-93-31-F8-32-14; no synthetic WorldTravelStatus reply sent.
[2026-09-25 00:08:20] TORGamePacketHandler: Received a packet [HackNotifyData]
[2026-09-25 00:08:22] TORGamePacketHandler: Received a packet [CMsgC26464A9]
[2026-09-25 00:08:22] AreaPollExperiment: AREA-POLL CMsgC26464A9: component=0x65AB0007 len=43 placed=4611687178631283611 areaSvc=8 mode=Swallow head=27-00-00-00-CF-AC-41-D7-05-00-00-00-00-00-00-00 tail=00-00-00-D3-AD-AC-A9-27-00-00-00-00-00-00-00-00
[2026-09-25 00:08:22] AreaPollExperiment: AREA-POLL CMsgC26464A9: decision=swallowed
[2026-09-25 00:08:22] TORGamePacketHandler: Received a packet [ModulesList]
[2026-09-25 00:08:22] ModulesList: ModulesList: len=12 startupSent=True hex=08-00-00-00-04-00-00-00-00-00-00-00
[2026-09-25 00:08:22] TORGamePacketHandler: Received a packet [Ping]
[2026-09-25 00:08:22] TORGameServerPacket: Constructing Packet [Ping]
[2026-09-25 00:08:22] TORGamePacketHandler: Received a packet [CMsgCCACB51D]
[2026-09-25 00:08:22] TORGamePacketHandler: CMsgCCACB51D rx    1D B5 AC CC 08 00 B3 65 30 00 00 00 8E 6B C1 D1 05 C0 | .......e0....k....
   6B 86 63 61 83 48 E0 0B 67 9B FB DD C4 1E AB 90 14 EA | k.ca.H..g.........
   76 EC 25 F1 D9 A8 0A B0 AB 05 3E 1C 9D B6 04 00 CC 2B | v.%.......>......+
   45 93 31 F8 32 14                                     | E.1.2.

[2026-09-25 00:08:22] AreaPollExperiment: AREA-POLL CMsgCCACB51D: component=0x65B30008 len=52 placed=4611687178631283611 areaSvc=8 mode=Swallow head=30-00-00-00-8E-6B-C1-D1-05-C0-6B-86-63-61-83-48 tail=AB-05-3E-1C-9D-B6-04-00-CC-2B-45-93-31-F8-32-14
[2026-09-25 00:08:22] AreaPollExperiment: AREA-POLL CMsgCCACB51D: decision=swallowed
[2026-09-25 00:08:27] TORGamePacketHandler: Received a packet [Ping]
[2026-09-25 00:08:27] TORGameServerPacket: Constructing Packet [Ping]
[2026-09-25 00:08:27] TORGamePacketHandler: Received a packet [AreaModulesList]
[2026-09-25 00:08:27] AreaPollExperiment: AREA-POLL AreaModulesList: component=0x65B30008 len=12 placed=4611687178631283611 areaSvc=8 mode=Echo head=08-00-00-00-04-00-00-00-00-00-00-00 tail=08-00-00-00-04-00-00-00-00-00-00-00
[2026-09-25 00:08:27] TORGameServerPacket: Constructing Packet [AreaModulesList]
[2026-09-25 00:08:27] AreaPollExperiment: AREA-POLL AreaModulesList: decision=echo-reply-sent
[2026-09-25 00:08:27] AreaModulesList: AreaModulesList: startup bundle already sent; skipped.
[2026-09-25 00:08:30] TORGamePacketHandler: Received a packet [WorldByteReport]
[2026-09-25 00:08:30] WorldByteReport: World report 8EB28DE9: component=0x65AB0007 bytes=48 words=[9DA5CCF1,C357B9E3,9234DDFB,7CC9CDD8,1EC4DDFB,EA1490AB,F125EC76,B00AA8D9,1C3E05AB,0004B69D,93452BCC,1432F831] hex=F1-CC-A5-9D-E3-B9-57-C3-FB-DD-34-92-D8-CD-C9-7C-FB-DD-C4-1E-AB-90-14-EA-76-EC-25-F1-D9-A8-0A-B0-AB-05-3E-1C-9D-B6-04-00-CC-2B-45-93-31-F8-32-14; no synthetic WorldTravelStatus reply sent.
[2026-09-25 00:08:30] TORGamePacketHandler: Received a packet [HackNotifyData]
[2026-09-25 00:08:32] TORGamePacketHandler: Received a packet [Ping]
[2026-09-25 00:08:32] TORGameServerPacket: Constructing Packet [Ping]
[2026-09-25 00:08:32] TORGamePacketHandler: Received a packet [CMsgCCACB51D]
[2026-09-25 00:08:32] TORGamePacketHandler: CMsgCCACB51D rx    1D B5 AC CC 08 00 B3 65 30 00 00 00 45 D9 FB 36 FA FA | .......e0...E..6..
   34 23 A5 AA DB DF AC FF 4E E7 FB DD C4 1E AB 90 14 EA | 4#......N.........
   76 EC 25 F1 D9 A8 0A B0 AB 05 3E 1C 9D B6 04 00 CC 2B | v.%.......>......+
   45 93 31 F8 32 14                                     | E.1.2.

[2026-09-25 00:08:32] AreaPollExperiment: AREA-POLL CMsgCCACB51D: component=0x65B30008 len=52 placed=4611687178631283611 areaSvc=8 mode=Swallow head=30-00-00-00-45-D9-FB-36-FA-FA-34-23-A5-AA-DB-DF tail=AB-05-3E-1C-9D-B6-04-00-CC-2B-45-93-31-F8-32-14
[2026-09-25 00:08:32] AreaPollExperiment: AREA-POLL CMsgCCACB51D: decision=swallowed
[2026-09-25 00:08:34] TORGamePacketHandler: Received a packet [ModulesList]
[2026-09-25 00:08:34] ModulesList: ModulesList: len=12 startupSent=True hex=08-00-00-00-04-00-00-00-00-00-00-00
[2026-09-25 00:08:34] TORGamePacketHandler: Received a packet [CMsg7CB9A193]
[2026-09-25 00:08:34] AreaPollExperiment: AREA-POLL CMsg7CB9A193: component=0x65B30008 len=43 placed=4611687178631283611 areaSvc=8 mode=Swallow head=27-00-00-00-9D-90-CC-B1-09-00-00-00-00-00-00-00 tail=00-00-00-CF-AC-41-D7-26-00-00-00-00-00-00-00-00
[2026-09-25 00:08:34] AreaPollExperiment: AREA-POLL CMsg7CB9A193: decision=swallowed
[2026-09-25 00:08:35] TORGamePacketHandler: Received a packet [CMsgC26464A9]
[2026-09-25 00:08:35] AreaPollExperiment: AREA-POLL CMsgC26464A9: component=0x65AB0007 len=43 placed=4611687178631283611 areaSvc=8 mode=Swallow head=27-00-00-00-CF-AC-41-D7-0E-00-00-00-00-00-00-00 tail=00-00-00-A3-82-FD-6C-0F-00-00-00-00-00-00-00-00
[2026-09-25 00:08:35] AreaPollExperiment: AREA-POLL CMsgC26464A9: decision=swallowed
[2026-09-25 00:08:37] TORGamePacketHandler: Received a packet [Ping]
[2026-09-25 00:08:37] TORGameServerPacket: Constructing Packet [Ping]
[2026-09-25 00:08:40] TORGamePacketHandler: Received a packet [WorldByteReport]
[2026-09-25 00:08:40] WorldByteReport: World report 8EB28DE9: component=0x65AB0007 bytes=48 words=[9EC7DCD0,2837319B,9A0F9CB8,171BA39A,1EC4DDFB,EA1490AB,F125EC76,B00AA8D9,1C3E05AB,0004B69D,93452BCC,1432F831] hex=D0-DC-C7-9E-9B-31-37-28-B8-9C-0F-9A-9A-A3-1B-17-FB-DD-C4-1E-AB-90-14-EA-76-EC-25-F1-D9-A8-0A-B0-AB-05-3E-1C-9D-B6-04-00-CC-2B-45-93-31-F8-32-14; no synthetic WorldTravelStatus reply sent.
[2026-09-25 00:08:40] TORGamePacketHandler: Received a packet [HackNotifyData]
[2026-09-25 00:08:42] TORGamePacketHandler: Received a packet [AreaModulesList]
[2026-09-25 00:08:42] AreaPollExperiment: AREA-POLL AreaModulesList: component=0x65B30008 len=12 placed=4611687178631283611 areaSvc=8 mode=Echo head=08-00-00-00-04-00-00-00-00-00-00-00 tail=08-00-00-00-04-00-00-00-00-00-00-00
[2026-09-25 00:08:42] TORGameServerPacket: Constructing Packet [AreaModulesList]
[2026-09-25 00:08:42] AreaPollExperiment: AREA-POLL AreaModulesList: decision=echo-reply-sent
[2026-09-25 00:08:42] AreaModulesList: AreaModulesList: startup bundle already sent; skipped.
[2026-09-25 00:08:42] TORGamePacketHandler: Received a packet [Ping]
[2026-09-25 00:08:42] TORGameServerPacket: Constructing Packet [Ping]
[2026-09-25 00:08:42] TORGamePacketHandler: Received a packet [CMsgCCACB51D]
[2026-09-25 00:08:42] TORGamePacketHandler: CMsgCCACB51D rx    1D B5 AC CC 08 00 B3 65 30 00 00 00 BE 79 84 80 05 40 | .......e0....y...@
   4B 96 1E 69 20 08 53 D8 7D 75 FB DD C4 1E AB 90 14 EA | K..i .S.}u........
   76 EC 25 F1 D9 A8 0A B0 AB 05 3E 1C 9D B6 04 00 CC 2B | v.%.......>......+
   45 93 31 F8 32 14                                     | E.1.2.

[2026-09-25 00:08:42] AreaPollExperiment: AREA-POLL CMsgCCACB51D: component=0x65B30008 len=52 placed=4611687178631283611 areaSvc=8 mode=Swallow head=30-00-00-00-BE-79-84-80-05-40-4B-96-1E-69-20-08 tail=AB-05-3E-1C-9D-B6-04-00-CC-2B-45-93-31-F8-32-14
[2026-09-25 00:08:42] AreaPollExperiment: AREA-POLL CMsgCCACB51D: decision=swallowed
[2026-09-25 00:08:42] TORGamePacketHandler: Received a packet [CMsgF96DCDB0]
[2026-09-25 00:08:42] TORGamePacketHandler: CMsgF96DCDB0 rx    B0 CD 6D F9 08 00 B3 65 09 00 00 00 C7 71 C3 79 12 F2 | ..m....e.....q.y..
   40 F5 F5                                              | @..

[2026-09-25 00:08:42] AreaPollExperiment: AREA-POLL CMsgF96DCDB0: component=0x65B30008 len=13 placed=4611687178631283611 areaSvc=8 mode=Echo sub=09 trueTail=False head=09-00-00-00-C7-71-C3-79-12-F2-40-F5-F5 tail=09-00-00-00-C7-71-C3-79-12-F2-40-F5-F5
[2026-09-25 00:08:42] AreaPollExperiment: AREA-POLL CMsgF96DCDB0: decision=swallowed
[2026-09-25 00:08:46] TORGamePacketHandler: Received a packet [ModulesList]
[2026-09-25 00:08:46] ModulesList: ModulesList: len=12 startupSent=True hex=08-00-00-00-04-00-00-00-00-00-00-00
[2026-09-25 00:08:47] TORGamePacketHandler: Received a packet [Ping]
[2026-09-25 00:08:47] TORGameServerPacket: Constructing Packet [Ping]
[2026-09-25 00:08:49] Handler: Client '4918374' disconnected from TimeServer
[2026-09-25 00:08:49] Handler: Client '5780000' disconnected from Shard01
