[2026-10-04 14:55:50] Handler: LoginServer listening on port 7979
[2026-10-04 14:55:50] Handler: ShardServer listening on port 20060
[2026-10-04 14:55:50] Handler: TimeServer listening on port 20066
[2026-10-04 14:55:57] Handler: Client '12164439' connected to LoginServer
[2026-10-04 14:55:59] Router: 
   04 0A 04 00 00 0A 7F 01 00 00 38 46 34 39 46 33 32 30 | ..........8F49F320
   41 35 46 34 45 44 39 46 36 41 34 44 44 46 42 46 33 44 | A5F4ED9F6A4DDFBF3D
   35 33 35 41 33 32 46 33 39 43 42 41 36 41 41 34 43 43 | 535A32F39CBA6AA4CC
   41 44 34 45 45 42 39 35 44 45 32 39 36 42 46 31 45 35 | AD4EEB95DE296BF1E5
   38 33 34 43 42 44 39 41 43 39 32 30 30 32 41 46 45 33 | 834CBD9AC92002AFE3
   42 33 36 36 32 34 35 38 42 33 35 34 38 39 37 42 30 34 | B3662458B354897B04
   41 32 38 39 42 31 43 42 42 38 38 43 32 44 43 41 35 33 | A289B1CBB88C2DCA53
   31 46 45 32 45 45 39 37 37 46 32 39 31 44 37 42 34 46 | 1FE2EE977F291D7B4F
   41 32 37 43 33 39 35 34 43 34 30 42 34 38 41 44 39 43 | A27C3954C40B48AD9C
   32 37 30 44 44 33 39 31 44 45 34 37 41 37 41 38 41 37 | 270DD391DE47A7A8A7
   30 45 45 39 43 39 33 38 31 44 36 38 43 43 38 36 44 32 | 0EE9C9381D68CC86D2
   41 32 43 44 46 38 46 46 46 37 41 34 39 30 34 38 34 37 | A2CDF8FFF7A4904847
   41 32 38 35 35 36 45 33 41 31 44 36 43 45 42 43 39 31 | A28556E3A1D6CEBC91
   45 41 44 34 37 44 30 37 34 42 33 35 30 33 37 44 34 44 | EAD47D074B35037D4D
   44 46 35 34 33 34 34 41 46 30 35 35 45 35 38 39 32 41 | DF54344AF055E5892A
   45 34 30 45 34 42 42 43 38 38 36 44 39 42 42 38 33 35 | E40E4BBC886D9BB835
   45 39 42 35 34 39 39 41 31 43 33 43 32 30 33 35 42 44 | E9B5499A1C3C2035BD
   33 42 33 30 30 41 34 45 44 44 42 38 32 39 41 38 36 30 | 3B300A4EDDB829A860
   31 42 35 42 42 44 45 45 45 31 42 35 32 42 36 38 41 30 | 1B5BBDEEE1B52B68A0
   34 38 31 41 31 42 33 36 35 44 44 37 31 44 32 45 33 38 | 481A1B365DD71D2E38
   41 46 43 41 46 30 34 45 30 45 31 31 36 38 38 45 39 38 | AFCAF04E0E11688E98
   35 42 31 34 32 36 41 33 38 42 39 32 30 30 38 45 39 38 | 5B1426A38B92008E98
   34 41 46 32 37 30 43 37 45 35 42 43 36 42 32 39 34 43 | 4AF270C7E5BC6B294C
   33 45 42 34 31 35 45 37 36 44 41 37 43 46 44 37 36 38 | 3EB415E76DA7CFD768
   34 41 30 44 39 41 35 30 36 38 34 41 31 35 32 45 43 31 | 4A0D9A50684A152EC1
   35 37 37 42 42 45 38 43 30 34 35 30 46 33 45 37 44 35 | 577BBE8C0450F3E7D5
   46 39 33 42 42 34 43 42 37 32 36 31 42 33 34 35 32 30 | F93BB4CB7261B34520
   30 30 41 44 46 38 34 39 42 39 31 43 33 39 45 32 37 34 | 00ADF849B91C39E274
   45 36 41 37 43 43 35 33 32 46 38 46 44 37 38 39 45 32 | E6A7CC532F8FD789E2
   31 35 41 42 38 43 46 32 44 34 38 43 33 38 46 41 31 30 | 15AB8CF2D48C38FA10
   30 39 35 43 33 35 38 36 36 31 42 35 31 45 37 41 44 45 | 095C358661B51E7ADE
   33 37 31 45 37 32 37 39 45 32 42 35 33 42 45 35 37 38 | 371E7279E2B53BE578
   42 32 36 34 45 44 44 42 37 39 36 43 42 31 35 34 38 35 | B264EDDB796CB15485
   37 44 43 35 42 36 38 35 39 43 42 46 39 41 33 46 44 35 | 7DC5B6859CBF9A3FD5
   37 41 38 34 36 41 46 30 46 37 42 32 33 42 32 37 41 35 | 7A846AF0F7B23B27A5
   41 31 32 34 46 31 38 46 43 41 39 37 43 42 33 30 43 41 | A124F18FCA97CB30CA
   43 36 35 46 38 36 41 42 45 36 44 31 34 30 33 45 35 34 | C65F86ABE6D1403E54
   32 39 37 31 31 30 42 37 34 43 41 33 43 37 39 46 35 37 | 297110B74CA3C79F57
   44 34 42 31 30 41 36 32 37 45 32 46 31 38 31 44 41 31 | D4B10A627E2F181DA1
   43 38 31 45 33 31 39 33 44 39 44 32 31 44 31 33 38 44 | C81E3193D9D21D138D
   31 33 37 32 31 32 45 34 32 37 45 35 39 43 30 30 36 36 | 137212E427E59C0066
   34 37 43 45 39 37 42 35 34 38 39 42 38 42 33 35 43 32 | 47CE97B5489B8B35C2
   42 35 42 45 34 44 34 43 37 33 44 46 44 31 46 36 34 45 | B5BE4D4C73DFD1F64E
   41 32 32 39 37 34 35 36 31 45 32 41 33 46 42 31 44 42 | A22974561E2A3FB1DB
   35 31 42 45 30 46 45 46 31 36 46 38 37 43 44 37 45 30 | 51BE0FEF16F87CD7E0
   30 44 39 45 38 34 42 38 31 36 46 34 39 30 44 39 32 42 | 0D9E84B816F490D92B
   31 44 36 35 46 34 44 34 46 45 37 44 45 35 45 42 32 43 | 1D65F4D4FE7DE5EB2C
   31 46 45 30 42 37 39 41 38 43 46 35 33 35 41 45 36 37 | 1FE0B79A8CF535AE67
   31 41 43 33 43 37 46 36 30 30 36 35 32 36 42 30 37 37 | 1AC3C7F6006526B077
   30 46 41 35 33 44 46 35 38 36 44 30 31 33 30 45 36 45 | 0FA53DF586D0130E6E
   30 30 41 41 39 31 35 39 30 43 33 31 37 45 36 39 30 38 | 00AA91590C317E6908
   35 42 37 35 33 36 46 41 32 35 35 41 46 33 35 33 34 37 | 5B7536FA255AF35347
   45 33 36 42 33 46 34 39 45 35 41 43 32 44 41 33 30 42 | E36B3F49E5AC2DA30B
   43 39 30 43 37 43 39 31 35 38 32 39 34 38 34 34 34 45 | C90C7C91582948444E
   37 36 42 43 37 30 36 44 46 37 39 36 33 36 46 39 39 34 | 76BC706DF79636F994
   30 46 33 30 43 39 43 31 35 32 38 30 46 45 45 30 43 43 | 0F30C9C15280FEE0CC
   39 38 46 35 35 30 34 32 38 37 46 45 32 42 44 30 44 35 | 98F5504287FE2BD0D5
   32 34 35 33 31 31 34 45                               | 2453114E

[2026-10-04 14:55:59] Router: 
   05 00 00 00 44 6F 6D 6F 00 22 01 00 00 EC 32 6C AE E0 | ....Domo."....2l..
   32 39 AA B6 37 3A AB E6 32 68 FA E4 37 6E F8 B1 67 32 | 29..7:..2h..7n..g2
   AE B5 36 69 AF E1 67 32 AE E7 31 33 AB E2 37 33 AC B6 | ..6i..g2..13..73..
   30 3C AF B1 36 38 F8 B0 67 3D FF EC 34 6B FC E6 62 6B | 0<..68..g=..4k..bk
   AE B7 35 3D AB E7 32 3A AB E1 65 6F A1 E1 36 3A FA E1 | ..5=..2:..eo..6:..
   67 6F AB B1 63 6B A0 B5 63 39 FC EC 36 6E AB EC 62 38 | go..ck..c9..6n..b8
   AE ED 60 3B A0 E2 32 3E FA E3 31 3B AA E3 32 3E A8 E7 | ..`;..2>..1;..2>..
   38 3C FA E7 63 68 AB B5 32 3C AD E3 34 33 A0 E0 35 38 | 8<..ch..2<..43..58
   A9 E0 62 3D F8 B5 39 6E AA B1 67 6C AD E3 32 68 F8 B7 | ..b=..9n..gl..2h..
   63 39 AC ED 37 39 AF B5 38 6B AC E4 64 3F AA E7 36 3B | c9..79..8k..d?..6;
   AB E6 62 38 AF E3 33 33 A1 E0 38 33 FC B6 62 6B AE ED | ..b8..33..83..bk..
   34 3E AE E2 62 32 A0 B0 62 68 FA B0 37 3E A0 E1 38 39 | 4>..b2..bh..7>..89
   AC B1 64 3C AF E2 38 39 AB B7 37 3E AF B6 30 69 A0 E0 | ..d<..89..7>..0i..
   65 38 FC E5 38 39 AC E4 65 68 A1 E7 63 3E FA E3 30 68 | e8..89..eh..c>..0h
   AE B2 35 32 A0 B1 65 3C FC E5 30 6F A9 EC 64 6B AB F9 | ..52..e<..0o..dk..
   32 6E AA B0 35 3B AA E6 64 32 AE ED 32 38 FB B7 39 6F | 2n..5;..d2..28..9o
   FD EC 60 3A AD E7 64 6B FF ED 65 6E FB E2 00 18 D2 B7 | ..`:..dk..en......
   BE 2F 41 A9 D3 A0 28 E2 8A 31 D5 58 A4 13 07 A5 81 67 | ./A...(..1.X.....g
   8B D4 3A 15 52 96 C0 5E E8 AD 2E 27 13 98 DD F0 65 A6 | ..:.R..^...'....e.
   69 59 DA 44 80 DE 50 AC 44 86 D7 D9 AC 5B 09 88 66 70 | iY.D..P.D....[..fp
   02 F1 4F 5A 5B A2 39 17 35 49 D5 BD 07 A4 2D EB 82 E2 | ..OZ[.9.5I....-...
   92 45 B2 4A 09 00 00 00 00 00 00 00 00 00 00 00 00 00 | .E.J..............
   00 00 00 00 00 00 00 00 00 00 00 00 00 00 00 00 00 00 | ..................
   00 00 00 00 00 00 00 00 00 00 00 00 00 00 00 00 00 00 | ..................
   00 00 00 00 00 00 00 00 00 00 00 00 00 00 00 00 00 00 | ..................
   00 00 00 00 00 00 00 00 00 00 00 00 00 00 00 00 00 00 | ..................
   00 00 00 00 00 00 00 00 00 00 00 00 00 00 00 00 00 00 | ..................
   00 00 00 00                                           | ....

[2026-10-04 14:55:59] Router: User 'Domo' logging in with token '0x3F326C3F3F32393F3F373A3F3F32683F3F376E3F3F67323F3F36693F3F67323F3F31333F3F37333F3F303C3F3F36383F3F673D3F3F346B3F3F626B3F3F353D3F3F323A3F3F656F3F3F363A3F3F676F3F3F636B3F3F63393F3F366E3F3F62383F3F603B3F3F323E3F3F313B3F3F323E3F3F383C3F3F63683F3F323C3F3F34333F3F35383F3F623D3F3F396E3F3F676C3F3F32683F3F63393F3F37393F3F386B3F3F643F3F3F363B3F3F62383F3F33333F3F38333F3F626B3F3F343E3F3F62323F3F62683F3F373E3F3F38393F3F643C3F3F38393F3F373E3F3F30693F3F65383F3F38393F3F65683F3F633E3F3F30683F3F35323F3F653C3F3F306F3F3F646B3F3F326E3F3F353B3F3F64323F3F32383F3F396F3F3F603A3F3F646B3F3F656E3F3F'
[2026-10-04 14:55:59] Router: Received Packet [RequestID]
[2026-10-04 14:55:59] Router: User 'Domo' wants to connect to shard '1'
[2026-10-04 14:55:59] Router: Received Packet [Pong]
[2026-10-04 14:55:59] Packet: Constructing Packet [ReplyID]
[2026-10-04 14:55:59] Router: Received Packet [RequestIntroduceConnection]
[2026-10-04 14:55:59] Packet: Constructing Packet [Null]
[2026-10-04 14:55:59] Packet: Constructing Packet [ReplyIntroduceConnection]
[2026-10-04 14:55:59] Handler: Client '783737' connected to Shard01
[2026-10-04 14:55:59] Router: Received Packet [RequestClose]
[2026-10-04 14:55:59] Handler: Client '12164439' disconnected from LoginServer
[2026-10-04 14:55:59] TORGameServerPacket: Constructing Packet [ClientHello]
[2026-10-04 14:55:59] TORGamePacketHandler: Received a packet [ConnectionHandshake]
[2026-10-04 14:55:59] TORGameClient: Changing client [783737] state to 'CONNECTED'
[2026-10-04 14:55:59] ConnectionHandshake: Client 'Domo' trying to connect to Shard01
[2026-10-04 14:55:59] TORGameServerPacket: Constructing Packet [ObjectRequest]
[2026-10-04 14:55:59] TORGamePacketHandler: Received a packet [ObjectReply]
[2026-10-04 14:55:59] ObjectReply: Received Object Reply service=0x0000 id='OmegaServerProxyObjectName' hash='b7a6bba3:8ab55405:d7b5d3e1:5bc541f9' target='Client'
[2026-10-04 14:55:59] TORGameServerPacket: Constructing Packet [SignatureResponse]
[2026-10-04 14:55:59] TORGameServerPacket: Constructing Packet [ClientInformation]
[2026-10-04 14:55:59] TORGameClient: Changing client [783737] state to 'AUTHED'
[2026-10-04 14:55:59] TORGamePacketHandler: Received a packet [ServiceRequest]
[2026-10-04 14:55:59] ServiceRequest: Received Service Request [*:timesource] object='Application_TimeRequester' hash='fbdaee3d' details=''/''/''
[2026-10-04 14:55:59] TORGameServerPacket: Constructing Packet [ObjectRequest]
[2026-10-04 14:55:59] TORGamePacketHandler: Received a packet [ServiceRequest]
[2026-10-04 14:55:59] ServiceRequest: Received Service Request [RepositoryServer:repositoryserver] object='omegahandlerrepository' hash='ab2f47df:4b5cb1a1:201d18e1' details=''/''/''
[2026-10-04 14:55:59] TORGameServerPacket: Constructing Packet [ObjectRequest]
[2026-10-04 14:55:59] TORGamePacketHandler: Received a packet [Ping]
[2026-10-04 14:55:59] TORGameServerPacket: Constructing Packet [Ping]
[2026-10-04 14:55:59] TORGamePacketHandler: Received a packet [ObjectReply]
[2026-10-04 14:55:59] ObjectReply: Received Object Reply service=0x0001 id='Application_TimeRequester' hash='fbdaee3d' target='Client'
[2026-10-04 14:55:59] TORGameServerPacket: Constructing Packet [SignatureResponse]
[2026-10-04 14:55:59] TORGamePacketHandler: Received a packet [ObjectReply]
[2026-10-04 14:55:59] ObjectReply: Received Object Reply service=0x0002 id='omegahandlerrepository' hash='ab2f47df:4b5cb1a1:201d18e1' target='Client'
[2026-10-04 14:55:59] TORGameServerPacket: Constructing Packet [SignatureResponse]
[2026-10-04 14:55:59] TORGameServerPacket: Constructing Packet [RepositoryRevision]
[2026-10-04 14:55:59] TORGamePacketHandler: Received a packet [TimeRequesterRequest]
[2026-10-04 14:55:59] TORGameServerPacket: Constructing Packet [TimeRequesterReply]
[2026-10-04 14:55:59] TORGamePacketHandler: Received a packet [ServiceRequest]
[2026-10-04 14:55:59] ServiceRequest: Received Service Request [ScriptCompilerServer:scriptcompiler] object='omegaserverscriptcompilerobject' hash='c68b6903' details=''/''/''
[2026-10-04 14:55:59] TORGameServerPacket: Constructing Packet [ObjectRequest]
[2026-10-04 14:55:59] TORGamePacketHandler: Received a packet [ServiceRequest]
[2026-10-04 14:55:59] ServiceRequest: Received Service Request [ScriptCompilerClient:scriptcompiler] object='omegaclientscriptcompilerobject' hash='c68b6903' details=''/''/''
[2026-10-04 14:55:59] TORGameServerPacket: Constructing Packet [ObjectRequest]
[2026-10-04 14:55:59] Handler: Client '15407622' connected to TimeServer
[2026-10-04 14:55:59] TORGameServerPacket: Constructing Packet [ClientHello]
[2026-10-04 14:55:59] TORGamePacketHandler: Received a packet [ServiceRequest]
[2026-10-04 14:55:59] ServiceRequest: Received Service Request [SearchServer:searchserver] object='omegascriptsearchobject' hash='dfd2980e' details=''/''/''
[2026-10-04 14:55:59] TORGameServerPacket: Constructing Packet [ObjectRequest]
[2026-10-04 14:55:59] TORGamePacketHandler: Received a packet [ServiceRequest]
[2026-10-04 14:56:00] ServiceRequest: Received Service Request [biomonserver:biomon] object='omegametricspublisherobject' hash='3a303af5' details=''/''/''
[2026-10-04 14:56:00] TORGameServerPacket: Constructing Packet [ObjectRequest]
[2026-10-04 14:56:00] TORGamePacketHandler: Received a packet [ServiceRequest]
[2026-10-04 14:56:00] ServiceRequest: Received Service Request [WorldServer:worldserver] object='omegaworldobject' hash='e0edf135' details=''/''/''
[2026-10-04 14:56:00] TORGameServerPacket: Constructing Packet [ObjectRequest]
[2026-10-04 14:56:00] TORGamePacketHandler: Received a packet [ServiceRequest]
[2026-10-04 14:56:00] ServiceRequest: Received Service Request [GameSystemsServer:gamesystemsserver] object='gamesystemsobject0' hash='bd5aa620' details=''/''/''
[2026-10-04 14:56:00] TORGameServerPacket: Constructing Packet [ObjectRequest]
[2026-10-04 14:56:00] TORGamePacketHandler: Received a packet [ServiceRequest]
[2026-10-04 14:56:00] ServiceRequest: Received Service Request [ChatGateway:chatgateway] object='chatgatewayobject' hash='f82a9dee' details=''/''/''
[2026-10-04 14:56:00] TORGameServerPacket: Constructing Packet [ObjectRequest]
[2026-10-04 14:56:00] TORGamePacketHandler: Received a packet [ServiceRequest]
[2026-10-04 14:56:00] ServiceRequest: Received Service Request [AuctionServer:auctionserver] object='auctionserverclientobject' hash='31f09da5' details=''/''/''
[2026-10-04 14:56:00] TORGameServerPacket: Constructing Packet [ObjectRequest]
[2026-10-04 14:56:00] TORGamePacketHandler: Received a packet [ServiceRequest]
[2026-10-04 14:56:00] ServiceRequest: Received Service Request [Mail:mailserver] object='omegamailresponseobject' hash='3cef3a01' details=''/''/''
[2026-10-04 14:56:00] TORGameServerPacket: Constructing Packet [ObjectRequest]
[2026-10-04 14:56:00] TORGamePacketHandler: Received a packet [ServiceRequest]
[2026-10-04 14:56:00] ServiceRequest: Received Service Request [TrackingServer:trackingserver] object='omegatrackingretailobject' hash='d0accfb8' details=''/''/''
[2026-10-04 14:56:00] TORGameServerPacket: Constructing Packet [ObjectRequest]
[2026-10-04 14:56:00] TORGamePacketHandler: Received a packet [RequestClose]
[2026-10-04 14:56:00] TORGamePacketHandler: Received a packet [ObjectReply]
[2026-10-04 14:56:00] ObjectReply: Received Object Reply service=0x0003 id='omegaserverscriptcompilerobject' hash='c68b6903' target='Client'
[2026-10-04 14:56:00] TORGameServerPacket: Constructing Packet [SignatureResponse]
[2026-10-04 14:56:00] TORGamePacketHandler: Received a packet [ObjectReply]
[2026-10-04 14:56:00] ObjectReply: Received Object Reply service=0x0004 id='omegaclientscriptcompilerobject' hash='c68b6903' target='Client'
[2026-10-04 14:56:00] TORGameServerPacket: Constructing Packet [SignatureResponse]
[2026-10-04 14:56:00] TORGamePacketHandler: Received a packet [ObjectReply]
[2026-10-04 14:56:00] ObjectReply: Received Object Reply service=0x0005 id='omegascriptsearchobject' hash='dfd2980e' target='Client'
[2026-10-04 14:56:00] TORGameServerPacket: Constructing Packet [SignatureResponse]
[2026-10-04 14:56:00] TORGamePacketHandler: Received a packet [ObjectReply]
[2026-10-04 14:56:00] ObjectReply: Received Object Reply service=0x0006 id='omegametricspublisherobject' hash='3a303af5' target='Client'
[2026-10-04 14:56:00] TORGameServerPacket: Constructing Packet [SignatureResponse]
[2026-10-04 14:56:00] TORGamePacketHandler: Received a packet [ObjectReply]
[2026-10-04 14:56:00] ObjectReply: Received Object Reply service=0x0007 id='omegaworldobject' hash='e0edf135' target='Client'
[2026-10-04 14:56:00] TORGameServerPacket: Constructing Packet [SignatureResponse]
[2026-10-04 14:56:00] TORGamePacketHandler: Received a packet [ObjectReply]
[2026-10-04 14:56:00] ObjectReply: Received Object Reply service=0x0009 id='gamesystemsobject0' hash='bd5aa620' target='Client'
[2026-10-04 14:56:00] TORGameServerPacket: Constructing Packet [SignatureResponse]
[2026-10-04 14:56:00] TORGamePacketHandler: Received a packet [ObjectReply]
[2026-10-04 14:56:00] ObjectReply: Received Object Reply service=0x000A id='chatgatewayobject' hash='f82a9dee' target='Client'
[2026-10-04 14:56:00] TORGameServerPacket: Constructing Packet [SignatureResponse]
[2026-10-04 14:56:00] TORGamePacketHandler: Received a packet [ObjectReply]
[2026-10-04 14:56:00] ObjectReply: Received Object Reply service=0x000B id='auctionserverclientobject' hash='31f09da5' target='Client'
[2026-10-04 14:56:00] TORGameServerPacket: Constructing Packet [SignatureResponse]
[2026-10-04 14:56:00] TORGamePacketHandler: Received a packet [ObjectReply]
[2026-10-04 14:56:00] ObjectReply: Received Object Reply service=0x000C id='omegamailresponseobject' hash='3cef3a01' target='Client'
[2026-10-04 14:56:00] TORGameServerPacket: Constructing Packet [SignatureResponse]
[2026-10-04 14:56:00] TORGamePacketHandler: Received a packet [ObjectReply]
[2026-10-04 14:56:00] ObjectReply: Received Object Reply service=0x000D id='omegatrackingretailobject' hash='d0accfb8' target='Client'
[2026-10-04 14:56:00] TORGameServerPacket: Constructing Packet [SignatureResponse]
[2026-10-04 14:56:00] TORGamePacketHandler: Received a packet [RepositorySyncRequest]
[2026-10-04 14:56:00] TORGameServerPacket: Constructing Packet [RepositorySyncReply]
[2026-10-04 14:56:00] RepositorySyncRequest: Repository synchronization acknowledged: cached revision=0, static local archives; this does not verify asset completeness.
[2026-10-04 14:56:04] TORGamePacketHandler: Received a packet [Ping]
[2026-10-04 14:56:04] TORGameServerPacket: Constructing Packet [Ping]
[2026-10-04 14:56:05] TORGamePacketHandler: Received a packet [1048409333]
[2026-10-04 14:56:05] TORGamePacketHandler: Received Unknown Packet [3E7D74F5] name=1048409333 on State 'AUTHED'
   F5 74 7D 3E 02 00 A8 65 01 00 00 00 0F 00 00 00 2F 62 | .t}>...e......../b
   6E 6B 32 2F 73 74 72 65 61 6D 65 64 00 1A 00 00 00 2B | nk2/streamed.....+
   41 53 43 45 4E 44 2B 4C 41 53 54 5F 56 45 52 53 49 4F | ASCEND+LAST_VERSIO
   4E 5F 4F 4E 4C 59 00                                  | N_ONLY.

  decode: bytes=61 type=0x3E7D74F5 routing=0x65A80002 source=0x65A8 destination=0x0002 sourceIsAreaServer=no declaredLength=1 bodyBytes=49 delta=48 body(49)=0f 00 00 00 2f 62 6e 6b 32 2f 73 74 72 65 61 6d 65 64 00 1a 00 00 00 2b 41 53 43 45 4e 44 2b 4c 41 53 54 5f 56 45 52 53 49 4f 4e 5f 4f 4e 4c 59 00
[2026-10-04 14:56:05] TORGamePacketHandler: Received a packet [RepositoryDataRequest]
[2026-10-04 14:56:06] TorArchive: TorArchive: indexed 378505 file hashes from 91 archives in D:\SWTORClassic\swtoremu\Assets2012April
[2026-10-04 14:56:06] TORGameServerPacket: Constructing Packet [RepositoryDataNotFound]
[2026-10-04 14:56:06] RepositoryDataRequest: Repository asset unavailable: request=2, path='/engine/white.tex'. Returned FQN NOT FOUND; verify the matching local archives.
[2026-10-04 14:56:06] TORGamePacketHandler: Received a packet [RepositoryDataRequest]
[2026-10-04 14:56:06] TORGameServerPacket: Constructing Packet [RepositoryDataNotFound]
[2026-10-04 14:56:06] RepositoryDataRequest: Repository asset unavailable: request=3, path='/engine/black.tex'. Returned FQN NOT FOUND; verify the matching local archives.
[2026-10-04 14:56:06] TORGamePacketHandler: Received a packet [ModulesList]
[2026-10-04 14:56:06] ModulesList: ModulesList: len=5354 startupSent=False hex=E6-14-00-00-E2-14-00-00-54-49-A5-A7-03-00-00-00-BD-75-00-30-29-00-00-00-00-00-1F-63-3A-5C-77-69-6E-64-6F-77-73-5C-73-79-73-74-65-6D-33-32-5C-63-6F-6D-62-61-73-65-2E-64-6C-6C-B8-E2-BE-08-00-00-00-43-75-00-70-11-00-00-00-00-00-1D-63-3A-5C-77-69-6E-64-6F-77-73-5C-73-79-73-74-65-6D-33-32-5C-6D-73-63-74-66-2E-64-6C-6C-B6-A6-04-0C-00-00-00-02-7A-00-60-07-00-00-00-00-00-1E-63-3A-5C-77-69-6E-64-6F-77-73-5C-73-79-73-74-65-6D-33-32-5C-64-73-6F-75-6E-64-2E-64-6C-6C-C3-9B-5B-10-00-00-00-E7-57-00-D0-04-00-00-00-00-00-2D-63-3A-5C-77-69-6E-64-6F-77-73-5C-73-79-73-74-65-6D-33-32-5C-64-69-72-65-63-74-78-64-61-74-61-62-61-73-65-68-65-6C-70-65-72-2E-64-6C-6C-66-C3-6A-14-00-00-00-C4-71-00-70-22-00-00-00-00-00-7A-63-3A-5C-77-69-6E-64-6F-77-73-5C-77-69-6E-73-78-73-5C-78-38-36-5F-6D-69-63-72-6F-73-6F-66-74-2E-77-69-6E-64-6F-77-73-2E-63-6F-6D-6D-6F-6E-2D-63-6F-6E-74-72-6F-6C-73-5F-36-35-39-35-62-36-34-31-34-34-63-63-66-31-64-66-5F-36-2E-30-2E-32-36-31-30-30-2E-39-32-37-38-5F-6E-6F-6E-65-5F-38-35-62-61-35-32-37-66-66-37-61-63-35-62-30-37-5C-63-6F-6D-63-74-6C-33-32-2E-64-6C-6C-DA-7F-50-15-00-00-00-D6-57-00-F0-0F-00-00-00-00-00-2A-63-3A-5C-77-69-6E-64-6F-77-73-5C-73-79-73-74-65-6D-33-32-5C-74-65-78-74-69-6E-70-75-74-66-72-61-6D-65-77-6F-72-6B-2E-64-6C-6C-B3-13-B1-1A-00-00-00-6D-6C-00-E0-07-00-00-00-00-00-1F-63-3A-5C-77-69-6E-64-6F-77-73-5C-73-79-73-74-65-6D-33-32-5C-75-78-74-68-65-6D-65-2E-64-6C-6C-54-27-E6-21-00-00-00-6B-6E-00-40-01-00-00-00-00-00-1F-63-3A-5C-77-69-6E-64-6F-77-73-5C-73-79-73-74-65-6D-33-32-5C-63-72-79-70-74-73-70-2E-64-6C-6C-3D-0F-06-24-00-00-00-30-6C-00-F0-0A-00-00-00-00-00-1F-63-3A-5C-77-69-6E-64-6F-77-73-5C-73-79-73-74-65-6D-33-32-5C-61-70-70-68-65-6C-70-2E-64-6C-6C-99-B6-4C-24-00-00-00-A5-79-00-80-3C-00-00-00-00-00-20-63-3A-5C-77-69-6E-64-6F-77-73-5C-73-79-73-74-65-6D-33-32-5C-64-33-64-78-39-5F-33-38-2E-64-6C-6C-31-26-AA-25-00-00-00-98-71-00-30-03-00-00-00-00-00-1D-63-3A-5C-77-69-6E-64-6F-77-73-5C-73-79-73-74-65-6D-33-32-5C-77-69-6E-6D-6D-2E-64-6C-6C-D0-A2-64-29-00-00-00-7D-75-00-F0-09-00-00-00-00-00-20-63-3A-5C-77-69-6E-64-6F-77-73-5C-73-79-73-74-65-6D-33-32-5C-6F-6C-65-61-75-74-33-32-2E-64-6C-6C-87-C8-2D-31-00-00-00-92-71-00-60-02-00-00-00-00-00-1E-63-3A-5C-77-69-6E-64-6F-77-73-5C-73-79-73-74-65-6D-33-32-5C-64-77-6D-61-70-69-2E-64-6C-6C-CD-80-61-31-00-00-00-61-77-00-50-08-00-00-00-00-00-20-63-3A-5C-77-69-6E-64-6F-77-73-5C-73-79-73-74-65-6D-33-32-5C-61-64-76-61-70-69-33-32-2E-64-6C-6C-9C-44-BC-36-00-00-00-33-75-00-70-0C-00-00-00-00-00-1E-63-3A-5C-77-69-6E-64-6F-77-73-5C-73-79-73-74-65-6D-33-32-5C-6D-73-76-63-72-74-2E-64-6C-6C-04-60-80-39-00-00-00-E7-6E-00-80-00-00-00-00-00-00-20-63-3A-5C-77-69-6E-64-6F-77-73-5C-73-79-73-74-65-6D-33-32-5C-72-61-73-61-64-68-6C-70-2E-64-6C-6C-2C-1F-E4-3D-00-00-00-EB-6E-00-D0-10-00-00-00-00-00-1E-63-3A-5C-77-69-6E-64-6F-77-73-5C-73-79-73-74-65-6D-33-32-5C-64-6E-73-61-70-69-2E-64-6C-6C-3E-6B-80-3F-00-00-00-DB-6D-00-20-03-00-00-00-00-00-1E-63-3A-5C-77-69-6E-64-6F-77-73-5C-73-79-73-74-65-6D-33-32-5C-72-73-61-65-6E-68-2E-64-6C-6C-76-BC-AB-3F-00-00-00-BB-75-00-B0-01-00-00-00-00-00-20-63-3A-5C-77-69-6E-64-6F-77-73-5C-73-79-73-74-65-6D-33-32-5C-69-6D-61-67-65-68-6C-70-2E-64-6C-6C-9A-7E-7A-41-00-00-00-28-6C-00-90-05-00-00-00-00-00-1E-63-3A-5C-77-69-6E-64-6F-77-73-5C-73-79-73-74-65-6D-33-32-5C-6F-6C-65-61-63-63-2E-64-6C-6C-EF-0E-2B-44-00-00-00-E8-6E-00-E0-01-00-00-00-00-00-20-63-3A-5C-77-69-6E-64-6F-77-73-5C-73-79-73-74-65-6D-33-32-5C-6E-6C-61-6E-73-70-5F-63-2E-64-6C-6C-83-F5-4E-47-00-00-00-F1-75-00-60-0D-00-00-00-00-00-1E-63-3A-5C-77-69-6E-64-6F-77-73-5C-73-79-73-74-65-6D-33-32-5C-73-68-63-6F-72-65-2E-64-6C-6C-0A-C5-30-48-00-00-00-6B-58-00-00-0E-00-00-00-00-00-25-63-3A-5C-77-69-6E-64-6F-77-73-5C-73-79-73-74-65-6D-33-32-5C-63-6F-72-65-6D-65-73-73-61-67-69-6E-67-2E-64-6C-6C-F1-D9-C7-48-00-00-00-1E-77-00-50-08-00-00-00-00-00-21-63-3A-5C-77-69-6E-64-6F-77-73-5C-73-79-73-74-65-6D-33-32-5C-6D-73-76-63-70-5F-77-69-6E-2E-64-6C-6C-22-AF-E3-48-00-00-00-1B-7A-00-00-51-00-00-00-00-00-61-63-3A-5C-77-69-6E-64-6F-77-73-5C-73-79-73-74-65-6D-33-32-5C-64-72-69-76-65-72-73-74-6F-72-65-5C-66-69-6C-65-72-65-70-6F-73-69-74-6F-72-79-5C-6E-76-5F-64-69-73-70-69-2E-69-6E-66-5F-61-6D-64-36-34-5F-64-61-38-36-35-31-32-34-39-37-32-65-31-66-38-30-5C-6E-76-61-70-69-5F-69-6D-70-6C-2E-64-6C-6C-C4-59-4B-4E-00-00-00-34-76-00-70-15-00-00-00-00-00-1D-63-3A-5C-77-69-6E-64-6F-77-73-5C-73-79-73-74-65-6D-33-32-5C-6F-6C-65-33-32-2E-64-6C-6C-7B-70-AA-55-00-00-00-30-77-00-A0-2D-00-00-00-00-00-22-63-3A-5C-77-69-6E-64-6F-77-73-5C-73-79-73-74-65-6D-33-32-5C-6B-65-72-6E-65-6C-62-61-73-65-2E-64-6C-6C-76-7E-3D-5C-00-00-00-81-6E-00-B0-02-00-00-00-00-00-20-63-3A-5C-77-69-6E-64-6F-77-73-5C-73-79-73-74-65-6D-33-32-5C-63-72-79-70-74-6E-65-74-2E-64-6C-6C-EF-96-8D-63-00-00-00-53-76-00-A0-07-00-00-00-00-00-28-63-3A-5C-77-69-6E-64-6F-77-73-5C-73-79-73-74-65-6D-33-32-5C-62-63-72-79-70-74-70-72-69-6D-69-74-69-76-65-73-2E-64-6C-6C-9E-32-FD-68-00-00-00-C6-6F-00-E0-01-00-00-00-00-00-1F-63-3A-5C-77-69-6E-64-6F-77-73-5C-73-79-73-74-65-6D-33-32-5C-70-72-6F-66-61-70-69-2E-64-6C-6C-D1-98-09-6A-00-00-00-15-6B-00-E0-08-00-00-00-00-00-6A-63-3A-5C-77-69-6E-64-6F-77-73-5C-77-69-6E-73-78-73-5C-78-38-36-5F-6D-69-63-72-6F-73-6F-66-74-2E-76-63-39-30-2E-63-72-74-5F-31-66-63-38-62-33-62-39-61-31-65-31-38-65-33-62-5F-39-2E-30-2E-33-30-37-32-39-2E-39-36-33-35-5F-6E-6F-6E-65-5F-35-30-38-66-66-38-32-65-62-63-62-61-66-65-65-30-5C-6D-73-76-63-70-39-30-2E-64-6C-6C-60-15-41-6C-00-00-00-5B-76-00-20-02-00-00-00-00-00-1D-63-3A-5C-77-69-6E-64-6F-77-73-5C-73-79-73-74-65-6D-33-32-5C-67-64-69-33-32-2E-64-6C-6C-A3-82-FD-6C-00-00-00-2C-75-00-A0-06-00-00-00-00-00-1E-63-3A-5C-77-69-6E-64-6F-77-73-5C-73-79-73-74-65-6D-33-32-5C-77-73-32-5F-33-32-2E-64-6C-6C-14-E4-B9-73-00-00-00-5F-76-00-50-66-00-00-00-00-00-1F-63-3A-5C-77-69-6E-64-6F-77-73-5C-73-79-73-74-65-6D-33-32-5C-73-68-65-6C-6C-33-32-2E-64-6C-6C-16-2E-AD-75-00-00-00-F1-72-00-50-01-00-00-00-00-00-26-63-3A-5C-77-69-6E-64-6F-77-73-5C-73-79-73-74-65-6D-33-32-5C-6B-65-72-6E-65-6C-2E-61-70-70-63-6F-72-65-2E-64-6C-6C-7B-EF-00-77-00-00-00-84-6E-00-50-02-00-00-00-00-00-1E-63-3A-5C-77-69-6E-64-6F-77-73-5C-73-79-73-74-65-6D-33-32-5C-64-65-76-6F-62-6A-2E-64-6C-6C-CE-F3-67-77-00-00-00-92-79-00-70-08-00-00-00-00-00-6A-63-3A-5C-77-69-6E-64-6F-77-73-5C-77-69-6E-73-78-73-5C-78-38-36-5F-6D-69-63-72-6F-73-6F-66-74-2E-76-63-38-30-2E-63-72-74-5F-31-66-63-38-62-33-62-39-61-31-65-31-38-65-33-62-5F-38-2E-30-2E-35-30-37-32-37-2E-39-36-38-30-5F-6E-6F-6E-65-5F-64-30-39-30-63-62-37-63-34-34-32-37-38-62-32-38-5C-6D-73-76-63-70-38-30-2E-64-6C-6C-35-6C-05-79-00-00-00-C9-0C-00-80-06-00-00-00-00-00-1D-63-3A-5C-77-69-6E-64-6F-77-73-5C-73-79-73-74-65-6D-33-32-5C-6E-76-61-70-69-2E-64-6C-6C-EB-04-04-7F-00-00-00-5B-75-00-70-00-00-00-00-00-00-1B-63-3A-5C-77-69-6E-64-6F-77-73-5C-73-79-73-74-65-6D-33-32-5C-6E-73-69-2E-64-6C-6C-47-E9-6E-7F-00-00-00-0F-76-00-20-05-00-00-00-00-00-1F-63-3A-5C-77-69-6E-64-6F-77-73-5C-73-79-73-74-65-6D-33-32-5C-73-68-6C-77-61-70-69-2E-64-6C-6C-1B-4B-FD-83-00-00-00-E7-71-00-90-71-00-00-00-00-00-27-63-3A-5C-77-69-6E-64-6F-77-73-5C-73-79-73-74-65-6D-33-32-5C-77-69-6E-64-6F-77-73-2E-73-74-6F-72-61-67-65-2E-64-6C-6C-30-66-D4-84-00-00-00-72-72-00-E0-00-00-00-00-00-00-1E-63-3A-5C-77-69-6E-64-6F-77-73-5C-73-79-73-74-65-6D-33-32-5C-6D-73-61-73-6E-31-2E-64-6C-6C-F4-19-6F-86-00-00-00-F3-79-00-B0-0E-00-00-00-00-00-23-63-3A-5C-77-69-6E-64-6F-77-73-5C-73-79-73-74-65-6D-33-32-5C-74-65-78-74-73-68-61-70-69-6E-67-2E-64-6C-6C-F6-1F-7A-86-00-00-00-6A-6E-00-A0-00-00-00-00-00-00-21-63-3A-5C-77-69-6E-64-6F-77-73-5C-73-79-73-74-65-6D-33-32-5C-63-72-79-70-74-62-61-73-65-2E-64-6C-6C-F7-73-A4-86-00-00-00-50-6B-00-20-01-00-00-00-00-00-1E-63-3A-5C-77-69-6E-64-6F-77-73-5C-73-79-73-74-65-6D-33-32-5C-77-73-68-62-74-68-2E-64-6C-6C-28-0E-DA-86-00-00-00-A2-71-00-60-02-00-00-00-00-00-20-63-3A-5C-77-69-6E-64-6F-77-73-5C-73-79-73-74-65-6D-33-32-5C-69-70-68-6C-70-61-70-69-2E-64-6C-6C-AB-8A-5A-8A-00-00-00-8F-75-00-70-06-00-00-00-00-00-20-63-3A-5C-77-69-6E-64-6F-77-73-5C-73-79-73-74-65-6D-33-32-5C-77-69-6E-74-72-75-73-74-2E-64-6C-6C-AA-F7-DF-8F-00-00-00-50-50-00-50-02-00-00-00-00-00-21-63-3A-5C-77-69-6E-64-6F-77-73-5C-73-79-73-74-65-6D-33-32-5C-77-69-6E-6D-6D-62-61-73-65-2E-64-6C-6C-CC-0B-4A-91-00-00-00-6A-77-00-60-00-00-00-00-00-00-1D-63-3A-5C-77-69-6E-64-6F-77-73-5C-73-79-73-74-65-6D-33-32-5C-70-73-61-70-69-2E-64-6C-6C-28-9E-C0-93-00-00-00-27-77-00-50-08-00-00-00-00-00-1F-63-3A-5C-77-69-6E-64-6F-77-73-5C-73-79-73-74-65-6D-33-32-5C-73-65-63-68-6F-73-74-2E-64-6C-6C-19-3C-AD-95-00-00-00-F0-72-00-80-00-00-00-00-00-00-1F-63-3A-5C-77-69-6E-64-6F-77-73-5C-73-79-73-74-65-6D-33-32-5C-76-65-72-73-69-6F-6E-2E-64-6C-6C-E6-67-FC-98-00-00-00-8D-6E-00-C0-05-00-00-00-00-00-1C-63-3A-5C-77-69-6E-64-6F-77-73-5C-73-79-73-74-65-6D-33-32-5C-77-6C-64-70-2E-64-6C-6C-A6-23-0E-9C-00-00-00-0A-7A-00-F0-09-00-00-00-00-00-23-63-3A-5C-77-69-6E-64-6F-77-73-5C-73-79-73-74-65-6D-33-32-5C-72-65-73-61-6D-70-6C-65-64-6D-6F-2E-64-6C-6C-8D-79-CF-9E-00-00-00-D0-58-00-A0-17-00-00-00-00-00-1C-63-3A-5C-77-69-6E-64-6F-77-73-5C-73-79-73-74-65-6D-33-32-5C-64-33-64-39-2E-64-6C-6C-12-CD-73-A4-00-00-00-5C-75-00-00-11-00-00-00-00-00-20-63-3A-5C-77-69-6E-64-6F-77-73-5C-73-79-73-74-65-6D-33-32-5C-75-63-72-74-62-61-73-65-2E-64-6C-6C-CD-F6-2C-A6-00-00-00-45-6C-00-30-22-00-00-00-00-00-1F-63-3A-5C-77-69-6E-64-6F-77-73-5C-73-79-73-74-65-6D-33-32-5C-77-69-6E-69-6E-65-74-2E-64-6C-6C-D3-AD-AC-A9-00-00-00-80-77-00-F0-1B-00-00-00-00-00-1D-63-3A-5C-77-69-6E-64-6F-77-73-5C-73-79-73-74-65-6D-33-32-5C-6E-74-64-6C-6C-2E-64-6C-6C-DA-B4-9C-AC-00-00-00-FC-72-00-50-05-00-00-00-00-00-20-63-3A-5C-77-69-6E-64-6F-77-73-5C-73-79-73-74-65-6D-33-32-5C-70-6F-77-72-70-72-6F-66-2E-64-6C-6C-F1-71-68-AE-00-00-00-FD-6E-00-B0-01-00-00-00-00-00-20-63-3A-5C-77-69-6E-64-6F-77-73-5C-73-79-73-74-65-6D-33-32-5C-64-68-63-70-63-73-76-63-2E-64-6C-6C-9D-90-CC-B1-00-00-00-15-76-00-70-1E-00-00-00-00-00-1E-63-3A-5C-77-69-6E-64-6F-77-73-5C-73-79-73-74-65-6D-33-32-5C-75-73-65-72-33-32-2E-64-6C-6C-4D-22-8A-B3-00-00-00-40-75-00-C0-01-00-00-00-00-00-1E-63-3A-5C-77-69-6E-64-6F-77-73-5C-73-79-73-74-65-6D-33-32-5C-77-69-6E-33-32-75-2E-64-6C-6C-A9-41-42-B5-00-00-00-14-6B-00-90-00-00-00-00-00-00-1D-63-3A-5C-77-69-6E-64-6F-77-73-5C-73-79-73-74-65-6D-33-32-5C-6D-73-64-6D-6F-2E-64-6C-6C-8D-F8-74-B6-00-00-00-A5-71-00-80-1E-00-00-00-00-00-1F-63-3A-5C-77-69-6E-64-6F-77-73-5C-73-79-73-74-65-6D-33-32-5C-64-62-67-68-65-6C-70-2E-64-6C-6C-68-B7-9F-B8-00-00-00-1B-6F-00-00-04-00-00-00-00-00-20-63-3A-5C-77-69-6E-64-6F-77-73-5C-73-79-73-74-65-6D-33-32-5C-63-66-67-6D-67-72-33-32-2E-64-6C-6C-16-F8-89-BA-00-00-00-72-77-00-C0-0B-00-00-00-00-00-1E-63-3A-5C-77-69-6E-64-6F-77-73-5C-73-79-73-74-65-6D-33-32-5C-72-70-63-72-74-34-2E-64-6C-6C-14-9F-B3-BE-00-00-00-E5-67-00-B0-12-00-00-00-00-00-20-63-3A-5C-77-69-6E-64-6F-77-73-5C-73-79-73-74-65-6D-33-32-5C-64-72-76-73-74-6F-72-65-2E-64-6C-6C-AE-F4-14-C2-00-00-00-C6-76-00-10-45-00-00-00-00-00-20-63-3A-5C-77-69-6E-64-6F-77-73-5C-73-79-73-74-65-6D-33-32-5C-73-65-74-75-70-61-70-69-2E-64-6C-6C-A0-61-F7-C2-00-00-00-D6-77-00-30-29-00-00-00-00-00-28-63-3A-5C-77-69-6E-64-6F-77-73-5C-73-79-73-74-65-6D-33-32-5C-63-6F-72-65-75-69-63-6F-6D-70-6F-6E-65-6E-74-73-2E-64-6C-6C-AE-CE-8F-C3-00-00-00-0C-77-00-E0-10-00-00-00-00-00-1F-63-3A-5C-77-69-6E-64-6F-77-73-5C-73-79-73-74-65-6D-33-32-5C-63-72-79-70-74-33-32-2E-64-6C-6C-B3-E5-4D-C6-00-00-00-4C-6B-00-E0-00-00-00-00-00-00-1E-63-3A-5C-77-69-6E-64-6F-77-73-5C-73-79-73-74-65-6D-33-32-5C-77-69-6E-72-6E-72-2E-64-6C-6C-81-22-01-CD-00-00-00-9D-71-00-A0-00-00-00-00-00-00-1F-63-3A-5C-77-69-6E-64-6F-77-73-5C-73-79-73-74-65-6D-33-32-5C-64-73-70-61-72-73-65-2E-64-6C-6C-CE-47-09-D2-00-00-00-2A-71-00-40-05-00-00-00-00-00-1F-63-3A-5C-77-69-6E-64-6F-77-73-5C-73-79-73-74-65-6D-33-32-5C-6D-73-77-73-6F-63-6B-2E-64-6C-6C-10-CE-67-D2-00-00-00-70-72-00-F0-00-00-00-00-00-00-1D-63-3A-5C-77-69-6E-64-6F-77-73-5C-73-79-73-74-65-6D-33-32-5C-75-6D-70-64-63-2E-64-6C-6C-E4-19-89-D6-00-00-00-9B-79-00-B0-09-00-00-00-00-00-6A-63-3A-5C-77-69-6E-64-6F-77-73-5C-77-69-6E-73-78-73-5C-78-38-36-5F-6D-69-63-72-6F-73-6F-66-74-2E-76-63-38-30-2E-63-72-74-5F-31-66-63-38-62-33-62-39-61-31-65-31-38-65-33-62-5F-38-2E-30-2E-35-30-37-32-37-2E-39-36-38-30-5F-6E-6F-6E-65-5F-64-30-39-30-63-62-37-63-34-34-32-37-38-62-32-38-5C-6D-73-76-63-72-38-30-2E-64-6C-6C-CF-AC-41-D7-00-00-00-FF-75-00-00-0F-00-00-00-00-00-20-63-3A-5C-77-69-6E-64-6F-77-73-5C-73-79-73-74-65-6D-33-32-5C-6B-65-72-6E-65-6C-33-32-2E-64-6C-6C-9D-C5-48-E2-00-00-00-AA-6E-00-C0-01-00-00-00-00-00-1E-63-3A-5C-77-69-6E-64-6F-77-73-5C-73-79-73-74-65-6D-33-32-5C-62-63-72-79-70-74-2E-64-6C-6C-3A-0D-D7-EA-00-00-00-16-58-00-90-0F-00-00-00-00-00-20-63-3A-5C-77-69-6E-64-6F-77-73-5C-73-79-73-74-65-6D-33-32-5C-77-69-6E-74-79-70-65-73-2E-64-6C-6C-6E-44-B2-EC-00-00-00-DA-67-00-70-03-00-00-00-00-00-1E-63-3A-5C-77-69-6E-64-6F-77-73-5C-73-79-73-74-65-6D-33-32-5C-64-78-63-6F-72-65-2E-64-6C-6C-A9-FA-2D-EF-00-00-00-5E-77-00-50-02-00-00-00-00-00-1D-63-3A-5C-77-69-6E-64-6F-77-73-5C-73-79-73-74-65-6D-33-32-5C-69-6D-6D-33-32-2E-64-6C-6C-1C-D4-BF-EF-00-00-00-4E-6B-00-20-01-00-00-00-00-00-1F-63-3A-5C-77-69-6E-64-6F-77-73-5C-73-79-73-74-65-6D-33-32-5C-6E-61-70-69-6E-73-70-2E-64-6C-6C-43-34-9F-F0-00-00-00-6E-75-00-A0-0E-00-00-00-00-00-21-63-3A-5C-77-69-6E-64-6F-77-73-5C-73-79-73-74-65-6D-33-32-5C-67-64-69-33-32-66-75-6C-6C-2E-64-6C-6C-F5-29-59-F2-00-00-00-22-6B-00-20-29-00-00-00-00-00-20-63-3A-5C-77-69-6E-64-6F-77-73-5C-73-79-73-74-65-6D-33-32-5C-61-63-6C-61-79-65-72-73-2E-64-6C-6C-A4-94-02-F9-00-00-00-DF-6D-00-20-06-00-00-00-00-00-20-63-3A-5C-77-69-6E-64-6F-77-73-5C-73-79-73-74-65-6D-33-32-5C-66-77-70-75-63-6C-6E-74-2E-64-6C-6C-57-6E-5C-FF-00-00-00-F7-57-00-30-0A-00-00-00-00-00-6A-63-3A-5C-77-69-6E-64-6F-77-73-5C-77-69-6E-73-78-73-5C-78-38-36-5F-6D-69-63-72-6F-73-6F-66-74-2E-76-63-39-30-2E-63-72-74-5F-31-66-63-38-62-33-62-39-61-31-65-31-38-65-33-62-5F-39-2E-30-2E-33-30-37-32-39-2E-39-36-33-35-5F-6E-6F-6E-65-5F-35-30-38-66-66-38-32-65-62-63-62-61-66-65-65-30-5C-6D-73-76-63-72-39-30-2E-64-6C-6C-08-BC-0F-B4-1D-00-00-00-BA-00-00-B0-26-01-00-00-00-00-3E-64-3A-5C-73-77-74-6F-72-63-6C-61-73-73-69-63-5C-73-77-74-6F-72-65-6D-75-5C-6E-65-78-75-73-63-6C-69-65-6E-74-5C-6E-65-78-75-73-63-6C-69-65-6E-74-5C-73-77-74-6F-72-2D-65-6D-75-2E-65-78-65-52-62-79-37-00-00-00-1E-6B-00-60-03-00-00-00-00-00-3E-64-3A-5C-73-77-74-6F-72-63-6C-61-73-73-69-63-5C-73-77-74-6F-72-65-6D-75-5C-6E-65-78-75-73-63-6C-69-65-6E-74-5C-6E-65-78-75-73-63-6C-69-65-6E-74-5C-6D-65-6D-6F-72-79-6D-61-6E-2E-64-6C-6C-46-FC-74-42-00-00-00-00-10-00-10-05-00-00-00-00-00-40-64-3A-5C-73-77-74-6F-72-63-6C-61-73-73-69-63-5C-73-77-74-6F-72-65-6D-75-5C-6E-65-78-75-73-63-6C-69-65-6E-74-5C-6E-65-78-75-73-63-6C-69-65-6E-74-5C-73-70-65-65-64-74-72-65-65-72-74-2E-64-6C-6C-38-00-25-52-00-00-00-15-04-00-D0-09-00-00-00-00-00-3C-64-3A-5C-73-77-74-6F-72-63-6C-61-73-73-69-63-5C-73-77-74-6F-72-65-6D-75-5C-6E-65-78-75-73-63-6C-69-65-6E-74-5C-6E-65-78-75-73-63-6C-69-65-6E-74-5C-67-72-61-6E-6E-79-32-2E-64-6C-6C-95-9C-C8-60-00-00-00-EB-79-00-90-03-00-00-00-00-00-49-64-3A-5C-73-77-74-6F-72-63-6C-61-73-73-69-63-5C-73-77-74-6F-72-65-6D-75-5C-6E-65-78-75-73-63-6C-69-65-6E-74-5C-6E-65-78-75-73-63-6C-69-65-6E-74-5C-72-65-6D-6F-74-65-72-65-6E-64-65-72-65-72-63-6C-69-65-6E-74-2E-64-6C-6C-D1-42-DD-70-00-00-00-F4-57-00-70-02-00-00-00-00-00-42-64-3A-5C-73-77-74-6F-72-63-6C-61-73-73-69-63-5C-73-77-74-6F-72-65-6D-75-5C-6E-65-78-75-73-63-6C-69-65-6E-74-5C-6E-65-78-75-73-63-6C-69-65-6E-74-5C-62-75-67-73-6C-61-79-65-72-75-74-69-6C-2E-64-6C-6C-44-EA-A1-B7-00-00-00-EF-79-00-90-03-00-00-00-00-00-3A-64-3A-5C-73-77-74-6F-72-63-6C-61-73-73-69-63-5C-73-77-74-6F-72-65-6D-75-5C-6E-65-78-75-73-63-6C-69-65-6E-74-5C-6E-65-78-75-73-63-6C-69-65-6E-74-5C-6E-65-78-75-73-2E-64-6C-6C-A2-3A-7E-EC-00-00-00-9D-77-00-30-02-00-00-00-00-00-41-64-3A-5C-73-77-74-6F-72-63-6C-61-73-73-69-63-5C-73-77-74-6F-72-65-6D-75-5C-6E-65-78-75-73-63-6C-69-65-6E-74-5C-6E-65-78-75-73-63-6C-69-65-6E-74-5C-70-6C-61-74-66-6F-72-6D-69-6E-66-6F-2E-64-6C-6C-01-8C-01-60-1D-00-00-00-CF-6E-00-10-02-00-00-00-00-00-2A-63-3A-5C-70-72-6F-67-72-61-6D-20-66-69-6C-65-73-20-28-78-38-36-29-5C-62-6F-6E-6A-6F-75-72-5C-6D-64-6E-73-6E-73-70-2E-64-6C-6C-00
[2026-10-04 14:56:06] TORGameServerPacket: Constructing Packet [WorldNotifyGauntletVersion]
[2026-10-04 14:56:06] TORGameServerPacket: Constructing Packet [WorldShouldSendScriptErrors]
[2026-10-04 14:56:06] TORGameServerPacket: Constructing Packet [TrackingServerInit]
[2026-10-04 14:56:06] TORGameServerPacket: Constructing Packet [GameSystemNotifyID]
[2026-10-04 14:56:06] TORGameServerPacket: Constructing Packet [WorldHackPack]
[2026-10-04 14:56:06] TORGameServerPacket: Constructing Packet [WorldRequestRPC]
[2026-10-04 14:56:06] ModulesList: Sent deferred world startup packets after ModulesList readiness.
[2026-10-04 14:56:06] TORGamePacketHandler: Received a packet [HackNotifyData]
[2026-10-04 14:56:06] TORGamePacketHandler: Received a packet [RepositoryDataReceipt]
[2026-10-04 14:56:06] RepositoryDataReceipt: Repository resource receipt: value=0.
[2026-10-04 14:56:06] TORGamePacketHandler: Received a packet [RepositoryDataReceipt]
[2026-10-04 14:56:06] RepositoryDataReceipt: Repository resource receipt: value=0.
[2026-10-04 14:56:06] TORGamePacketHandler: Received a packet [WorldByteReport]
[2026-10-04 14:56:06] WorldByteReport: World report 8EB28DE9: component=0x65AB0007 bytes=48 words=[20127326,C80DC5E0,44A2E057,D5C84E2B,00000000,00000000,00000000,00000000,00000000,00000000,00000000,00000000] hex=26-73-12-20-E0-C5-0D-C8-57-E0-A2-44-2B-4E-C8-D5-00-00-00-00-00-00-00-00-00-00-00-00-00-00-00-00-00-00-00-00-00-00-00-00-00-00-00-00-00-00-00-00; no synthetic WorldTravelStatus reply sent.
[2026-10-04 14:56:09] TORGamePacketHandler: Received a packet [Ping]
[2026-10-04 14:56:09] TORGameServerPacket: Constructing Packet [Ping]
[2026-10-04 14:56:14] TORGamePacketHandler: Received a packet [Ping]
[2026-10-04 14:56:14] TORGameServerPacket: Constructing Packet [Ping]
[2026-10-04 14:56:19] TORGamePacketHandler: Received a packet [ModulesList]
[2026-10-04 14:56:19] ModulesList: ModulesList: len=12 startupSent=True hex=08-00-00-00-04-00-00-00-00-00-00-00
[2026-10-04 14:56:19] TORGamePacketHandler: Received a packet [WorldByteReport]
[2026-10-04 14:56:19] WorldByteReport: World report 8EB28DE9: component=0x65AB0007 bytes=48 words=[6742622F,08295F04,6E82C6D5,4B66352F,00000000,00000000,00000000,00000000,00000000,00000000,00000000,00000000] hex=2F-62-42-67-04-5F-29-08-D5-C6-82-6E-2F-35-66-4B-00-00-00-00-00-00-00-00-00-00-00-00-00-00-00-00-00-00-00-00-00-00-00-00-00-00-00-00-00-00-00-00; no synthetic WorldTravelStatus reply sent.
[2026-10-04 14:56:19] TORGamePacketHandler: Received a packet [CMsgC26464A9]
[2026-10-04 14:56:19] AreaPollExperiment: AREA-POLL CMsgC26464A9: component=0x65AB0007 len=43 placed=none areaSvc=0 mode=Swallow body=27-00-00-00-9D-90-CC-B1-09-00-00-00-00-00-00-00-00-CE-47-09-D2-17-00-00-00-00-00-00-00-00-CF-AC-41-D7-05-00-00-00-00-00-00-00-00
[2026-10-04 14:56:19] AreaPollExperiment: AREA-POLL CMsgC26464A9: decision=swallowed
[2026-10-04 14:56:19] TORGamePacketHandler: Received a packet [HackNotifyData]
[2026-10-04 14:56:20] TORGamePacketHandler: Received a packet [Ping]
[2026-10-04 14:56:20] TORGameServerPacket: Constructing Packet [Ping]
[2026-10-04 14:56:25] TORGamePacketHandler: Received a packet [Ping]
[2026-10-04 14:56:25] TORGameServerPacket: Constructing Packet [Ping]
[2026-10-04 14:56:30] TORGamePacketHandler: Received a packet [WorldByteReport]
[2026-10-04 14:56:30] WorldByteReport: World report 8EB28DE9: component=0x65AB0007 bytes=48 words=[42086A2E,446D5928,6D600104,71F04AFB,00000000,00000000,00000000,00000000,00000000,00000000,00000000,00000000] hex=2E-6A-08-42-28-59-6D-44-04-01-60-6D-FB-4A-F0-71-00-00-00-00-00-00-00-00-00-00-00-00-00-00-00-00-00-00-00-00-00-00-00-00-00-00-00-00-00-00-00-00; no synthetic WorldTravelStatus reply sent.
[2026-10-04 14:56:30] TORGamePacketHandler: Received a packet [HackNotifyData]
[2026-10-04 14:56:31] TORGamePacketHandler: Received a packet [Ping]
[2026-10-04 14:56:31] TORGameServerPacket: Constructing Packet [Ping]
[2026-10-04 14:56:32] TORGamePacketHandler: Received a packet [ModulesList]
[2026-10-04 14:56:32] ModulesList: ModulesList: len=12 startupSent=True hex=08-00-00-00-04-00-00-00-00-00-00-00
[2026-10-04 14:56:32] TORGamePacketHandler: Received a packet [CMsgC26464A9]
[2026-10-04 14:56:32] AreaPollExperiment: AREA-POLL CMsgC26464A9: component=0x65AB0007 len=43 placed=none areaSvc=0 mode=Swallow body=27-00-00-00-9D-90-CC-B1-0A-00-00-00-00-00-00-00-00-7B-70-AA-55-25-00-00-00-00-00-00-00-00-9D-90-CC-B1-09-00-00-00-00-00-00-00-00
[2026-10-04 14:56:32] AreaPollExperiment: AREA-POLL CMsgC26464A9: decision=swallowed
[2026-10-04 14:56:36] TORGamePacketHandler: Received a packet [Ping]
[2026-10-04 14:56:36] TORGameServerPacket: Constructing Packet [Ping]
[2026-10-04 14:56:41] TORGamePacketHandler: Received a packet [Ping]
[2026-10-04 14:56:41] TORGameServerPacket: Constructing Packet [Ping]
[2026-10-04 14:56:46] TORGamePacketHandler: Received a packet [Ping]
[2026-10-04 14:56:46] TORGameServerPacket: Constructing Packet [Ping]
[2026-10-04 14:56:51] TORGamePacketHandler: Received a packet [Ping]
[2026-10-04 14:56:51] TORGameServerPacket: Constructing Packet [Ping]
[2026-10-04 14:56:57] TORGamePacketHandler: Received a packet [Ping]
[2026-10-04 14:56:57] TORGameServerPacket: Constructing Packet [Ping]
[2026-10-04 14:57:02] TORGamePacketHandler: Received a packet [Ping]
[2026-10-04 14:57:02] TORGameServerPacket: Constructing Packet [Ping]
[2026-10-04 14:57:07] TORGamePacketHandler: Received a packet [Ping]
[2026-10-04 14:57:07] TORGameServerPacket: Constructing Packet [Ping]
[2026-10-04 14:57:12] TORGamePacketHandler: Received a packet [Ping]
[2026-10-04 14:57:12] TORGameServerPacket: Constructing Packet [Ping]
[2026-10-04 14:57:16] TORGamePacketHandler: Received a packet [ModulesList]
[2026-10-04 14:57:16] ModulesList: ModulesList: len=12 startupSent=True hex=08-00-00-00-04-00-00-00-00-00-00-00
[2026-10-04 14:57:16] TORGamePacketHandler: Received a packet [WorldByteReport]
[2026-10-04 14:57:16] WorldByteReport: World report 8EB28DE9: component=0x65AB0007 bytes=48 words=[FEBDA4F0,AE72328D,90FD95FB,6331C33E,00000000,00000000,00000000,00000000,00000000,00000000,00000000,00000000] hex=F0-A4-BD-FE-8D-32-72-AE-FB-95-FD-90-3E-C3-31-63-00-00-00-00-00-00-00-00-00-00-00-00-00-00-00-00-00-00-00-00-00-00-00-00-00-00-00-00-00-00-00-00; no synthetic WorldTravelStatus reply sent.
[2026-10-04 14:57:16] TORGamePacketHandler: Received a packet [CMsgC26464A9]
[2026-10-04 14:57:16] AreaPollExperiment: AREA-POLL CMsgC26464A9: component=0x65AB0007 len=43 placed=none areaSvc=0 mode=Swallow body=27-00-00-00-9D-90-CC-B1-08-00-00-00-00-00-00-00-00-A3-82-FD-6C-11-00-00-00-00-00-00-00-00-A3-82-FD-6C-14-00-00-00-00-00-00-00-00
[2026-10-04 14:57:16] AreaPollExperiment: AREA-POLL CMsgC26464A9: decision=swallowed
[2026-10-04 14:57:16] TORGamePacketHandler: Received a packet [HackNotifyData]
[2026-10-04 14:57:17] TORGamePacketHandler: Received a packet [Ping]
[2026-10-04 14:57:17] TORGameServerPacket: Constructing Packet [Ping]
[2026-10-04 14:57:22] TORGamePacketHandler: Received a packet [Ping]
[2026-10-04 14:57:22] TORGameServerPacket: Constructing Packet [Ping]
[2026-10-04 14:57:26] TORGamePacketHandler: Received a packet [WorldByteReport]
[2026-10-04 14:57:26] WorldByteReport: World report 8EB28DE9: component=0x65AB0007 bytes=48 words=[BAEFBDF1,CAEB7BDD,989F1FE8,6EA6CAB4,00000000,00000000,00000000,00000000,00000000,00000000,00000000,00000000] hex=F1-BD-EF-BA-DD-7B-EB-CA-E8-1F-9F-98-B4-CA-A6-6E-00-00-00-00-00-00-00-00-00-00-00-00-00-00-00-00-00-00-00-00-00-00-00-00-00-00-00-00-00-00-00-00; no synthetic WorldTravelStatus reply sent.
[2026-10-04 14:57:26] TORGamePacketHandler: Received a packet [HackNotifyData]
[2026-10-04 14:57:27] TORGamePacketHandler: Received a packet [Ping]
[2026-10-04 14:57:27] TORGameServerPacket: Constructing Packet [Ping]
[2026-10-04 14:57:28] TORGamePacketHandler: Received a packet [ModulesList]
[2026-10-04 14:57:28] ModulesList: ModulesList: len=12 startupSent=True hex=08-00-00-00-04-00-00-00-00-00-00-00
[2026-10-04 14:57:29] TORGamePacketHandler: Received a packet [CMsgC26464A9]
[2026-10-04 14:57:29] AreaPollExperiment: AREA-POLL CMsgC26464A9: component=0x65AB0007 len=43 placed=none areaSvc=0 mode=Swallow body=27-00-00-00-CD-80-61-31-1E-00-00-00-00-00-00-00-00-CF-AC-41-D7-21-00-00-00-00-00-00-00-00-CF-AC-41-D7-26-00-00-00-00-00-00-00-00
[2026-10-04 14:57:29] AreaPollExperiment: AREA-POLL CMsgC26464A9: decision=swallowed
[2026-10-04 14:57:33] TORGamePacketHandler: Received a packet [Ping]
[2026-10-04 14:57:33] TORGameServerPacket: Constructing Packet [Ping]
[2026-10-04 14:57:37] TORGamePacketHandler: Received a packet [WorldByteReport]
[2026-10-04 14:57:37] WorldByteReport: World report 8EB28DE9: component=0x65AB0007 bytes=48 words=[20107B26,5208561C,66E16057,C8953AB5,00000000,00000000,00000000,00000000,00000000,00000000,00000000,00000000] hex=26-7B-10-20-1C-56-08-52-57-60-E1-66-B5-3A-95-C8-00-00-00-00-00-00-00-00-00-00-00-00-00-00-00-00-00-00-00-00-00-00-00-00-00-00-00-00-00-00-00-00; no synthetic WorldTravelStatus reply sent.
[2026-10-04 14:57:37] TORGamePacketHandler: Received a packet [HackNotifyData]
[2026-10-04 14:57:38] TORGamePacketHandler: Received a packet [Ping]
[2026-10-04 14:57:38] TORGameServerPacket: Constructing Packet [Ping]
[2026-10-04 14:57:39] TORGamePacketHandler: Received a packet [ModulesList]
[2026-10-04 14:57:39] ModulesList: ModulesList: len=12 startupSent=True hex=08-00-00-00-04-00-00-00-00-00-00-00
[2026-10-04 14:57:43] TORGamePacketHandler: Received a packet [CMsgC26464A9]
[2026-10-04 14:57:43] AreaPollExperiment: AREA-POLL CMsgC26464A9: component=0x65AB0007 len=43 placed=none areaSvc=0 mode=Swallow body=27-00-00-00-A3-82-FD-6C-10-00-00-00-00-00-00-00-00-D3-AD-AC-A9-27-00-00-00-00-00-00-00-00-CD-80-61-31-1B-00-00-00-00-00-00-00-00
[2026-10-04 14:57:43] AreaPollExperiment: AREA-POLL CMsgC26464A9: decision=swallowed
[2026-10-04 14:57:43] TORGamePacketHandler: Received a packet [Ping]
[2026-10-04 14:57:43] TORGameServerPacket: Constructing Packet [Ping]
[2026-10-04 14:57:48] TORGamePacketHandler: Received a packet [WorldByteReport]
[2026-10-04 14:57:48] WorldByteReport: World report 8EB28DE9: component=0x65AB0007 bytes=48 words=[62226B07,07841A18,64814646,71ECB11B,1EC4DDFB,EA1490AB,F125EC76,B00AA8D9,1C3E05AB,0004B69D,93452BCC,1432F831] hex=07-6B-22-62-18-1A-84-07-46-46-81-64-1B-B1-EC-71-FB-DD-C4-1E-AB-90-14-EA-76-EC-25-F1-D9-A8-0A-B0-AB-05-3E-1C-9D-B6-04-00-CC-2B-45-93-31-F8-32-14; no synthetic WorldTravelStatus reply sent.
[2026-10-04 14:57:48] TORGamePacketHandler: Received a packet [HackNotifyData]
[2026-10-04 14:57:48] TORGamePacketHandler: Received a packet [Ping]
[2026-10-04 14:57:48] TORGameServerPacket: Constructing Packet [Ping]
[2026-10-04 14:57:51] TORGamePacketHandler: Received a packet [ModulesList]
[2026-10-04 14:57:51] ModulesList: ModulesList: len=12 startupSent=True hex=08-00-00-00-04-00-00-00-00-00-00-00
[2026-10-04 14:57:53] TORGamePacketHandler: Received a packet [Ping]
[2026-10-04 14:57:53] TORGameServerPacket: Constructing Packet [Ping]
[2026-10-04 14:57:56] TORGamePacketHandler: Received a packet [CMsgC26464A9]
[2026-10-04 14:57:56] AreaPollExperiment: AREA-POLL CMsgC26464A9: component=0x65AB0007 len=43 placed=none areaSvc=0 mode=Swallow body=27-00-00-00-9D-90-CC-B1-09-00-00-00-00-00-00-00-00-D3-AD-AC-A9-00-00-00-00-00-00-00-00-00-9D-90-CC-B1-0B-00-00-00-00-00-00-00-00
[2026-10-04 14:57:56] AreaPollExperiment: AREA-POLL CMsgC26464A9: decision=swallowed
[2026-10-04 14:57:57] TORGamePacketHandler: Received a packet [RepositoryDataRequest]
[2026-10-04 14:57:57] TORGameServerPacket: Constructing Packet [RepositoryDataNotFound]
[2026-10-04 14:57:57] RepositoryDataRequest: Repository asset unavailable: request=4, path='/en-us/str/svy/bug/gui.stb'. Returned FQN NOT FOUND; verify the matching local archives.
[2026-10-04 14:57:57] TORGamePacketHandler: Received a packet [RepositoryDataRequest]
[2026-10-04 14:57:57] TORGameServerPacket: Constructing Packet [RepositoryDataNotFound]
[2026-10-04 14:57:57] RepositoryDataRequest: Repository asset unavailable: request=5, path='/en-us/str/svy/cohort/advanced_class.stb'. Returned FQN NOT FOUND; verify the matching local archives.
[2026-10-04 14:57:57] TORGamePacketHandler: Received a packet [RepositoryDataRequest]
[2026-10-04 14:57:57] TORGameServerPacket: Constructing Packet [RepositoryDataNotFound]
[2026-10-04 14:57:57] RepositoryDataRequest: Repository asset unavailable: request=6, path='/en-us/str/svy/cohort/auction_house.stb'. Returned FQN NOT FOUND; verify the matching local archives.
[2026-10-04 14:57:58] TORGamePacketHandler: Received a packet [RepositoryDataRequest]
[2026-10-04 14:57:58] TORGameServerPacket: Constructing Packet [RepositoryDataNotFound]
[2026-10-04 14:57:58] RepositoryDataRequest: Repository asset unavailable: request=7, path='/en-us/str/svy/cohort/class_quest.stb'. Returned FQN NOT FOUND; verify the matching local archives.
[2026-10-04 14:57:58] TORGamePacketHandler: Received a packet [RepositoryDataRequest]
[2026-10-04 14:57:58] TORGameServerPacket: Constructing Packet [RepositoryDataNotFound]
[2026-10-04 14:57:58] RepositoryDataRequest: Repository asset unavailable: request=8, path='/en-us/str/svy/cohort/companion.stb'. Returned FQN NOT FOUND; verify the matching local archives.
[2026-10-04 14:57:58] TORGamePacketHandler: Received a packet [RepositoryDataRequest]
[2026-10-04 14:57:58] TORGameServerPacket: Constructing Packet [RepositoryDataNotFound]
[2026-10-04 14:57:58] RepositoryDataRequest: Repository asset unavailable: request=9, path='/en-us/str/svy/cohort/death.stb'. Returned FQN NOT FOUND; verify the matching local archives.
[2026-10-04 14:57:58] TORGamePacketHandler: Received a packet [RepositoryDataRequest]
[2026-10-04 14:57:58] TORGameServerPacket: Constructing Packet [RepositoryDataNotFound]
[2026-10-04 14:57:58] RepositoryDataRequest: Repository asset unavailable: request=10, path='/en-us/str/svy/cohort/flashpoint.stb'. Returned FQN NOT FOUND; verify the matching local archives.
[2026-10-04 14:57:58] TORGamePacketHandler: Received a packet [RepositoryDataRequest]
[2026-10-04 14:57:58] TORGameServerPacket: Constructing Packet [RepositoryDataNotFound]
[2026-10-04 14:57:58] RepositoryDataRequest: Repository asset unavailable: request=11, path='/en-us/str/svy/cohort/group_composition.stb'. Returned FQN NOT FOUND; verify the matching local archives.
[2026-10-04 14:57:58] TORGamePacketHandler: Received a packet [RepositoryDataRequest]
[2026-10-04 14:57:58] TORGameServerPacket: Constructing Packet [RepositoryDataNotFound]
[2026-10-04 14:57:58] RepositoryDataRequest: Repository asset unavailable: request=12, path='/en-us/str/svy/cohort/heroic_quest.stb'. Returned FQN NOT FOUND; verify the matching local archives.
[2026-10-04 14:57:58] TORGamePacketHandler: Received a packet [RepositoryDataRequest]
[2026-10-04 14:57:58] TORGameServerPacket: Constructing Packet [RepositoryDataNotFound]
[2026-10-04 14:57:58] RepositoryDataRequest: Repository asset unavailable: request=13, path='/en-us/str/svy/cohort/level.stb'. Returned FQN NOT FOUND; verify the matching local archives.
[2026-10-04 14:57:58] TORGamePacketHandler: Received a packet [RepositoryDataRequest]
[2026-10-04 14:57:58] TORGameServerPacket: Constructing Packet [RepositoryDataNotFound]
[2026-10-04 14:57:58] RepositoryDataRequest: Repository asset unavailable: request=14, path='/en-us/str/svy/cohort/map.stb'. Returned FQN NOT FOUND; verify the matching local archives.
[2026-10-04 14:57:58] TORGamePacketHandler: Received a packet [RepositoryDataRequest]
[2026-10-04 14:57:58] TORGameServerPacket: Constructing Packet [RepositoryDataNotFound]
[2026-10-04 14:57:58] RepositoryDataRequest: Repository asset unavailable: request=15, path='/en-us/str/svy/cohort/net_promoter.stb'. Returned FQN NOT FOUND; verify the matching local archives.
[2026-10-04 14:57:58] TORGamePacketHandler: Received a packet [RepositoryDataRequest]
[2026-10-04 14:57:58] TORGameServerPacket: Constructing Packet [RepositoryDataNotFound]
[2026-10-04 14:57:58] RepositoryDataRequest: Repository asset unavailable: request=16, path='/en-us/str/svy/cohort/performance.stb'. Returned FQN NOT FOUND; verify the matching local archives.
[2026-10-04 14:57:58] TORGamePacketHandler: Received a packet [RepositoryDataRequest]
[2026-10-04 14:57:58] TORGameServerPacket: Constructing Packet [RepositoryDataNotFound]
[2026-10-04 14:57:58] RepositoryDataRequest: Repository asset unavailable: request=17, path='/en-us/str/svy/cohort/quest.stb'. Returned FQN NOT FOUND; verify the matching local archives.
[2026-10-04 14:57:58] TORGamePacketHandler: Received a packet [RepositoryDataRequest]
[2026-10-04 14:57:58] TORGameServerPacket: Constructing Packet [RepositoryDataNotFound]
[2026-10-04 14:57:58] RepositoryDataRequest: Repository asset unavailable: request=18, path='/en-us/str/svy/cohort/questabandoned.stb'. Returned FQN NOT FOUND; verify the matching local archives.
[2026-10-04 14:57:58] TORGamePacketHandler: Received a packet [RepositoryDataRequest]
[2026-10-04 14:57:58] TORGameServerPacket: Constructing Packet [RepositoryDataNotFound]
[2026-10-04 14:57:58] RepositoryDataRequest: Repository asset unavailable: request=19, path='/en-us/str/svy/cohort/quit.stb'. Returned FQN NOT FOUND; verify the matching local archives.
[2026-10-04 14:57:58] TORGamePacketHandler: Received a packet [RepositoryDataRequest]
[2026-10-04 14:57:58] TORGameServerPacket: Constructing Packet [RepositoryDataNotFound]
[2026-10-04 14:57:58] RepositoryDataRequest: Repository asset unavailable: request=20, path='/en-us/str/svy/cohort/alpha2/abilities.stb'. Returned FQN NOT FOUND; verify the matching local archives.
[2026-10-04 14:57:58] TORGamePacketHandler: Received a packet [RepositoryDataRequest]
[2026-10-04 14:57:58] TORGameServerPacket: Constructing Packet [RepositoryDataNotFound]
[2026-10-04 14:57:58] RepositoryDataRequest: Repository asset unavailable: request=21, path='/en-us/str/svy/cohort/alpha2/advanced_class.stb'. Returned FQN NOT FOUND; verify the matching local archives.
[2026-10-04 14:57:58] TORGamePacketHandler: Received a packet [RepositoryDataRequest]
[2026-10-04 14:57:58] TORGameServerPacket: Constructing Packet [RepositoryDataNotFound]
[2026-10-04 14:57:58] RepositoryDataRequest: Repository asset unavailable: request=22, path='/en-us/str/svy/cohort/alpha2/advanced_class2.stb'. Returned FQN NOT FOUND; verify the matching local archives.
[2026-10-04 14:57:58] TORGamePacketHandler: Received a packet [RepositoryDataRequest]
[2026-10-04 14:57:58] TORGameServerPacket: Constructing Packet [RepositoryDataNotFound]
[2026-10-04 14:57:58] RepositoryDataRequest: Repository asset unavailable: request=23, path='/en-us/str/svy/cohort/alpha2/calltoarms.stb'. Returned FQN NOT FOUND; verify the matching local archives.
[2026-10-04 14:57:58] TORGamePacketHandler: Received a packet [RepositoryDataRequest]
[2026-10-04 14:57:58] TORGameServerPacket: Constructing Packet [RepositoryDataNotFound]
[2026-10-04 14:57:58] RepositoryDataRequest: Repository asset unavailable: request=24, path='/en-us/str/svy/cohort/alpha2/companion.stb'. Returned FQN NOT FOUND; verify the matching local archives.
[2026-10-04 14:57:58] TORGamePacketHandler: Received a packet [RepositoryDataRequest]
[2026-10-04 14:57:58] TORGameServerPacket: Constructing Packet [RepositoryDataNotFound]
[2026-10-04 14:57:58] RepositoryDataRequest: Repository asset unavailable: request=25, path='/en-us/str/svy/cohort/alpha2/flashpoint.stb'. Returned FQN NOT FOUND; verify the matching local archives.
[2026-10-04 14:57:58] TORGamePacketHandler: Received a packet [RepositoryDataRequest]
[2026-10-04 14:57:58] TORGameServerPacket: Constructing Packet [RepositoryDataNotFound]
[2026-10-04 14:57:58] RepositoryDataRequest: Repository asset unavailable: request=26, path='/en-us/str/svy/cohort/alpha2/grouping.stb'. Returned FQN NOT FOUND; verify the matching local archives.
[2026-10-04 14:57:58] TORGamePacketHandler: Received a packet [RepositoryDataRequest]
[2026-10-04 14:57:58] TORGameServerPacket: Constructing Packet [RepositoryDataNotFound]
[2026-10-04 14:57:58] RepositoryDataRequest: Repository asset unavailable: request=27, path='/en-us/str/svy/cohort/alpha2/heroic_quest.stb'. Returned FQN NOT FOUND; verify the matching local archives.
[2026-10-04 14:57:58] TORGamePacketHandler: Received a packet [RepositoryDataRequest]
[2026-10-04 14:57:58] TORGameServerPacket: Constructing Packet [RepositoryDataNotFound]
[2026-10-04 14:57:59] RepositoryDataRequest: Repository asset unavailable: request=28, path='/en-us/str/svy/cohort/alpha2/heroic_quest2.stb'. Returned FQN NOT FOUND; verify the matching local archives.
[2026-10-04 14:57:59] TORGamePacketHandler: Received a packet [RepositoryDataRequest]
[2026-10-04 14:57:59] TORGameServerPacket: Constructing Packet [RepositoryDataNotFound]
[2026-10-04 14:57:59] RepositoryDataRequest: Repository asset unavailable: request=29, path='/en-us/str/svy/cohort/alpha2/heroic_quest3.stb'. Returned FQN NOT FOUND; verify the matching local archives.
[2026-10-04 14:57:59] TORGamePacketHandler: Received a packet [RepositoryDataRequest]
[2026-10-04 14:57:59] TORGameServerPacket: Constructing Packet [RepositoryDataNotFound]
[2026-10-04 14:57:59] RepositoryDataRequest: Repository asset unavailable: request=30, path='/en-us/str/svy/cohort/alpha2/jediprisoner.stb'. Returned FQN NOT FOUND; verify the matching local archives.
[2026-10-04 14:57:59] TORGamePacketHandler: Received a packet [RepositoryDataRequest]
[2026-10-04 14:57:59] TORGameServerPacket: Constructing Packet [RepositoryDataNotFound]
[2026-10-04 14:57:59] RepositoryDataRequest: Repository asset unavailable: request=31, path='/en-us/str/svy/cohort/alpha2/quit.stb'. Returned FQN NOT FOUND; verify the matching local archives.
[2026-10-04 14:57:59] TORGamePacketHandler: Received a packet [RepositoryDataRequest]
[2026-10-04 14:57:59] TORGameServerPacket: Constructing Packet [RepositoryDataNotFound]
[2026-10-04 14:57:59] RepositoryDataRequest: Repository asset unavailable: request=32, path='/en-us/str/svy/cohort/alpha2/quit2.stb'. Returned FQN NOT FOUND; verify the matching local archives.
[2026-10-04 14:57:59] TORGamePacketHandler: Received a packet [RepositoryDataRequest]
[2026-10-04 14:57:59] TORGameServerPacket: Constructing Packet [RepositoryDataNotFound]
[2026-10-04 14:57:59] RepositoryDataRequest: Repository asset unavailable: request=33, path='/en-us/str/svy/cohort/alpha2/skilltree.stb'. Returned FQN NOT FOUND; verify the matching local archives.
[2026-10-04 14:57:59] TORGamePacketHandler: Received a packet [RepositoryDataRequest]
[2026-10-04 14:57:59] TORGameServerPacket: Constructing Packet [RepositoryDataNotFound]
[2026-10-04 14:57:59] RepositoryDataRequest: Repository asset unavailable: request=34, path='/en-us/str/svy/cohort/alpha2/space_combat.stb'. Returned FQN NOT FOUND; verify the matching local archives.
[2026-10-04 14:57:59] TORGamePacketHandler: Received a packet [RepositoryDataRequest]
[2026-10-04 14:57:59] TORGameServerPacket: Constructing Packet [RepositoryDataNotFound]
[2026-10-04 14:57:59] RepositoryDataRequest: Repository asset unavailable: request=35, path='/en-us/str/svy/cohort/alpha2/warzone.stb'. Returned FQN NOT FOUND; verify the matching local archives.
[2026-10-04 14:57:59] TORGamePacketHandler: Received a packet [RepositoryDataRequest]
[2026-10-04 14:57:59] TORGameServerPacket: Constructing Packet [RepositoryDataNotFound]
[2026-10-04 14:57:59] RepositoryDataRequest: Repository asset unavailable: request=36, path='/en-us/str/svy/cohort/alpha2/levelup/1st_hour.stb'. Returned FQN NOT FOUND; verify the matching local archives.
[2026-10-04 14:57:59] TORGamePacketHandler: Received a packet [RepositoryDataRequest]
[2026-10-04 14:57:59] TORGameServerPacket: Constructing Packet [RepositoryDataNotFound]
[2026-10-04 14:57:59] RepositoryDataRequest: Repository asset unavailable: request=37, path='/en-us/str/svy/cohort/alpha2/levelup/week1.stb'. Returned FQN NOT FOUND; verify the matching local archives.
[2026-10-04 14:57:59] TORGamePacketHandler: Received a packet [RepositoryDataRequest]
[2026-10-04 14:57:59] TORGameServerPacket: Constructing Packet [RepositoryDataNotFound]
[2026-10-04 14:57:59] RepositoryDataRequest: Repository asset unavailable: request=38, path='/en-us/str/svy/cohort/alpha2/levelup/week2a.stb'. Returned FQN NOT FOUND; verify the matching local archives.
[2026-10-04 14:57:59] TORGamePacketHandler: Received a packet [RepositoryDataRequest]
[2026-10-04 14:57:59] TORGameServerPacket: Constructing Packet [RepositoryDataNotFound]
[2026-10-04 14:57:59] RepositoryDataRequest: Repository asset unavailable: request=39, path='/en-us/str/svy/cohort/alpha2/levelup/week2b.stb'. Returned FQN NOT FOUND; verify the matching local archives.
[2026-10-04 14:57:59] TORGamePacketHandler: Received a packet [RepositoryDataRequest]
[2026-10-04 14:57:59] TORGameServerPacket: Constructing Packet [RepositoryDataNotFound]
[2026-10-04 14:57:59] RepositoryDataRequest: Repository asset unavailable: request=40, path='/en-us/str/svy/cohort/alpha2/quest_complete/week1.stb'. Returned FQN NOT FOUND; verify the matching local archives.
[2026-10-04 14:57:59] TORGamePacketHandler: Received a packet [RepositoryDataRequest]
[2026-10-04 14:57:59] TORGameServerPacket: Constructing Packet [RepositoryDataNotFound]
[2026-10-04 14:57:59] RepositoryDataRequest: Repository asset unavailable: request=41, path='/en-us/str/svy/cohort/crewskills/gathering.stb'. Returned FQN NOT FOUND; verify the matching local archives.
[2026-10-04 14:57:59] TORGamePacketHandler: Received a packet [RepositoryDataRequest]
[2026-10-04 14:57:59] TORGameServerPacket: Constructing Packet [RepositoryDataNotFound]
[2026-10-04 14:57:59] RepositoryDataRequest: Repository asset unavailable: request=42, path='/en-us/str/svy/cohort/crewskills/production.stb'. Returned FQN NOT FOUND; verify the matching local archives.
[2026-10-04 14:57:59] TORGamePacketHandler: Received a packet [RepositoryDataRequest]
[2026-10-04 14:57:59] TORGameServerPacket: Constructing Packet [RepositoryDataNotFound]
[2026-10-04 14:57:59] RepositoryDataRequest: Repository asset unavailable: request=43, path='/en-us/str/svy/cohort/levelup/npe.stb'. Returned FQN NOT FOUND; verify the matching local archives.
[2026-10-04 14:57:59] TORGamePacketHandler: Received a packet [RepositoryDataRequest]
[2026-10-04 14:57:59] TORGameServerPacket: Constructing Packet [RepositoryDataNotFound]
[2026-10-04 14:57:59] RepositoryDataRequest: Repository asset unavailable: request=44, path='/en-us/str/svy/cohort/levelup/week1.stb'. Returned FQN NOT FOUND; verify the matching local archives.
[2026-10-04 14:57:59] TORGamePacketHandler: Received a packet [RepositoryDataRequest]
[2026-10-04 14:57:59] TORGameServerPacket: Constructing Packet [RepositoryDataNotFound]
[2026-10-04 14:57:59] RepositoryDataRequest: Repository asset unavailable: request=45, path='/en-us/str/svy/cohort/levelup/week2.stb'. Returned FQN NOT FOUND; verify the matching local archives.
[2026-10-04 14:57:59] TORGamePacketHandler: Received a packet [RepositoryDataRequest]
[2026-10-04 14:57:59] TORGameServerPacket: Constructing Packet [RepositoryDataNotFound]
[2026-10-04 14:57:59] RepositoryDataRequest: Repository asset unavailable: request=46, path='/en-us/str/svy/cohort/levelup/week3.stb'. Returned FQN NOT FOUND; verify the matching local archives.
[2026-10-04 14:57:59] TORGamePacketHandler: Received a packet [RepositoryDataRequest]
[2026-10-04 14:57:59] TORGameServerPacket: Constructing Packet [RepositoryDataNotFound]
[2026-10-04 14:57:59] RepositoryDataRequest: Repository asset unavailable: request=47, path='/en-us/str/svy/cohort/levelup/week4.stb'. Returned FQN NOT FOUND; verify the matching local archives.
[2026-10-04 14:57:59] TORGamePacketHandler: Received a packet [RepositoryDataRequest]
[2026-10-04 14:57:59] TORGameServerPacket: Constructing Packet [RepositoryDataNotFound]
[2026-10-04 14:57:59] RepositoryDataRequest: Repository asset unavailable: request=48, path='/en-us/str/svy/cohort/quest_complete/week1.stb'. Returned FQN NOT FOUND; verify the matching local archives.
[2026-10-04 14:57:59] TORGamePacketHandler: Received a packet [RepositoryDataRequest]
[2026-10-04 14:57:59] TORGameServerPacket: Constructing Packet [RepositoryDataNotFound]
[2026-10-04 14:58:00] RepositoryDataRequest: Repository asset unavailable: request=49, path='/en-us/str/svy/cohort/quest_complete/week2.stb'. Returned FQN NOT FOUND; verify the matching local archives.
[2026-10-04 14:58:00] TORGamePacketHandler: Received a packet [RepositoryDataRequest]
[2026-10-04 14:58:00] TORGameServerPacket: Constructing Packet [RepositoryDataNotFound]
[2026-10-04 14:58:00] RepositoryDataRequest: Repository asset unavailable: request=50, path='/en-us/str/svy/test/bbannon/testsurvey.stb'. Returned FQN NOT FOUND; verify the matching local archives.
[2026-10-04 14:58:00] TORGamePacketHandler: Received a packet [RepositoryDataRequest]
[2026-10-04 14:58:00] TORGameServerPacket: Constructing Packet [RepositoryDataNotFound]
[2026-10-04 14:58:00] RepositoryDataRequest: Repository asset unavailable: request=51, path='/en-us/str/svy/test/bmatt/surevey1.stb'. Returned FQN NOT FOUND; verify the matching local archives.
[2026-10-04 14:58:00] TORGamePacketHandler: Received a packet [RepositoryDataRequest]
[2026-10-04 14:58:00] TORGameServerPacket: Constructing Packet [RepositoryDataNotFound]
[2026-10-04 14:58:00] RepositoryDataRequest: Repository asset unavailable: request=52, path='/en-us/str/svy/test/bmatt/survey2.stb'. Returned FQN NOT FOUND; verify the matching local archives.
[2026-10-04 14:58:00] TORGamePacketHandler: Received a packet [RepositoryDataRequest]
[2026-10-04 14:58:00] TORGameServerPacket: Constructing Packet [RepositoryDataNotFound]
[2026-10-04 14:58:00] RepositoryDataRequest: Repository asset unavailable: request=53, path='/en-us/str/svy/test/bmatt/survey3.stb'. Returned FQN NOT FOUND; verify the matching local archives.
[2026-10-04 14:58:00] TORGamePacketHandler: Received a packet [RepositoryDataReceipt]
[2026-10-04 14:58:00] RepositoryDataReceipt: Repository resource receipt: value=0.
[2026-10-04 14:58:00] TORGamePacketHandler: Received a packet [RepositoryDataReceipt]
[2026-10-04 14:58:00] RepositoryDataReceipt: Repository resource receipt: value=0.
[2026-10-04 14:58:00] TORGamePacketHandler: Received a packet [RepositoryDataReceipt]
[2026-10-04 14:58:00] RepositoryDataReceipt: Repository resource receipt: value=0.
[2026-10-04 14:58:00] TORGamePacketHandler: Received a packet [RepositoryDataReceipt]
[2026-10-04 14:58:00] RepositoryDataReceipt: Repository resource receipt: value=0.
[2026-10-04 14:58:00] TORGamePacketHandler: Received a packet [RepositoryDataReceipt]
[2026-10-04 14:58:00] RepositoryDataReceipt: Repository resource receipt: value=0.
[2026-10-04 14:58:00] TORGamePacketHandler: Received a packet [RepositoryDataReceipt]
[2026-10-04 14:58:00] RepositoryDataReceipt: Repository resource receipt: value=0.
[2026-10-04 14:58:00] TORGamePacketHandler: Received a packet [RepositoryDataReceipt]
[2026-10-04 14:58:00] RepositoryDataReceipt: Repository resource receipt: value=0.
[2026-10-04 14:58:00] TORGamePacketHandler: Received a packet [RepositoryDataReceipt]
[2026-10-04 14:58:00] RepositoryDataReceipt: Repository resource receipt: value=0.
[2026-10-04 14:58:00] TORGamePacketHandler: Received a packet [RepositoryDataReceipt]
[2026-10-04 14:58:00] RepositoryDataReceipt: Repository resource receipt: value=0.
[2026-10-04 14:58:00] TORGamePacketHandler: Received a packet [RepositoryDataReceipt]
[2026-10-04 14:58:00] RepositoryDataReceipt: Repository resource receipt: value=0.
[2026-10-04 14:58:00] TORGamePacketHandler: Received a packet [RepositoryDataReceipt]
[2026-10-04 14:58:00] RepositoryDataReceipt: Repository resource receipt: value=0.
[2026-10-04 14:58:00] TORGamePacketHandler: Received a packet [RepositoryDataReceipt]
[2026-10-04 14:58:00] RepositoryDataReceipt: Repository resource receipt: value=0.
[2026-10-04 14:58:00] TORGamePacketHandler: Received a packet [RepositoryDataReceipt]
[2026-10-04 14:58:00] RepositoryDataReceipt: Repository resource receipt: value=0.
[2026-10-04 14:58:00] TORGamePacketHandler: Received a packet [RepositoryDataReceipt]
[2026-10-04 14:58:00] RepositoryDataReceipt: Repository resource receipt: value=0.
[2026-10-04 14:58:00] TORGamePacketHandler: Received a packet [RepositoryDataReceipt]
[2026-10-04 14:58:00] RepositoryDataReceipt: Repository resource receipt: value=0.
[2026-10-04 14:58:00] TORGamePacketHandler: Received a packet [RepositoryDataReceipt]
[2026-10-04 14:58:00] RepositoryDataReceipt: Repository resource receipt: value=0.
[2026-10-04 14:58:00] TORGamePacketHandler: Received a packet [RepositoryDataReceipt]
[2026-10-04 14:58:00] RepositoryDataReceipt: Repository resource receipt: value=0.
[2026-10-04 14:58:00] TORGamePacketHandler: Received a packet [RepositoryDataReceipt]
[2026-10-04 14:58:00] RepositoryDataReceipt: Repository resource receipt: value=0.
[2026-10-04 14:58:00] TORGamePacketHandler: Received a packet [RepositoryDataReceipt]
[2026-10-04 14:58:00] RepositoryDataReceipt: Repository resource receipt: value=0.
[2026-10-04 14:58:00] TORGamePacketHandler: Received a packet [RepositoryDataReceipt]
[2026-10-04 14:58:00] RepositoryDataReceipt: Repository resource receipt: value=0.
[2026-10-04 14:58:00] TORGamePacketHandler: Received a packet [RepositoryDataReceipt]
[2026-10-04 14:58:00] RepositoryDataReceipt: Repository resource receipt: value=0.
[2026-10-04 14:58:00] TORGamePacketHandler: Received a packet [RepositoryDataReceipt]
[2026-10-04 14:58:00] RepositoryDataReceipt: Repository resource receipt: value=0.
[2026-10-04 14:58:00] TORGamePacketHandler: Received a packet [RepositoryDataReceipt]
[2026-10-04 14:58:00] RepositoryDataReceipt: Repository resource receipt: value=0.
[2026-10-04 14:58:00] TORGamePacketHandler: Received a packet [RepositoryDataReceipt]
[2026-10-04 14:58:00] RepositoryDataReceipt: Repository resource receipt: value=0.
[2026-10-04 14:58:00] TORGamePacketHandler: Received a packet [RepositoryDataReceipt]
[2026-10-04 14:58:00] RepositoryDataReceipt: Repository resource receipt: value=0.
[2026-10-04 14:58:00] TORGamePacketHandler: Received a packet [RepositoryDataReceipt]
[2026-10-04 14:58:01] RepositoryDataReceipt: Repository resource receipt: value=0.
[2026-10-04 14:58:01] TORGamePacketHandler: Received a packet [RepositoryDataReceipt]
[2026-10-04 14:58:01] RepositoryDataReceipt: Repository resource receipt: value=0.
[2026-10-04 14:58:01] TORGamePacketHandler: Received a packet [RepositoryDataReceipt]
[2026-10-04 14:58:01] RepositoryDataReceipt: Repository resource receipt: value=0.
[2026-10-04 14:58:01] TORGamePacketHandler: Received a packet [RepositoryDataReceipt]
[2026-10-04 14:58:01] RepositoryDataReceipt: Repository resource receipt: value=0.
[2026-10-04 14:58:01] TORGamePacketHandler: Received a packet [RepositoryDataReceipt]
[2026-10-04 14:58:01] RepositoryDataReceipt: Repository resource receipt: value=0.
[2026-10-04 14:58:01] TORGamePacketHandler: Received a packet [RepositoryDataReceipt]
[2026-10-04 14:58:01] RepositoryDataReceipt: Repository resource receipt: value=0.
[2026-10-04 14:58:01] TORGamePacketHandler: Received a packet [RepositoryDataReceipt]
[2026-10-04 14:58:01] RepositoryDataReceipt: Repository resource receipt: value=0.
[2026-10-04 14:58:01] TORGamePacketHandler: Received a packet [RepositoryDataReceipt]
[2026-10-04 14:58:01] RepositoryDataReceipt: Repository resource receipt: value=0.
[2026-10-04 14:58:01] TORGamePacketHandler: Received a packet [RepositoryDataReceipt]
[2026-10-04 14:58:01] RepositoryDataReceipt: Repository resource receipt: value=0.
[2026-10-04 14:58:01] TORGamePacketHandler: Received a packet [RepositoryDataReceipt]
[2026-10-04 14:58:01] RepositoryDataReceipt: Repository resource receipt: value=0.
[2026-10-04 14:58:01] TORGamePacketHandler: Received a packet [RepositoryDataReceipt]
[2026-10-04 14:58:01] RepositoryDataReceipt: Repository resource receipt: value=0.
[2026-10-04 14:58:01] TORGamePacketHandler: Received a packet [RepositoryDataReceipt]
[2026-10-04 14:58:01] RepositoryDataReceipt: Repository resource receipt: value=0.
[2026-10-04 14:58:01] TORGamePacketHandler: Received a packet [RepositoryDataReceipt]
[2026-10-04 14:58:01] RepositoryDataReceipt: Repository resource receipt: value=0.
[2026-10-04 14:58:01] TORGamePacketHandler: Received a packet [RepositoryDataReceipt]
[2026-10-04 14:58:01] RepositoryDataReceipt: Repository resource receipt: value=0.
[2026-10-04 14:58:01] TORGamePacketHandler: Received a packet [RepositoryDataReceipt]
[2026-10-04 14:58:01] RepositoryDataReceipt: Repository resource receipt: value=0.
[2026-10-04 14:58:01] TORGamePacketHandler: Received a packet [RepositoryDataReceipt]
[2026-10-04 14:58:01] RepositoryDataReceipt: Repository resource receipt: value=0.
[2026-10-04 14:58:01] TORGamePacketHandler: Received a packet [RepositoryDataReceipt]
[2026-10-04 14:58:01] RepositoryDataReceipt: Repository resource receipt: value=0.
[2026-10-04 14:58:01] TORGamePacketHandler: Received a packet [RepositoryDataReceipt]
[2026-10-04 14:58:01] RepositoryDataReceipt: Repository resource receipt: value=0.
[2026-10-04 14:58:01] TORGamePacketHandler: Received a packet [RepositoryDataReceipt]
[2026-10-04 14:58:01] RepositoryDataReceipt: Repository resource receipt: value=0.
[2026-10-04 14:58:01] TORGamePacketHandler: Received a packet [RepositoryDataReceipt]
[2026-10-04 14:58:01] RepositoryDataReceipt: Repository resource receipt: value=0.
[2026-10-04 14:58:01] TORGamePacketHandler: Received a packet [RepositoryDataReceipt]
[2026-10-04 14:58:01] RepositoryDataReceipt: Repository resource receipt: value=0.
[2026-10-04 14:58:01] TORGamePacketHandler: Received a packet [RepositoryDataReceipt]
[2026-10-04 14:58:01] RepositoryDataReceipt: Repository resource receipt: value=0.
[2026-10-04 14:58:01] TORGamePacketHandler: Received a packet [RepositoryDataReceipt]
[2026-10-04 14:58:01] RepositoryDataReceipt: Repository resource receipt: value=0.
[2026-10-04 14:58:01] TORGamePacketHandler: Received a packet [RepositoryDataReceipt]
[2026-10-04 14:58:01] RepositoryDataReceipt: Repository resource receipt: value=0.
[2026-10-04 14:58:01] TORGamePacketHandler: Received a packet [RepositoryDataReceipt]
[2026-10-04 14:58:01] RepositoryDataReceipt: Repository resource receipt: value=0.
[2026-10-04 14:58:01] TORGamePacketHandler: Received a packet [RepositoryDataRequest]
[2026-10-04 14:58:01] TORGameServerPacket: Constructing Packet [RepositoryDataNotFound]
[2026-10-04 14:58:01] RepositoryDataRequest: Repository asset unavailable: request=54, path='/en-us/str/svy/test/damion/test.stb'. Returned FQN NOT FOUND; verify the matching local archives.
[2026-10-04 14:58:01] TORGamePacketHandler: Received a packet [RepositoryDataRequest]
[2026-10-04 14:58:01] TORGameServerPacket: Constructing Packet [RepositoryDataNotFound]
[2026-10-04 14:58:01] RepositoryDataRequest: Repository asset unavailable: request=55, path='/en-us/str/svy/test/damion/test2.stb'. Returned FQN NOT FOUND; verify the matching local archives.
[2026-10-04 14:58:01] TORGamePacketHandler: Received a packet [RepositoryDataRequest]
[2026-10-04 14:58:01] TORGameServerPacket: Constructing Packet [RepositoryDataNotFound]
[2026-10-04 14:58:01] RepositoryDataRequest: Repository asset unavailable: request=56, path='/en-us/str/svy/test/damion/test3.stb'. Returned FQN NOT FOUND; verify the matching local archives.
[2026-10-04 14:58:01] TORGamePacketHandler: Received a packet [RepositoryDataRequest]
[2026-10-04 14:58:01] TORGameServerPacket: Constructing Packet [RepositoryDataNotFound]
[2026-10-04 14:58:01] RepositoryDataRequest: Repository asset unavailable: request=57, path='/en-us/str/svy/test/jwalker/surveywithstrings.stb'. Returned FQN NOT FOUND; verify the matching local archives.
[2026-10-04 14:58:01] TORGamePacketHandler: Received a packet [RepositoryDataRequest]
[2026-10-04 14:58:01] TORGameServerPacket: Constructing Packet [RepositoryDataNotFound]
[2026-10-04 14:58:01] RepositoryDataRequest: Repository asset unavailable: request=58, path='/en-us/str/svy/test/qa/he8/jgibbs/test_survey01.stb'. Returned FQN NOT FOUND; verify the matching local archives.
[2026-10-04 14:58:02] TORGamePacketHandler: Received a packet [RepositoryDataRequest]
[2026-10-04 14:58:02] TORGameServerPacket: Constructing Packet [RepositoryDataNotFound]
[2026-10-04 14:58:02] RepositoryDataRequest: Repository asset unavailable: request=59, path='/en-us/str/svy/test/qa/jkoch/he15/test.stb'. Returned FQN NOT FOUND; verify the matching local archives.
[2026-10-04 14:58:02] TORGamePacketHandler: Received a packet [RepositoryDataRequest]
[2026-10-04 14:58:02] TORGameServerPacket: Constructing Packet [RepositoryDataNotFound]
[2026-10-04 14:58:02] RepositoryDataRequest: Repository asset unavailable: request=60, path='/en-us/str/svy/test/qa/sperasoft/itsinovkin/test.stb'. Returned FQN NOT FOUND; verify the matching local archives.
[2026-10-04 14:58:02] TORGamePacketHandler: Received a packet [Ping]
[2026-10-04 14:58:02] TORGameServerPacket: Constructing Packet [Ping]
[2026-10-04 14:58:02] TORGamePacketHandler: Received a packet [WorldByteReport]
[2026-10-04 14:58:02] WorldByteReport: World report 8EB28DE9: component=0x65AB0007 bytes=48 words=[0568532F,3C2517AC,4F284095,73DD7563,1EC4DDFB,EA1490AB,F125EC76,B00AA8D9,1C3E05AB,0004B69D,93452BCC,1432F831] hex=2F-53-68-05-AC-17-25-3C-95-40-28-4F-63-75-DD-73-FB-DD-C4-1E-AB-90-14-EA-76-EC-25-F1-D9-A8-0A-B0-AB-05-3E-1C-9D-B6-04-00-CC-2B-45-93-31-F8-32-14; no synthetic WorldTravelStatus reply sent.
[2026-10-04 14:58:02] TORGamePacketHandler: Received a packet [HackNotifyData]
[2026-10-04 14:58:02] TORGamePacketHandler: Received a packet [RepositoryDataReceipt]
[2026-10-04 14:58:02] RepositoryDataReceipt: Repository resource receipt: value=0.
[2026-10-04 14:58:02] TORGamePacketHandler: Received a packet [RepositoryDataReceipt]
[2026-10-04 14:58:02] RepositoryDataReceipt: Repository resource receipt: value=0.
[2026-10-04 14:58:02] TORGamePacketHandler: Received a packet [RepositoryDataReceipt]
[2026-10-04 14:58:02] RepositoryDataReceipt: Repository resource receipt: value=0.
[2026-10-04 14:58:02] TORGamePacketHandler: Received a packet [RepositoryDataReceipt]
[2026-10-04 14:58:02] RepositoryDataReceipt: Repository resource receipt: value=0.
[2026-10-04 14:58:02] TORGamePacketHandler: Received a packet [RepositoryDataReceipt]
[2026-10-04 14:58:02] RepositoryDataReceipt: Repository resource receipt: value=0.
[2026-10-04 14:58:02] TORGamePacketHandler: Received a packet [RepositoryDataReceipt]
[2026-10-04 14:58:02] RepositoryDataReceipt: Repository resource receipt: value=0.
[2026-10-04 14:58:02] TORGamePacketHandler: Received a packet [RepositoryDataReceipt]
[2026-10-04 14:58:02] RepositoryDataReceipt: Repository resource receipt: value=0.
[2026-10-04 14:58:03] TORGamePacketHandler: Received a packet [ModulesList]
[2026-10-04 14:58:03] ModulesList: ModulesList: len=12 startupSent=True hex=08-00-00-00-04-00-00-00-00-00-00-00
[2026-10-04 14:58:03] TORGamePacketHandler: Received a packet [Ping]
[2026-10-04 14:58:03] TORGameServerPacket: Constructing Packet [Ping]
[2026-10-04 14:58:09] TORGamePacketHandler: Received a packet [Ping]
[2026-10-04 14:58:09] TORGameServerPacket: Constructing Packet [Ping]
[2026-10-04 14:58:09] TORGamePacketHandler: Received a packet [CMsgC26464A9]
[2026-10-04 14:58:09] AreaPollExperiment: AREA-POLL CMsgC26464A9: component=0x65AB0007 len=43 placed=none areaSvc=0 mode=Swallow body=27-00-00-00-CF-AC-41-D7-24-00-00-00-00-00-00-00-00-CF-AC-41-D7-0E-00-00-00-00-00-00-00-00-CF-AC-41-D7-02-00-00-00-00-00-00-00-00
[2026-10-04 14:58:09] AreaPollExperiment: AREA-POLL CMsgC26464A9: decision=swallowed
[2026-10-04 14:58:11] TORGamePacketHandler: Received a packet [WorldByteReport]
[2026-10-04 14:58:11] WorldByteReport: World report 8EB28DE9: component=0x65AB0007 bytes=48 words=[BEF79CF0,E85B2887,B96DF6BA,0F15C44E,1EC4DDFB,EA1490AB,F125EC76,B00AA8D9,1C3E05AB,0004B69D,93452BCC,1432F831] hex=F0-9C-F7-BE-87-28-5B-E8-BA-F6-6D-B9-4E-C4-15-0F-FB-DD-C4-1E-AB-90-14-EA-76-EC-25-F1-D9-A8-0A-B0-AB-05-3E-1C-9D-B6-04-00-CC-2B-45-93-31-F8-32-14; no synthetic WorldTravelStatus reply sent.
[2026-10-04 14:58:11] TORGamePacketHandler: Received a packet [HackNotifyData]
[2026-10-04 14:58:14] TORGamePacketHandler: Received a packet [Ping]
[2026-10-04 14:58:14] TORGameServerPacket: Constructing Packet [Ping]
[2026-10-04 14:58:16] TORGamePacketHandler: Received a packet [ModulesList]
[2026-10-04 14:58:16] ModulesList: ModulesList: len=12 startupSent=True hex=08-00-00-00-04-00-00-00-00-00-00-00
[2026-10-04 14:58:19] TORGamePacketHandler: Received a packet [Ping]
[2026-10-04 14:58:19] TORGameServerPacket: Constructing Packet [Ping]
[2026-10-04 14:58:21] TORGamePacketHandler: Received a packet [WorldByteReport]
[2026-10-04 14:58:21] WorldByteReport: World report 8EB28DE9: component=0x65AB0007 bytes=48 words=[004A5206,9885D6CC,6CC08817,89CF7EE1,1EC4DDFB,EA1490AB,F125EC76,B00AA8D9,1C3E05AB,0004B69D,93452BCC,1432F831] hex=06-52-4A-00-CC-D6-85-98-17-88-C0-6C-E1-7E-CF-89-FB-DD-C4-1E-AB-90-14-EA-76-EC-25-F1-D9-A8-0A-B0-AB-05-3E-1C-9D-B6-04-00-CC-2B-45-93-31-F8-32-14; no synthetic WorldTravelStatus reply sent.
[2026-10-04 14:58:21] TORGamePacketHandler: Received a packet [HackNotifyData]
[2026-10-04 14:58:22] TORGamePacketHandler: Received a packet [CMsgC26464A9]
[2026-10-04 14:58:22] AreaPollExperiment: AREA-POLL CMsgC26464A9: component=0x65AB0007 len=43 placed=none areaSvc=0 mode=Swallow body=27-00-00-00-CE-47-09-D2-17-00-00-00-00-00-00-00-00-CF-AC-41-D7-06-00-00-00-00-00-00-00-00-CD-80-61-31-1E-00-00-00-00-00-00-00-00
[2026-10-04 14:58:22] AreaPollExperiment: AREA-POLL CMsgC26464A9: decision=swallowed
[2026-10-04 14:58:24] TORGamePacketHandler: Received a packet [Ping]
[2026-10-04 14:58:24] TORGameServerPacket: Constructing Packet [Ping]
[2026-10-04 14:58:28] TORGamePacketHandler: Received a packet [ModulesList]
[2026-10-04 14:58:28] ModulesList: ModulesList: len=12 startupSent=True hex=08-00-00-00-04-00-00-00-00-00-00-00
[2026-10-04 14:58:29] TORGamePacketHandler: Received a packet [Ping]
[2026-10-04 14:58:29] TORGameServerPacket: Constructing Packet [Ping]
[2026-10-04 14:58:32] TORGamePacketHandler: Received a packet [WorldByteReport]
[2026-10-04 14:58:32] WorldByteReport: World report 8EB28DE9: component=0x65AB0007 bytes=48 words=[98B59CF8,F73A6795,939DD5E9,4F02F15A,1EC4DDFB,EA1490AB,F125EC76,B00AA8D9,1C3E05AB,0004B69D,93452BCC,1432F831] hex=F8-9C-B5-98-95-67-3A-F7-E9-D5-9D-93-5A-F1-02-4F-FB-DD-C4-1E-AB-90-14-EA-76-EC-25-F1-D9-A8-0A-B0-AB-05-3E-1C-9D-B6-04-00-CC-2B-45-93-31-F8-32-14; no synthetic WorldTravelStatus reply sent.
[2026-10-04 14:58:32] TORGamePacketHandler: Received a packet [HackNotifyData]
[2026-10-04 14:58:32] TORGamePacketHandler: Received a packet [RepositoryDataRequest]
[2026-10-04 14:58:32] TORGameServerPacket: Constructing Packet [RepositoryDataNotFound]
[2026-10-04 14:58:32] RepositoryDataRequest: Repository asset unavailable: request=61, path='/en-us/str/test/abl.stb'. Returned FQN NOT FOUND; verify the matching local archives.
[2026-10-04 14:58:32] TORGamePacketHandler: Received a packet [RepositoryDataRequest]
[2026-10-04 14:58:32] TORGameServerPacket: Constructing Packet [RepositoryDataNotFound]
[2026-10-04 14:58:32] RepositoryDataRequest: Repository asset unavailable: request=62, path='/en-us/str/test/cdx.stb'. Returned FQN NOT FOUND; verify the matching local archives.
[2026-10-04 14:58:32] TORGamePacketHandler: Received a packet [RepositoryDataRequest]
[2026-10-04 14:58:32] TORGameServerPacket: Constructing Packet [RepositoryDataNotFound]
[2026-10-04 14:58:32] RepositoryDataRequest: Repository asset unavailable: request=63, path='/en-us/str/test/itm.stb'. Returned FQN NOT FOUND; verify the matching local archives.
[2026-10-04 14:58:32] TORGamePacketHandler: Received a packet [RepositoryDataRequest]
[2026-10-04 14:58:32] TORGameServerPacket: Constructing Packet [RepositoryDataNotFound]
[2026-10-04 14:58:32] RepositoryDataRequest: Repository asset unavailable: request=64, path='/en-us/str/test/mpn.stb'. Returned FQN NOT FOUND; verify the matching local archives.
[2026-10-04 14:58:32] TORGamePacketHandler: Received a packet [RepositoryDataRequest]
[2026-10-04 14:58:32] TORGameServerPacket: Constructing Packet [RepositoryDataNotFound]
[2026-10-04 14:58:32] RepositoryDataRequest: Repository asset unavailable: request=65, path='/en-us/str/test/npc.stb'. Returned FQN NOT FOUND; verify the matching local archives.
[2026-10-04 14:58:32] TORGamePacketHandler: Received a packet [RepositoryDataRequest]
[2026-10-04 14:58:32] TORGameServerPacket: Constructing Packet [RepositoryDataNotFound]
[2026-10-04 14:58:32] RepositoryDataRequest: Repository asset unavailable: request=66, path='/en-us/str/test/pcs.stb'. Returned FQN NOT FOUND; verify the matching local archives.
[2026-10-04 14:58:32] TORGamePacketHandler: Received a packet [RepositoryDataRequest]
[2026-10-04 14:58:32] TORGameServerPacket: Constructing Packet [RepositoryDataNotFound]
[2026-10-04 14:58:32] RepositoryDataRequest: Repository asset unavailable: request=67, path='/en-us/str/test/plc.stb'. Returned FQN NOT FOUND; verify the matching local archives.
[2026-10-04 14:58:33] TORGamePacketHandler: Received a packet [RepositoryDataRequest]
[2026-10-04 14:58:33] TORGameServerPacket: Constructing Packet [RepositoryDataNotFound]
[2026-10-04 14:58:33] RepositoryDataRequest: Repository asset unavailable: request=68, path='/en-us/str/test/qa/bchafin.stb'. Returned FQN NOT FOUND; verify the matching local archives.
[2026-10-04 14:58:33] TORGamePacketHandler: Received a packet [RepositoryDataRequest]
[2026-10-04 14:58:33] TORGameServerPacket: Constructing Packet [RepositoryDataNotFound]
[2026-10-04 14:58:33] RepositoryDataRequest: Repository asset unavailable: request=69, path='/en-us/str/test/qa/bvt_22412.stb'. Returned FQN NOT FOUND; verify the matching local archives.
[2026-10-04 14:58:33] TORGamePacketHandler: Received a packet [RepositoryDataRequest]
[2026-10-04 14:58:33] TORGameServerPacket: Constructing Packet [RepositoryDataNotFound]
[2026-10-04 14:58:33] RepositoryDataRequest: Repository asset unavailable: request=70, path='/en-us/str/test/qa/emulkey/smoketest.stb'. Returned FQN NOT FOUND; verify the matching local archives.
[2026-10-04 14:58:33] TORGamePacketHandler: Received a packet [RepositoryDataRequest]
[2026-10-04 14:58:33] TORGameServerPacket: Constructing Packet [RepositoryDataNotFound]
[2026-10-04 14:58:33] RepositoryDataRequest: Repository asset unavailable: request=71, path='/en-us/str/test/qa/emulkey/smoketest02.stb'. Returned FQN NOT FOUND; verify the matching local archives.
[2026-10-04 14:58:33] TORGamePacketHandler: Received a packet [RepositoryDataRequest]
[2026-10-04 14:58:33] TORGameServerPacket: Constructing Packet [RepositoryDataNotFound]
[2026-10-04 14:58:33] RepositoryDataRequest: Repository asset unavailable: request=72, path='/en-us/str/test/qa/fparker/bvt_09mar2012.stb'. Returned FQN NOT FOUND; verify the matching local archives.
[2026-10-04 14:58:33] TORGamePacketHandler: Received a packet [RepositoryDataRequest]
[2026-10-04 14:58:33] TORGameServerPacket: Constructing Packet [RepositoryDataNotFound]
[2026-10-04 14:58:33] RepositoryDataRequest: Repository asset unavailable: request=73, path='/en-us/str/test/qa/ggarret/bvt_10nov2011.stb'. Returned FQN NOT FOUND; verify the matching local archives.
[2026-10-04 14:58:33] TORGamePacketHandler: Received a packet [RepositoryDataRequest]
[2026-10-04 14:58:33] TORGameServerPacket: Constructing Packet [RepositoryDataNotFound]
[2026-10-04 14:58:33] RepositoryDataRequest: Repository asset unavailable: request=74, path='/en-us/str/test/qa/ggarret/bvt_29oct2011.stb'. Returned FQN NOT FOUND; verify the matching local archives.
[2026-10-04 14:58:33] TORGamePacketHandler: Received a packet [RepositoryDataRequest]
[2026-10-04 14:58:33] TORGameServerPacket: Constructing Packet [RepositoryDataNotFound]
[2026-10-04 14:58:33] RepositoryDataRequest: Repository asset unavailable: request=75, path='/en-us/str/test/qa/ggarrett/bvt_14jan2012.stb'. Returned FQN NOT FOUND; verify the matching local archives.
[2026-10-04 14:58:33] TORGamePacketHandler: Received a packet [RepositoryDataRequest]
[2026-10-04 14:58:33] TORGameServerPacket: Constructing Packet [RepositoryDataNotFound]
[2026-10-04 14:58:33] RepositoryDataRequest: Repository asset unavailable: request=76, path='/en-us/str/test/qa/ggarrett/bvt_15dec2011.stb'. Returned FQN NOT FOUND; verify the matching local archives.
[2026-10-04 14:58:33] TORGamePacketHandler: Received a packet [RepositoryDataRequest]
[2026-10-04 14:58:33] TORGameServerPacket: Constructing Packet [RepositoryDataNotFound]
[2026-10-04 14:58:33] RepositoryDataRequest: Repository asset unavailable: request=77, path='/en-us/str/test/qa/ggarrett/bvt_17nov2011.stb'. Returned FQN NOT FOUND; verify the matching local archives.
[2026-10-04 14:58:33] TORGamePacketHandler: Received a packet [RepositoryDataRequest]
[2026-10-04 14:58:33] TORGameServerPacket: Constructing Packet [RepositoryDataNotFound]
[2026-10-04 14:58:33] RepositoryDataRequest: Repository asset unavailable: request=78, path='/en-us/str/test/qa/ggarrett/bvt_1dec2011.stb'. Returned FQN NOT FOUND; verify the matching local archives.
[2026-10-04 14:58:33] TORGamePacketHandler: Received a packet [RepositoryDataRequest]
[2026-10-04 14:58:33] TORGameServerPacket: Constructing Packet [RepositoryDataNotFound]
[2026-10-04 14:58:33] RepositoryDataRequest: Repository asset unavailable: request=79, path='/en-us/str/test/qa/ggarrett/bvt_20jan2011.stb'. Returned FQN NOT FOUND; verify the matching local archives.
[2026-10-04 14:58:33] TORGamePacketHandler: Received a packet [RepositoryDataRequest]
[2026-10-04 14:58:33] TORGameServerPacket: Constructing Packet [RepositoryDataNotFound]
[2026-10-04 14:58:33] RepositoryDataRequest: Repository asset unavailable: request=80, path='/en-us/str/test/qa/ggarrett/bvt_22dec2011.stb'. Returned FQN NOT FOUND; verify the matching local archives.
[2026-10-04 14:58:33] TORGamePacketHandler: Received a packet [RepositoryDataRequest]
[2026-10-04 14:58:33] TORGameServerPacket: Constructing Packet [RepositoryDataNotFound]
[2026-10-04 14:58:33] RepositoryDataRequest: Repository asset unavailable: request=81, path='/en-us/str/test/qa/ggarrett/bvt_27_jan2012.stb'. Returned FQN NOT FOUND; verify the matching local archives.
[2026-10-04 14:58:33] TORGamePacketHandler: Received a packet [RepositoryDataRequest]
[2026-10-04 14:58:33] TORGameServerPacket: Constructing Packet [RepositoryDataNotFound]
[2026-10-04 14:58:33] RepositoryDataRequest: Repository asset unavailable: request=82, path='/en-us/str/test/qa/ggarrett/bvt_29nov2011.stb'. Returned FQN NOT FOUND; verify the matching local archives.
[2026-10-04 14:58:33] TORGamePacketHandler: Received a packet [RepositoryDataRequest]
[2026-10-04 14:58:33] TORGameServerPacket: Constructing Packet [RepositoryDataNotFound]
[2026-10-04 14:58:33] RepositoryDataRequest: Repository asset unavailable: request=83, path='/en-us/str/test/qa/ggarrett/bvt_2feb2012.stb'. Returned FQN NOT FOUND; verify the matching local archives.
[2026-10-04 14:58:33] TORGamePacketHandler: Received a packet [RepositoryDataRequest]
[2026-10-04 14:58:33] TORGameServerPacket: Constructing Packet [RepositoryDataNotFound]
[2026-10-04 14:58:33] RepositoryDataRequest: Repository asset unavailable: request=84, path='/en-us/str/test/qa/ggarrett/bvt_5jan2012.stb'. Returned FQN NOT FOUND; verify the matching local archives.
[2026-10-04 14:58:33] TORGamePacketHandler: Received a packet [RepositoryDataRequest]
[2026-10-04 14:58:33] TORGameServerPacket: Constructing Packet [RepositoryDataNotFound]
[2026-10-04 14:58:33] RepositoryDataRequest: Repository asset unavailable: request=85, path='/en-us/str/test/qa/ggarrett/bvt_9dec2011.stb'. Returned FQN NOT FOUND; verify the matching local archives.
[2026-10-04 14:58:33] TORGamePacketHandler: Received a packet [RepositoryDataRequest]
[2026-10-04 14:58:33] TORGameServerPacket: Constructing Packet [RepositoryDataNotFound]
[2026-10-04 14:58:33] RepositoryDataRequest: Repository asset unavailable: request=86, path='/en-us/str/test/qa/jsklarew/bvt/bvt_02162012.stb'. Returned FQN NOT FOUND; verify the matching local archives.
[2026-10-04 14:58:33] TORGamePacketHandler: Received a packet [RepositoryDataRequest]
[2026-10-04 14:58:33] TORGameServerPacket: Constructing Packet [RepositoryDataNotFound]
[2026-10-04 14:58:33] RepositoryDataRequest: Repository asset unavailable: request=87, path='/en-us/str/test/qa/jsklarew/bvt/bvt_02242012.stb'. Returned FQN NOT FOUND; verify the matching local archives.
[2026-10-04 14:58:33] TORGamePacketHandler: Received a packet [RepositoryDataRequest]
[2026-10-04 14:58:33] TORGameServerPacket: Constructing Packet [RepositoryDataNotFound]
[2026-10-04 14:58:33] RepositoryDataRequest: Repository asset unavailable: request=88, path='/en-us/str/test/qa/mhadley.stb'. Returned FQN NOT FOUND; verify the matching local archives.
[2026-10-04 14:58:33] TORGamePacketHandler: Received a packet [RepositoryDataRequest]
[2026-10-04 14:58:34] TORGameServerPacket: Constructing Packet [RepositoryDataNotFound]
[2026-10-04 14:58:34] RepositoryDataRequest: Repository asset unavailable: request=89, path='/en-us/str/test/qst.stb'. Returned FQN NOT FOUND; verify the matching local archives.
[2026-10-04 14:58:34] TORGamePacketHandler: Received a packet [RepositoryDataRequest]
[2026-10-04 14:58:34] TORGameServerPacket: Constructing Packet [RepositoryDataNotFound]
[2026-10-04 14:58:34] RepositoryDataRequest: Repository asset unavailable: request=90, path='/en-us/str/test/rdd.stb'. Returned FQN NOT FOUND; verify the matching local archives.
[2026-10-04 14:58:34] TORGamePacketHandler: Received a packet [RepositoryDataRequest]
[2026-10-04 14:58:34] TORGameServerPacket: Constructing Packet [RepositoryDataNotFound]
[2026-10-04 14:58:34] RepositoryDataRequest: Repository asset unavailable: request=91, path='/en-us/str/test/svy.stb'. Returned FQN NOT FOUND; verify the matching local archives.
[2026-10-04 14:58:34] TORGamePacketHandler: Received a packet [RepositoryDataReceipt]
[2026-10-04 14:58:34] RepositoryDataReceipt: Repository resource receipt: value=0.
[2026-10-04 14:58:34] TORGamePacketHandler: Received a packet [RepositoryDataReceipt]
[2026-10-04 14:58:34] RepositoryDataReceipt: Repository resource receipt: value=0.
[2026-10-04 14:58:34] TORGamePacketHandler: Received a packet [RepositoryDataReceipt]
[2026-10-04 14:58:34] RepositoryDataReceipt: Repository resource receipt: value=0.
[2026-10-04 14:58:34] TORGamePacketHandler: Received a packet [RepositoryDataReceipt]
[2026-10-04 14:58:34] RepositoryDataReceipt: Repository resource receipt: value=0.
[2026-10-04 14:58:34] TORGamePacketHandler: Received a packet [RepositoryDataReceipt]
[2026-10-04 14:58:34] RepositoryDataReceipt: Repository resource receipt: value=0.
[2026-10-04 14:58:34] TORGamePacketHandler: Received a packet [RepositoryDataReceipt]
[2026-10-04 14:58:34] RepositoryDataReceipt: Repository resource receipt: value=0.
[2026-10-04 14:58:34] TORGamePacketHandler: Received a packet [RepositoryDataReceipt]
[2026-10-04 14:58:34] RepositoryDataReceipt: Repository resource receipt: value=0.
[2026-10-04 14:58:34] TORGamePacketHandler: Received a packet [RepositoryDataReceipt]
[2026-10-04 14:58:34] RepositoryDataReceipt: Repository resource receipt: value=0.
[2026-10-04 14:58:34] TORGamePacketHandler: Received a packet [RepositoryDataReceipt]
[2026-10-04 14:58:34] RepositoryDataReceipt: Repository resource receipt: value=0.
[2026-10-04 14:58:34] TORGamePacketHandler: Received a packet [RepositoryDataReceipt]
[2026-10-04 14:58:34] RepositoryDataReceipt: Repository resource receipt: value=0.
[2026-10-04 14:58:34] TORGamePacketHandler: Received a packet [RepositoryDataReceipt]
[2026-10-04 14:58:34] RepositoryDataReceipt: Repository resource receipt: value=0.
[2026-10-04 14:58:34] TORGamePacketHandler: Received a packet [RepositoryDataReceipt]
[2026-10-04 14:58:34] RepositoryDataReceipt: Repository resource receipt: value=0.
[2026-10-04 14:58:34] TORGamePacketHandler: Received a packet [RepositoryDataReceipt]
[2026-10-04 14:58:34] RepositoryDataReceipt: Repository resource receipt: value=0.
[2026-10-04 14:58:34] TORGamePacketHandler: Received a packet [RepositoryDataReceipt]
[2026-10-04 14:58:34] RepositoryDataReceipt: Repository resource receipt: value=0.
[2026-10-04 14:58:34] TORGamePacketHandler: Received a packet [RepositoryDataReceipt]
[2026-10-04 14:58:34] RepositoryDataReceipt: Repository resource receipt: value=0.
[2026-10-04 14:58:34] TORGamePacketHandler: Received a packet [RepositoryDataReceipt]
[2026-10-04 14:58:34] RepositoryDataReceipt: Repository resource receipt: value=0.
[2026-10-04 14:58:34] TORGamePacketHandler: Received a packet [RepositoryDataReceipt]
[2026-10-04 14:58:34] RepositoryDataReceipt: Repository resource receipt: value=0.
[2026-10-04 14:58:34] TORGamePacketHandler: Received a packet [RepositoryDataReceipt]
[2026-10-04 14:58:34] RepositoryDataReceipt: Repository resource receipt: value=0.
[2026-10-04 14:58:34] TORGamePacketHandler: Received a packet [RepositoryDataReceipt]
[2026-10-04 14:58:34] RepositoryDataReceipt: Repository resource receipt: value=0.
[2026-10-04 14:58:34] TORGamePacketHandler: Received a packet [RepositoryDataReceipt]
[2026-10-04 14:58:34] RepositoryDataReceipt: Repository resource receipt: value=0.
[2026-10-04 14:58:34] TORGamePacketHandler: Received a packet [RepositoryDataReceipt]
[2026-10-04 14:58:34] RepositoryDataReceipt: Repository resource receipt: value=0.
[2026-10-04 14:58:34] TORGamePacketHandler: Received a packet [RepositoryDataReceipt]
[2026-10-04 14:58:34] RepositoryDataReceipt: Repository resource receipt: value=0.
[2026-10-04 14:58:34] TORGamePacketHandler: Received a packet [RepositoryDataReceipt]
[2026-10-04 14:58:34] RepositoryDataReceipt: Repository resource receipt: value=0.
[2026-10-04 14:58:34] TORGamePacketHandler: Received a packet [RepositoryDataReceipt]
[2026-10-04 14:58:34] RepositoryDataReceipt: Repository resource receipt: value=0.
[2026-10-04 14:58:34] TORGamePacketHandler: Received a packet [RepositoryDataReceipt]
[2026-10-04 14:58:34] RepositoryDataReceipt: Repository resource receipt: value=0.
[2026-10-04 14:58:34] TORGamePacketHandler: Received a packet [RepositoryDataReceipt]
[2026-10-04 14:58:34] RepositoryDataReceipt: Repository resource receipt: value=0.
[2026-10-04 14:58:34] TORGamePacketHandler: Received a packet [RepositoryDataReceipt]
[2026-10-04 14:58:34] RepositoryDataReceipt: Repository resource receipt: value=0.
[2026-10-04 14:58:34] TORGamePacketHandler: Received a packet [RepositoryDataReceipt]
[2026-10-04 14:58:34] RepositoryDataReceipt: Repository resource receipt: value=0.
[2026-10-04 14:58:35] TORGamePacketHandler: Received a packet [RepositoryDataReceipt]
[2026-10-04 14:58:35] RepositoryDataReceipt: Repository resource receipt: value=0.
[2026-10-04 14:58:35] TORGamePacketHandler: Received a packet [RepositoryDataReceipt]
[2026-10-04 14:58:35] RepositoryDataReceipt: Repository resource receipt: value=0.
[2026-10-04 14:58:35] TORGamePacketHandler: Received a packet [RepositoryDataReceipt]
[2026-10-04 14:58:35] RepositoryDataReceipt: Repository resource receipt: value=0.
[2026-10-04 14:58:35] TORGamePacketHandler: Received a packet [Ping]
[2026-10-04 14:58:35] TORGameServerPacket: Constructing Packet [Ping]
[2026-10-04 14:58:35] TORGamePacketHandler: Received a packet [CMsgC26464A9]
[2026-10-04 14:58:35] AreaPollExperiment: AREA-POLL CMsgC26464A9: component=0x65AB0007 len=43 placed=none areaSvc=0 mode=Swallow body=27-00-00-00-CD-80-61-31-1C-00-00-00-00-00-00-00-00-A3-82-FD-6C-12-00-00-00-00-00-00-00-00-CD-80-61-31-1E-00-00-00-00-00-00-00-00
[2026-10-04 14:58:36] AreaPollExperiment: AREA-POLL CMsgC26464A9: decision=swallowed
[2026-10-04 14:58:39] TORGamePacketHandler: Received a packet [Ping]
[2026-10-04 14:58:39] TORGameServerPacket: Constructing Packet [Ping]
[2026-10-04 14:58:40] TORGamePacketHandler: Received a packet [CharacterListRequest]
[2026-10-04 14:58:40] CharacterListRequest: CharacterListRequest: reply routing content=0x0007 transport=0x65AB
[2026-10-04 14:58:40] TORGameServerPacket: Constructing Packet [CharacterListReply]
[2026-10-04 14:58:40] TORGamePacketHandler: Received a packet [RepositoryDataRequest]
[2026-10-04 14:58:40] TORGameServerPacket: Constructing Packet [RepositoryDataNotFound]
[2026-10-04 14:58:40] RepositoryDataRequest: Repository asset unavailable: request=92, path='/engine/staging/engine_staging_human_01.gr2'. Returned FQN NOT FOUND; verify the matching local archives.
[2026-10-04 14:58:40] TORGamePacketHandler: Received a packet [RepositoryDataRequest]
[2026-10-04 14:58:40] TORGameServerPacket: Constructing Packet [RepositoryDataNotFound]
[2026-10-04 14:58:40] RepositoryDataRequest: Repository asset unavailable: request=93, path='/engine/staging/engine_staging_human_02.gr2'. Returned FQN NOT FOUND; verify the matching local archives.
[2026-10-04 14:58:41] TORGamePacketHandler: Received a packet [RepositoryDataReceipt]
[2026-10-04 14:58:41] RepositoryDataReceipt: Repository resource receipt: value=0.
[2026-10-04 14:58:41] TORGamePacketHandler: Received a packet [RepositoryDataReceipt]
[2026-10-04 14:58:41] RepositoryDataReceipt: Repository resource receipt: value=0.
[2026-10-04 14:58:41] TORGamePacketHandler: Received a packet [CharacterListRequest]
[2026-10-04 14:58:41] CharacterListRequest: CharacterListRequest: reply routing content=0x0007 transport=0x65AB
[2026-10-04 14:58:41] TORGameServerPacket: Constructing Packet [CharacterListReply]
[2026-10-04 14:58:41] TORGamePacketHandler: Received a packet [SetTrackingInfo]
[2026-10-04 14:58:41] TORGameClient: Setting client tracking info to Character Selection
[2026-10-04 14:58:41] TORGamePacketHandler: Received a packet [RepositoryDataRequest]
[2026-10-04 14:58:41] TORGameServerPacket: Constructing Packet [RepositoryDataNotFound]
[2026-10-04 14:58:41] RepositoryDataRequest: Repository asset unavailable: request=94, path='/world/areas/1/mapnotes.not'. Returned FQN NOT FOUND; verify the matching local archives.
[2026-10-04 14:58:41] TORGamePacketHandler: Received a packet [RepositoryDataReceipt]
[2026-10-04 14:58:41] RepositoryDataReceipt: Repository resource receipt: value=0.
[2026-10-04 14:58:41] TORGamePacketHandler: Received a packet [RepositoryDataRequest]
[2026-10-04 14:58:41] TORGameServerPacket: Constructing Packet [RepositoryDataNotFound]
[2026-10-04 14:58:41] RepositoryDataRequest: Repository asset unavailable: request=95, path='/server/facefx/lepi_base.fxa'. Returned FQN NOT FOUND; verify the matching local archives.
[2026-10-04 14:58:41] TORGamePacketHandler: Received a packet [RepositoryDataReceipt]
[2026-10-04 14:58:41] RepositoryDataReceipt: Repository resource receipt: value=0.
[2026-10-04 14:58:42] TORGamePacketHandler: Received a packet [WorldByteReport]
[2026-10-04 14:58:42] WorldByteReport: World report 8EB28DE9: component=0x65AB0007 bytes=48 words=[FBB5F5D8,E6FE3681,9BFC96EB,1A72A61A,1EC4DDFB,EA1490AB,F125EC76,B00AA8D9,1C3E05AB,0004B69D,93452BCC,1432F831] hex=D8-F5-B5-FB-81-36-FE-E6-EB-96-FC-9B-1A-A6-72-1A-FB-DD-C4-1E-AB-90-14-EA-76-EC-25-F1-D9-A8-0A-B0-AB-05-3E-1C-9D-B6-04-00-CC-2B-45-93-31-F8-32-14; no synthetic WorldTravelStatus reply sent.
[2026-10-04 14:58:42] TORGamePacketHandler: Received a packet [HackNotifyData]
[2026-10-04 14:58:44] TORGamePacketHandler: Received a packet [Ping]
[2026-10-04 14:58:44] TORGameServerPacket: Constructing Packet [Ping]
[2026-10-04 14:58:48] TORGamePacketHandler: Received a packet [CMsgC26464A9]
[2026-10-04 14:58:48] AreaPollExperiment: AREA-POLL CMsgC26464A9: component=0x65AB0007 len=43 placed=none areaSvc=0 mode=Swallow body=27-00-00-00-CF-AC-41-D7-06-00-00-00-00-00-00-00-00-CF-AC-41-D7-07-00-00-00-00-00-00-00-00-CD-80-61-31-1A-00-00-00-00-00-00-00-00
[2026-10-04 14:58:48] AreaPollExperiment: AREA-POLL CMsgC26464A9: decision=swallowed
[2026-10-04 14:58:49] TORGamePacketHandler: Received a packet [Ping]
[2026-10-04 14:58:49] TORGameServerPacket: Constructing Packet [Ping]
[2026-10-04 14:58:52] TORGamePacketHandler: Received a packet [ModulesList]
[2026-10-04 14:58:52] ModulesList: ModulesList: len=853 startupSent=True hex=51-03-00-00-4D-03-00-00-0C-F7-87-93-23-00-00-00-68-6C-00-60-00-00-00-00-00-00-1F-63-3A-5C-77-69-6E-64-6F-77-73-5C-73-79-73-74-65-6D-33-32-5C-6D-73-69-6D-67-33-32-2E-64-6C-6C-32-9A-54-2D-00-00-00-5C-72-00-B0-02-00-00-00-00-00-1F-63-3A-5C-77-69-6E-64-6F-77-73-5C-73-79-73-74-65-6D-33-32-5C-73-73-70-69-63-6C-69-2E-64-6C-6C-CA-59-32-3E-00-00-00-AF-75-00-90-0B-00-00-00-00-00-20-63-3A-5C-77-69-6E-64-6F-77-73-5C-73-79-73-74-65-6D-33-32-5C-63-6F-6D-64-6C-67-33-32-2E-64-6C-6C-48-B8-C0-4D-00-00-00-47-50-00-90-00-00-00-00-00-00-1C-63-3A-5C-77-69-6E-64-6F-77-73-5C-73-79-73-74-65-6D-33-32-5C-61-76-72-74-2E-64-6C-6C-4E-13-39-54-00-00-00-8C-6E-00-B0-00-00-00-00-00-00-1B-63-3A-5C-77-69-6E-64-6F-77-73-5C-73-79-73-74-65-6D-33-32-5C-68-69-64-2E-64-6C-6C-F6-16-F5-7D-00-00-00-02-58-00-70-08-00-00-00-00-00-20-63-3A-5C-77-69-6E-64-6F-77-73-5C-73-79-73-74-65-6D-33-32-5C-6D-6D-64-65-76-61-70-69-2E-64-6C-6C-7B-79-E4-82-00-00-00-0C-6C-00-E0-17-00-00-00-00-00-71-63-3A-5C-77-69-6E-64-6F-77-73-5C-77-69-6E-73-78-73-5C-78-38-36-5F-6D-69-63-72-6F-73-6F-66-74-2E-77-69-6E-64-6F-77-73-2E-67-64-69-70-6C-75-73-5F-36-35-39-35-62-36-34-31-34-34-63-63-66-31-64-66-5F-31-2E-31-2E-32-36-31-30-30-2E-39-34-34-34-5F-6E-6F-6E-65-5F-62-36-61-32-39-66-35-66-35-32-34-31-32-32-65-65-5C-67-64-69-70-6C-75-73-2E-64-6C-6C-D0-FF-92-8B-00-00-00-3C-6C-00-A0-08-00-00-00-00-00-20-63-3A-5C-77-69-6E-64-6F-77-73-5C-73-79-73-74-65-6D-33-32-5C-77-69-6E-73-70-6F-6F-6C-2E-64-72-76-26-1A-CA-BA-00-00-00-60-79-00-10-11-00-00-00-00-00-22-63-3A-5C-77-69-6E-64-6F-77-73-5C-73-79-73-74-65-6D-33-32-5C-77-69-6E-64-6F-77-73-2E-75-69-2E-64-6C-6C-84-05-2D-D0-00-00-00-00-50-00-00-01-00-00-00-00-00-2C-63-3A-5C-77-69-6E-64-6F-77-73-5C-73-79-73-74-65-6D-33-32-5C-72-65-73-6F-75-72-63-65-70-6F-6C-69-63-79-63-6C-69-65-6E-74-2E-64-6C-6C-B1-36-5F-DF-00-00-00-4A-76-00-60-08-00-00-00-00-00-1F-63-3A-5C-77-69-6E-64-6F-77-73-5C-73-79-73-74-65-6D-33-32-5C-63-6C-62-63-61-74-71-2E-64-6C-6C-02-B0-7B-EA-00-00-00-2F-50-00-10-17-00-00-00-00-00-20-63-3A-5C-77-69-6E-64-6F-77-73-5C-73-79-73-74-65-6D-33-32-5C-61-75-64-69-6F-73-65-73-2E-64-6C-6C-02-4B-30-16-31-00-00-00-8A-7A-00-C0-19-00-00-00-00-00-3D-64-3A-5C-73-77-74-6F-72-63-6C-61-73-73-69-63-5C-73-77-74-6F-72-65-6D-75-5C-6E-65-78-75-73-63-6C-69-65-6E-74-5C-6E-65-78-75-73-63-6C-69-65-6E-74-5C-72-7A-73-64-6B-65-6E-67-2E-64-6C-6C-8F-0C-30-57-00-00-00-A4-7A-00-60-19-00-00-00-00-00-3D-64-3A-5C-73-77-74-6F-72-63-6C-61-73-73-69-63-5C-73-77-74-6F-72-65-6D-75-5C-6E-65-78-75-73-63-6C-69-65-6E-74-5C-6E-65-78-75-73-63-6C-69-65-6E-74-5C-72-7A-73-64-6B-6D-6F-64-2E-64-6C-6C-00-00
[2026-10-04 14:58:52] TORGamePacketHandler: Received a packet [WorldByteReport]
[2026-10-04 14:58:52] WorldByteReport: World report 8EB28DE9: component=0x65AB0007 bytes=48 words=[FE9FD4D9,564AE7BF,BAB77FFB,FEF22A44,1EC4DDFB,EA1490AB,F125EC76,B00AA8D9,1C3E05AB,0004B69D,93452BCC,1432F831] hex=D9-D4-9F-FE-BF-E7-4A-56-FB-7F-B7-BA-44-2A-F2-FE-FB-DD-C4-1E-AB-90-14-EA-76-EC-25-F1-D9-A8-0A-B0-AB-05-3E-1C-9D-B6-04-00-CC-2B-45-93-31-F8-32-14; no synthetic WorldTravelStatus reply sent.
[2026-10-04 14:58:52] TORGamePacketHandler: Received a packet [HackNotifyData]
[2026-10-04 14:58:54] TORGamePacketHandler: Received a packet [Ping]
[2026-10-04 14:58:54] TORGameServerPacket: Constructing Packet [Ping]
[2026-10-04 14:58:59] TORGamePacketHandler: Received a packet [Ping]
[2026-10-04 14:58:59] TORGameServerPacket: Constructing Packet [Ping]
[2026-10-04 14:59:01] TORGamePacketHandler: Received a packet [CMsgC26464A9]
[2026-10-04 14:59:01] AreaPollExperiment: AREA-POLL CMsgC26464A9: component=0x65AB0007 len=43 placed=none areaSvc=0 mode=Swallow body=27-00-00-00-A3-82-FD-6C-16-00-00-00-00-00-00-00-00-CF-AC-41-D7-07-00-00-00-00-00-00-00-00-CE-47-09-D2-17-00-00-00-00-00-00-00-00
[2026-10-04 14:59:01] AreaPollExperiment: AREA-POLL CMsgC26464A9: decision=swallowed
[2026-10-04 14:59:02] TORGamePacketHandler: Received a packet [WorldByteReport]
[2026-10-04 14:59:02] WorldByteReport: World report 8EB28DE9: component=0x65AB0007 bytes=48 words=[B897C4D9,CBDFA475,9395BB3B,ACC44B44,1EC4DDFB,EA1490AB,F125EC76,B00AA8D9,1C3E05AB,0004B69D,93452BCC,1432F831] hex=D9-C4-97-B8-75-A4-DF-CB-3B-BB-95-93-44-4B-C4-AC-FB-DD-C4-1E-AB-90-14-EA-76-EC-25-F1-D9-A8-0A-B0-AB-05-3E-1C-9D-B6-04-00-CC-2B-45-93-31-F8-32-14; no synthetic WorldTravelStatus reply sent.
[2026-10-04 14:59:02] TORGamePacketHandler: Received a packet [HackNotifyData]
[2026-10-04 14:59:04] TORGamePacketHandler: Received a packet [ModulesList]
[2026-10-04 14:59:04] ModulesList: ModulesList: len=12 startupSent=True hex=08-00-00-00-04-00-00-00-00-00-00-00
[2026-10-04 14:59:04] TORGamePacketHandler: Received a packet [Ping]
[2026-10-04 14:59:04] TORGameServerPacket: Constructing Packet [Ping]
[2026-10-04 14:59:09] TORGamePacketHandler: Received a packet [Ping]
[2026-10-04 14:59:09] TORGameServerPacket: Constructing Packet [Ping]
[2026-10-04 14:59:12] TORGamePacketHandler: Received a packet [WorldByteReport]
[2026-10-04 14:59:12] WorldByteReport: World report 8EB28DE9: component=0x65AB0007 bytes=48 words=[2040322E,5C6D8498,47634044,54886BA5,1EC4DDFB,EA1490AB,F125EC76,B00AA8D9,1C3E05AB,0004B69D,93452BCC,1432F831] hex=2E-32-40-20-98-84-6D-5C-44-40-63-47-A5-6B-88-54-FB-DD-C4-1E-AB-90-14-EA-76-EC-25-F1-D9-A8-0A-B0-AB-05-3E-1C-9D-B6-04-00-CC-2B-45-93-31-F8-32-14; no synthetic WorldTravelStatus reply sent.
[2026-10-04 14:59:12] TORGamePacketHandler: Received a packet [HackNotifyData]
[2026-10-04 14:59:14] TORGamePacketHandler: Received a packet [CMsgC26464A9]
[2026-10-04 14:59:14] AreaPollExperiment: AREA-POLL CMsgC26464A9: component=0x65AB0007 len=43 placed=none areaSvc=0 mode=Swallow body=27-00-00-00-CF-AC-41-D7-24-00-00-00-00-00-00-00-00-D3-AD-AC-A9-00-00-00-00-00-00-00-00-00-CD-80-61-31-1A-00-00-00-00-00-00-00-00
[2026-10-04 14:59:14] AreaPollExperiment: AREA-POLL CMsgC26464A9: decision=swallowed
[2026-10-04 14:59:14] TORGamePacketHandler: Received a packet [Ping]
[2026-10-04 14:59:14] TORGameServerPacket: Constructing Packet [Ping]
[2026-10-04 14:59:16] TORGamePacketHandler: Received a packet [ModulesList]
[2026-10-04 14:59:16] ModulesList: ModulesList: len=12 startupSent=True hex=08-00-00-00-04-00-00-00-00-00-00-00
[2026-10-04 14:59:19] TORGamePacketHandler: Received a packet [Ping]
[2026-10-04 14:59:19] TORGameServerPacket: Constructing Packet [Ping]
[2026-10-04 14:59:22] TORGamePacketHandler: Received a packet [WorldByteReport]
[2026-10-04 14:59:22] WorldByteReport: World report 8EB28DE9: component=0x65AB0007 bytes=48 words=[FCDFCDD0,267AFF33,B8EFDCAA,E251812A,1EC4DDFB,EA1490AB,F125EC76,B00AA8D9,1C3E05AB,0004B69D,93452BCC,1432F831] hex=D0-CD-DF-FC-33-FF-7A-26-AA-DC-EF-B8-2A-81-51-E2-FB-DD-C4-1E-AB-90-14-EA-76-EC-25-F1-D9-A8-0A-B0-AB-05-3E-1C-9D-B6-04-00-CC-2B-45-93-31-F8-32-14; no synthetic WorldTravelStatus reply sent.
[2026-10-04 14:59:22] TORGamePacketHandler: Received a packet [HackNotifyData]
[2026-10-04 14:59:24] TORGamePacketHandler: Received a packet [Ping]
[2026-10-04 14:59:24] TORGameServerPacket: Constructing Packet [Ping]
[2026-10-04 14:59:27] TORGamePacketHandler: Received a packet [CMsgC26464A9]
[2026-10-04 14:59:27] AreaPollExperiment: AREA-POLL CMsgC26464A9: component=0x65AB0007 len=43 placed=none areaSvc=0 mode=Swallow body=27-00-00-00-CF-AC-41-D7-05-00-00-00-00-00-00-00-00-CF-AC-41-D7-04-00-00-00-00-00-00-00-00-9D-90-CC-B1-0A-00-00-00-00-00-00-00-00
[2026-10-04 14:59:27] AreaPollExperiment: AREA-POLL CMsgC26464A9: decision=swallowed
[2026-10-04 14:59:28] TORGamePacketHandler: Received a packet [ModulesList]
[2026-10-04 14:59:28] ModulesList: ModulesList: len=12 startupSent=True hex=08-00-00-00-04-00-00-00-00-00-00-00
[2026-10-04 14:59:29] TORGamePacketHandler: Received a packet [Ping]
[2026-10-04 14:59:29] TORGameServerPacket: Constructing Packet [Ping]
[2026-10-04 14:59:29] TORGamePacketHandler: Received a packet [RepositoryDataRequest]
[2026-10-04 14:59:29] TORGameServerPacket: Constructing Packet [RepositoryDataNotFound]
[2026-10-04 14:59:29] RepositoryDataRequest: Repository asset unavailable: request=96, path='/engine/staging/engine_staging_human_01.gr2'. Returned FQN NOT FOUND; verify the matching local archives.
[2026-10-04 14:59:29] TORGamePacketHandler: Received a packet [RepositoryDataRequest]
[2026-10-04 14:59:29] TORGameServerPacket: Constructing Packet [RepositoryDataNotFound]
[2026-10-04 14:59:29] RepositoryDataRequest: Repository asset unavailable: request=97, path='/engine/staging/engine_staging_human_02.gr2'. Returned FQN NOT FOUND; verify the matching local archives.
[2026-10-04 14:59:29] TORGamePacketHandler: Received a packet [RepositoryDataReceipt]
[2026-10-04 14:59:29] RepositoryDataReceipt: Repository resource receipt: value=0.
[2026-10-04 14:59:29] TORGamePacketHandler: Received a packet [RepositoryDataReceipt]
[2026-10-04 14:59:29] RepositoryDataReceipt: Repository resource receipt: value=0.
[2026-10-04 14:59:29] TORGamePacketHandler: Received a packet [CharacterListRequest]
[2026-10-04 14:59:29] CharacterListRequest: CharacterListRequest: reply routing content=0x0007 transport=0x65AB
[2026-10-04 14:59:29] TORGameServerPacket: Constructing Packet [CharacterListReply]
[2026-10-04 14:59:30] TORGamePacketHandler: Received a packet [SetTrackingInfo]
[2026-10-04 14:59:30] TORGameClient: Setting client tracking info to Character Selection
[2026-10-04 14:59:30] TORGamePacketHandler: Received a packet [RepositoryDataRequest]
[2026-10-04 14:59:30] TORGameServerPacket: Constructing Packet [RepositoryDataNotFound]
[2026-10-04 14:59:30] RepositoryDataRequest: Repository asset unavailable: request=98, path='/world/areas/1/mapnotes.not'. Returned FQN NOT FOUND; verify the matching local archives.
[2026-10-04 14:59:30] TORGamePacketHandler: Received a packet [RepositoryDataReceipt]
[2026-10-04 14:59:30] RepositoryDataReceipt: Repository resource receipt: value=0.
[2026-10-04 14:59:31] TORGamePacketHandler: Received a packet [RepositoryDataRequest]
[2026-10-04 14:59:31] TORGameServerPacket: Constructing Packet [RepositoryDataNotFound]
[2026-10-04 14:59:31] RepositoryDataRequest: Repository asset unavailable: request=99, path='/art/shaders/materials/handbma.mat'. Returned FQN NOT FOUND; verify the matching local archives.
[2026-10-04 14:59:31] TORGamePacketHandler: Received a packet [RepositoryDataReceipt]
[2026-10-04 14:59:31] RepositoryDataReceipt: Repository resource receipt: value=0.
[2026-10-04 14:59:31] TORGamePacketHandler: Received a packet [RepositoryDataRequest]
[2026-10-04 14:59:31] TORGameServerPacket: Constructing Packet [RepositoryDataNotFound]
[2026-10-04 14:59:31] RepositoryDataRequest: Repository asset unavailable: request=100, path='/.tex'. Returned FQN NOT FOUND; verify the matching local archives.
[2026-10-04 14:59:31] TORGamePacketHandler: Received a packet [RepositoryDataReceipt]
[2026-10-04 14:59:31] RepositoryDataReceipt: Repository resource receipt: value=0.
[2026-10-04 14:59:32] TORGamePacketHandler: Received a packet [WorldByteReport]
[2026-10-04 14:59:32] WorldByteReport: World report 8EB28DE9: component=0x65AB0007 bytes=48 words=[6158322E,16C40F68,6EA20A55,01B91DB9,1EC4DDFB,EA1490AB,F125EC76,B00AA8D9,1C3E05AB,0004B69D,93452BCC,1432F831] hex=2E-32-58-61-68-0F-C4-16-55-0A-A2-6E-B9-1D-B9-01-FB-DD-C4-1E-AB-90-14-EA-76-EC-25-F1-D9-A8-0A-B0-AB-05-3E-1C-9D-B6-04-00-CC-2B-45-93-31-F8-32-14; no synthetic WorldTravelStatus reply sent.
[2026-10-04 14:59:32] TORGamePacketHandler: Received a packet [HackNotifyData]
[2026-10-04 14:59:34] TORGamePacketHandler: Received a packet [Ping]
[2026-10-04 14:59:34] TORGameServerPacket: Constructing Packet [Ping]
[2026-10-04 14:59:35] TORGamePacketHandler: Received a packet [SelectCharacterRequest]
[2026-10-04 14:59:35] SelectCharacterRequest: SelectCharacterRequest: selected char=4611687178631283611 routing content=0x0007 transport=0x65AB
[2026-10-04 14:59:35] TORGameServerPacket: Constructing Packet [SelectCharacterReply]
[2026-10-04 14:59:35] TORGameServerPacket: Constructing Packet [WorldTravelPending]
[2026-10-04 14:59:35] TORGameServerPacket: Constructing Packet [WorldTravelStatus]
[2026-10-04 14:59:35] TORGameServerPacket: Constructing Packet [WorldSendToArea]
[2026-10-04 14:59:35] TORGamePacketHandler: Received a packet [RepositoryDataRequest]
[2026-10-04 14:59:35] TORGameServerPacket: Constructing Packet [RepositoryDataNotFound]
[2026-10-04 14:59:35] RepositoryDataRequest: Repository asset unavailable: request=101, path='/art/dynamic/spec/all_item_construction_forklift_animated.mag'. Returned FQN NOT FOUND; verify the matching local archives.
[2026-10-04 14:59:35] TORGamePacketHandler: Received a packet [RepositoryDataReceipt]
[2026-10-04 14:59:35] RepositoryDataReceipt: Repository resource receipt: value=0.
[2026-10-04 14:59:37] TORGamePacketHandler: Received a packet [RepositoryDataRequest]
[2026-10-04 14:59:37] TORGameServerPacket: Constructing Packet [RepositoryDataNotFound]
[2026-10-04 14:59:37] RepositoryDataRequest: Repository asset unavailable: request=102, path='/engine/staging/engine_staging_human_01.gr2'. Returned FQN NOT FOUND; verify the matching local archives.
[2026-10-04 14:59:37] TORGamePacketHandler: Received a packet [RepositoryDataRequest]
[2026-10-04 14:59:37] TORGameServerPacket: Constructing Packet [RepositoryDataNotFound]
[2026-10-04 14:59:37] RepositoryDataRequest: Repository asset unavailable: request=103, path='/engine/staging/engine_staging_human_02.gr2'. Returned FQN NOT FOUND; verify the matching local archives.
[2026-10-04 14:59:37] TORGamePacketHandler: Received a packet [RepositoryDataRequest]
[2026-10-04 14:59:37] TORGameServerPacket: Constructing Packet [RepositoryDataNotFound]
[2026-10-04 14:59:37] RepositoryDataRequest: Repository asset unavailable: request=104, path='/art/shaders/materials/material #27.mat'. Returned FQN NOT FOUND; verify the matching local archives.
[2026-10-04 14:59:37] TORGamePacketHandler: Received a packet [RepositoryDataRequest]
[2026-10-04 14:59:37] TORGameServerPacket: Constructing Packet [RepositoryDataNotFound]
[2026-10-04 14:59:37] RepositoryDataRequest: Repository asset unavailable: request=105, path='/art/shaders/materials/speedtree_collision.mat'. Returned FQN NOT FOUND; verify the matching local archives.
[2026-10-04 14:59:38] TORGamePacketHandler: Received a packet [RepositoryDataReceipt]
[2026-10-04 14:59:38] RepositoryDataReceipt: Repository resource receipt: value=0.
[2026-10-04 14:59:38] TORGamePacketHandler: Received a packet [RepositoryDataReceipt]
[2026-10-04 14:59:38] RepositoryDataReceipt: Repository resource receipt: value=0.
[2026-10-04 14:59:38] TORGamePacketHandler: Received a packet [RepositoryDataReceipt]
[2026-10-04 14:59:38] RepositoryDataReceipt: Repository resource receipt: value=0.
[2026-10-04 14:59:38] TORGamePacketHandler: Received a packet [RepositoryDataReceipt]
[2026-10-04 14:59:38] RepositoryDataReceipt: Repository resource receipt: value=0.
[2026-10-04 14:59:39] TORGamePacketHandler: Received a packet [ServiceRequest]
[2026-10-04 14:59:39] ServiceRequest: Received Service Request [AreaServer-tython_blockout-4611686019869492753-1-:areaserver] object='omegaareaobject' hash='e00aebae:29f2db17' details=''/''/''
[2026-10-04 14:59:40] TORGameServerPacket: Constructing Packet [ObjectRequest]
[2026-10-04 14:59:40] TORGamePacketHandler: Received a packet [SetTrackingInfo]
[2026-10-04 14:59:40] TORGameClient: Setting client tracking info to tython_blockout
[2026-10-04 14:59:40] TORGamePacketHandler: Received a packet [ObjectReply]
[2026-10-04 14:59:40] ObjectReply: Received Object Reply service=0x0008 id='omegaareaobject' hash='e00aebae:29f2db17' target='Client'
[2026-10-04 14:59:40] ObjectReply: Area service attached: server=0x65B3 client=0x0008. Routing area startup packets to this pair.
[2026-10-04 14:59:40] TORGameServerPacket: Constructing Packet [SignatureResponse]
[2026-10-04 14:59:40] TORGamePacketHandler: Received a packet [Ping]
[2026-10-04 14:59:40] TORGameServerPacket: Constructing Packet [Ping]
[2026-10-04 14:59:40] TORGamePacketHandler: Received a packet [CMsgF96DCDB0]
[2026-10-04 14:59:40] TORGamePacketHandler: CMsgF96DCDB0 rx    B0 CD 6D F9 08 00 B3 65 0F 00 00 00 C7 71 C3 79 12 5B | ..m....e.....q.y.[
   66 8E A0 06 04 74 72 75 65                            | f....true

[2026-10-04 14:59:40] AreaPollExperiment: AREA-POLL CMsgF96DCDB0: component=0x65B30008 len=19 placed=4611687178631283611 areaSvc=8 mode=Echo sub=0F trueTail=True body=0F-00-00-00-C7-71-C3-79-12-5B-66-8E-A0-06-04-74-72-75-65
[2026-10-04 14:59:40] AreaPollExperiment: AREA-POLL CMsgF96DCDB0: decision=swallowed
[2026-10-04 14:59:40] TORGamePacketHandler: Received a packet [ModulesList]
[2026-10-04 14:59:40] ModulesList: ModulesList: len=12 startupSent=True hex=08-00-00-00-04-00-00-00-00-00-00-00
[2026-10-04 14:59:40] TORGamePacketHandler: Received a packet [CMsgC26464A9]
[2026-10-04 14:59:40] AreaPollExperiment: AREA-POLL CMsgC26464A9: component=0x65AB0007 len=43 placed=4611687178631283611 areaSvc=8 mode=Swallow body=27-00-00-00-9D-90-CC-B1-09-00-00-00-00-00-00-00-00-A3-82-FD-6C-10-00-00-00-00-00-00-00-00-CF-AC-41-D7-06-00-00-00-00-00-00-00-00
[2026-10-04 14:59:40] AreaPollExperiment: AREA-POLL CMsgC26464A9: decision=swallowed
[2026-10-04 14:59:40] TORGamePacketHandler: Received a packet [CMsg4A765897]
[2026-10-04 14:59:40] TORGamePacketHandler: CMsg4A765897 rx    97 58 76 4A 09 00 AC 65 09 00 00 00 C7 71 C3 79 12 43 | .XvJ...e.....q.y.C
   35 7C 7C                                              | 5||

[2026-10-04 14:59:40] CMsg4A765897: CMsg4A765897: client rpc received (body 13 bytes), swallowed. hex=09-00-00-00-C7-71-C3-79-12-43-35-7C-7C
[2026-10-04 14:59:40] TORGamePacketHandler: Received a packet [AreaModulesList]
[2026-10-04 14:59:41] AreaPollExperiment: AREA-POLL AreaModulesList: component=0x65B30008 len=6195 placed=4611687178631283611 areaSvc=8 mode=Echo body=2F-18-00-00-2B-18-00-00-60-49-A5-A7-03-00-00-00-BD-75-00-30-29-00-00-00-00-00-1F-63-3A-5C-77-69-6E-64-6F-77-73-5C-73-79-73-74-65-6D-33-32-5C-63-6F-6D-62-61-73-65-2E-64-6C-6C-B8-E2-BE-08-00-00-00-43-75-00-70-11-00-00-00-00-00-1D-63-3A-5C-77-69-6E-64-6F-77-73-5C-73-79-73-74-65-6D-33-32-5C-6D-73-63-74-66-2E-64-6C-6C-B6-A6-04-0C-00-00-00-02-7A-00-60-07-00-00-00-00-00-1E-63-3A-5C-77-69-6E-64-6F-77-73-5C-73-79-73-74-65-6D-33-32-5C-64-73-6F-75-6E-64-2E-64-6C-6C-C3-9B-5B-10-00-00-00-E7-57-00-D0-04-00-00-00-00-00-2D-63-3A-5C-77-69-6E-64-6F-77-73-5C-73-79-73-74-65-6D-33-32-5C-64-69-72-65-63-74-78-64-61-74-61-62-61-73-65-68-65-6C-70-65-72-2E-64-6C-6C-66-C3-6A-14-00-00-00-C4-71-00-70-22-00-00-00-00-00-7A-63-3A-5C-77-69-6E-64-6F-77-73-5C-77-69-6E-73-78-73-5C-78-38-36-5F-6D-69-63-72-6F-73-6F-66-74-2E-77-69-6E-64-6F-77-73-2E-63-6F-6D-6D-6F-6E-2D-63-6F-6E-74-72-6F-6C-73-5F-36-35-39-35-62-36-34-31-34-34-63-63-66-31-64-66-5F-36-2E-30-2E-32-36-31-30-30-2E-39-32-37-38-5F-6E-6F-6E-65-5F-38-35-62-61-35-32-37-66-66-37-61-63-35-62-30-37-5C-63-6F-6D-63-74-6C-33-32-2E-64-6C-6C-DA-7F-50-15-00-00-00-D6-57-00-F0-0F-00-00-00-00-00-2A-63-3A-5C-77-69-6E-64-6F-77-73-5C-73-79-73-74-65-6D-33-32-5C-74-65-78-74-69-6E-70-75-74-66-72-61-6D-65-77-6F-72-6B-2E-64-6C-6C-B3-13-B1-1A-00-00-00-6D-6C-00-E0-07-00-00-00-00-00-1F-63-3A-5C-77-69-6E-64-6F-77-73-5C-73-79-73-74-65-6D-33-32-5C-75-78-74-68-65-6D-65-2E-64-6C-6C-54-27-E6-21-00-00-00-6B-6E-00-40-01-00-00-00-00-00-1F-63-3A-5C-77-69-6E-64-6F-77-73-5C-73-79-73-74-65-6D-33-32-5C-63-72-79-70-74-73-70-2E-64-6C-6C-F7-87-93-23-00-00-00-68-6C-00-60-00-00-00-00-00-00-1F-63-3A-5C-77-69-6E-64-6F-77-73-5C-73-79-73-74-65-6D-33-32-5C-6D-73-69-6D-67-33-32-2E-64-6C-6C-3D-0F-06-24-00-00-00-30-6C-00-F0-0A-00-00-00-00-00-1F-63-3A-5C-77-69-6E-64-6F-77-73-5C-73-79-73-74-65-6D-33-32-5C-61-70-70-68-65-6C-70-2E-64-6C-6C-99-B6-4C-24-00-00-00-A5-79-00-80-3C-00-00-00-00-00-20-63-3A-5C-77-69-6E-64-6F-77-73-5C-73-79-73-74-65-6D-33-32-5C-64-33-64-78-39-5F-33-38-2E-64-6C-6C-31-26-AA-25-00-00-00-98-71-00-30-03-00-00-00-00-00-1D-63-3A-5C-77-69-6E-64-6F-77-73-5C-73-79-73-74-65-6D-33-32-5C-77-69-6E-6D-6D-2E-64-6C-6C-D0-A2-64-29-00-00-00-7D-75-00-F0-09-00-00-00-00-00-20-63-3A-5C-77-69-6E-64-6F-77-73-5C-73-79-73-74-65-6D-33-32-5C-6F-6C-65-61-75-74-33-32-2E-64-6C-6C-32-9A-54-2D-00-00-00-5C-72-00-B0-02-00-00-00-00-00-1F-63-3A-5C-77-69-6E-64-6F-77-73-5C-73-79-73-74-65-6D-33-32-5C-73-73-70-69-63-6C-69-2E-64-6C-6C-87-C8-2D-31-00-00-00-92-71-00-60-02-00-00-00-00-00-1E-63-3A-5C-77-69-6E-64-6F-77-73-5C-73-79-73-74-65-6D-33-32-5C-64-77-6D-61-70-69-2E-64-6C-6C-CD-80-61-31-00-00-00-61-77-00-50-08-00-00-00-00-00-20-63-3A-5C-77-69-6E-64-6F-77-73-5C-73-79-73-74-65-6D-33-32-5C-61-64-76-61-70-69-33-32-2E-64-6C-6C-9C-44-BC-36-00-00-00-33-75-00-70-0C-00-00-00-00-00-1E-63-3A-5C-77-69-6E-64-6F-77-73-5C-73-79-73-74-65-6D-33-32-5C-6D-73-76-63-72-74-2E-64-6C-6C-04-60-80-39-00-00-00-E7-6E-00-80-00-00-00-00-00-00-20-63-3A-5C-77-69-6E-64-6F-77-73-5C-73-79-73-74-65-6D-33-32-5C-72-61-73-61-64-68-6C-70-2E-64-6C-6C-2C-1F-E4-3D-00-00-00-EB-6E-00-D0-10-00-00-00-00-00-1E-63-3A-5C-77-69-6E-64-6F-77-73-5C-73-79-73-74-65-6D-33-32-5C-64-6E-73-61-70-69-2E-64-6C-6C-CA-59-32-3E-00-00-00-AF-75-00-90-0B-00-00-00-00-00-20-63-3A-5C-77-69-6E-64-6F-77-73-5C-73-79-73-74-65-6D-33-32-5C-63-6F-6D-64-6C-67-33-32-2E-64-6C-6C-3E-6B-80-3F-00-00-00-DB-6D-00-20-03-00-00-00-00-00-1E-63-3A-5C-77-69-6E-64-6F-77-73-5C-73-79-73-74-65-6D-33-32-5C-72-73-61-65-6E-68-2E-64-6C-6C-76-BC-AB-3F-00-00-00-BB-75-00-B0-01-00-00-00-00-00-20-63-3A-5C-77-69-6E-64-6F-77-73-5C-73-79-73-74-65-6D-33-32-5C-69-6D-61-67-65-68-6C-70-2E-64-6C-6C-9A-7E-7A-41-00-00-00-28-6C-00-90-05-00-00-00-00-00-1E-63-3A-5C-77-69-6E-64-6F-77-73-5C-73-79-73-74-65-6D-33-32-5C-6F-6C-65-61-63-63-2E-64-6C-6C-EF-0E-2B-44-00-00-00-E8-6E-00-E0-01-00-00-00-00-00-20-63-3A-5C-77-69-6E-64-6F-77-73-5C-73-79-73-74-65-6D-33-32-5C-6E-6C-61-6E-73-70-5F-63-2E-64-6C-6C-83-F5-4E-47-00-00-00-F1-75-00-60-0D-00-00-00-00-00-1E-63-3A-5C-77-69-6E-64-6F-77-73-5C-73-79-73-74-65-6D-33-32-5C-73-68-63-6F-72-65-2E-64-6C-6C-0A-C5-30-48-00-00-00-6B-58-00-00-0E-00-00-00-00-00-25-63-3A-5C-77-69-6E-64-6F-77-73-5C-73-79-73-74-65-6D-33-32-5C-63-6F-72-65-6D-65-73-73-61-67-69-6E-67-2E-64-6C-6C-F1-D9-C7-48-00-00-00-1E-77-00-50-08-00-00-00-00-00-21-63-3A-5C-77-69-6E-64-6F-77-73-5C-73-79-73-74-65-6D-33-32-5C-6D-73-76-63-70-5F-77-69-6E-2E-64-6C-6C-22-AF-E3-48-00-00-00-1B-7A-00-00-51-00-00-00-00-00-61-63-3A-5C-77-69-6E-64-6F-77-73-5C-73-79-73-74-65-6D-33-32-5C-64-72-69-76-65-72-73-74-6F-72-65-5C-66-69-6C-65-72-65-70-6F-73-69-74-6F-72-79-5C-6E-76-5F-64-69-73-70-69-2E-69-6E-66-5F-61-6D-64-36-34-5F-64-61-38-36-35-31-32-34-39-37-32-65-31-66-38-30-5C-6E-76-61-70-69-5F-69-6D-70-6C-2E-64-6C-6C-48-B8-C0-4D-00-00-00-47-50-00-90-00-00-00-00-00-00-1C-63-3A-5C-77-69-6E-64-6F-77-73-5C-73-79-73-74-65-6D-33-32-5C-61-76-72-74-2E-64-6C-6C-C4-59-4B-4E-00-00-00-34-76-00-70-15-00-00-00-00-00-1D-63-3A-5C-77-69-6E-64-6F-77-73-5C-73-79-73-74-65-6D-33-32-5C-6F-6C-65-33-32-2E-64-6C-6C-4E-13-39-54-00-00-00-8C-6E-00-B0-00-00-00-00-00-00-1B-63-3A-5C-77-69-6E-64-6F-77-73-5C-73-79-73-74-65-6D-33-32-5C-68-69-64-2E-64-6C-6C-7B-70-AA-55-00-00-00-30-77-00-A0-2D-00-00-00-00-00-22-63-3A-5C-77-69-6E-64-6F-77-73-5C-73-79-73-74-65-6D-33-32-5C-6B-65-72-6E-65-6C-62-61-73-65-2E-64-6C-6C-76-7E-3D-5C-00-00-00-81-6E-00-B0-02-00-00-00-00-00-20-63-3A-5C-77-69-6E-64-6F-77-73-5C-73-79-73-74-65-6D-33-32-5C-63-72-79-70-74-6E-65-74-2E-64-6C-6C-EF-96-8D-63-00-00-00-53-76-00-A0-07-00-00-00-00-00-28-63-3A-5C-77-69-6E-64-6F-77-73-5C-73-79-73-74-65-6D-33-32-5C-62-63-72-79-70-74-70-72-69-6D-69-74-69-76-65-73-2E-64-6C-6C-9E-32-FD-68-00-00-00-C6-6F-00-E0-01-00-00-00-00-00-1F-63-3A-5C-77-69-6E-64-6F-77-73-5C-73-79-73-74-65-6D-33-32-5C-70-72-6F-66-61-70-69-2E-64-6C-6C-D1-98-09-6A-00-00-00-15-6B-00-E0-08-00-00-00-00-00-6A-63-3A-5C-77-69-6E-64-6F-77-73-5C-77-69-6E-73-78-73-5C-78-38-36-5F-6D-69-63-72-6F-73-6F-66-74-2E-76-63-39-30-2E-63-72-74-5F-31-66-63-38-62-33-62-39-61-31-65-31-38-65-33-62-5F-39-2E-30-2E-33-30-37-32-39-2E-39-36-33-35-5F-6E-6F-6E-65-5F-35-30-38-66-66-38-32-65-62-63-62-61-66-65-65-30-5C-6D-73-76-63-70-39-30-2E-64-6C-6C-60-15-41-6C-00-00-00-5B-76-00-20-02-00-00-00-00-00-1D-63-3A-5C-77-69-6E-64-6F-77-73-5C-73-79-73-74-65-6D-33-32-5C-67-64-69-33-32-2E-64-6C-6C-A3-82-FD-6C-00-00-00-2C-75-00-A0-06-00-00-00-00-00-1E-63-3A-5C-77-69-6E-64-6F-77-73-5C-73-79-73-74-65-6D-33-32-5C-77-73-32-5F-33-32-2E-64-6C-6C-14-E4-B9-73-00-00-00-5F-76-00-50-66-00-00-00-00-00-1F-63-3A-5C-77-69-6E-64-6F-77-73-5C-73-79-73-74-65-6D-33-32-5C-73-68-65-6C-6C-33-32-2E-64-6C-6C-16-2E-AD-75-00-00-00-F1-72-00-50-01-00-00-00-00-00-26-63-3A-5C-77-69-6E-64-6F-77-73-5C-73-79-73-74-65-6D-33-32-5C-6B-65-72-6E-65-6C-2E-61-70-70-63-6F-72-65-2E-64-6C-6C-7B-EF-00-77-00-00-00-84-6E-00-50-02-00-00-00-00-00-1E-63-3A-5C-77-69-6E-64-6F-77-73-5C-73-79-73-74-65-6D-33-32-5C-64-65-76-6F-62-6A-2E-64-6C-6C-CE-F3-67-77-00-00-00-92-79-00-70-08-00-00-00-00-00-6A-63-3A-5C-77-69-6E-64-6F-77-73-5C-77-69-6E-73-78-73-5C-78-38-36-5F-6D-69-63-72-6F-73-6F-66-74-2E-76-63-38-30-2E-63-72-74-5F-31-66-63-38-62-33-62-39-61-31-65-31-38-65-33-62-5F-38-2E-30-2E-35-30-37-32-37-2E-39-36-38-30-5F-6E-6F-6E-65-5F-64-30-39-30-63-62-37-63-34-34-32-37-38-62-32-38-5C-6D-73-76-63-70-38-30-2E-64-6C-6C-35-6C-05-79-00-00-00-C9-0C-00-80-06-00-00-00-00-00-1D-63-3A-5C-77-69-6E-64-6F-77-73-5C-73-79-73-74-65-6D-33-32-5C-6E-76-61-70-69-2E-64-6C-6C-F6-16-F5-7D-00-00-00-02-58-00-70-08-00-00-00-00-00-20-63-3A-5C-77-69-6E-64-6F-77-73-5C-73-79-73-74-65-6D-33-32-5C-6D-6D-64-65-76-61-70-69-2E-64-6C-6C-EB-04-04-7F-00-00-00-5B-75-00-70-00-00-00-00-00-00-1B-63-3A-5C-77-69-6E-64-6F-77-73-5C-73-79-73-74-65-6D-33-32-5C-6E-73-69-2E-64-6C-6C-47-E9-6E-7F-00-00-00-0F-76-00-20-05-00-00-00-00-00-1F-63-3A-5C-77-69-6E-64-6F-77-73-5C-73-79-73-74-65-6D-33-32-5C-73-68-6C-77-61-70-69-2E-64-6C-6C-7B-79-E4-82-00-00-00-0C-6C-00-E0-17-00-00-00-00-00-71-63-3A-5C-77-69-6E-64-6F-77-73-5C-77-69-6E-73-78-73-5C-78-38-36-5F-6D-69-63-72-6F-73-6F-66-74-2E-77-69-6E-64-6F-77-73-2E-67-64-69-70-6C-75-73-5F-36-35-39-35-62-36-34-31-34-34-63-63-66-31-64-66-5F-31-2E-31-2E-32-36-31-30-30-2E-39-34-34-34-5F-6E-6F-6E-65-5F-62-36-61-32-39-66-35-66-35-32-34-31-32-32-65-65-5C-67-64-69-70-6C-75-73-2E-64-6C-6C-1B-4B-FD-83-00-00-00-E7-71-00-90-71-00-00-00-00-00-27-63-3A-5C-77-69-6E-64-6F-77-73-5C-73-79-73-74-65-6D-33-32-5C-77-69-6E-64-6F-77-73-2E-73-74-6F-72-61-67-65-2E-64-6C-6C-30-66-D4-84-00-00-00-72-72-00-E0-00-00-00-00-00-00-1E-63-3A-5C-77-69-6E-64-6F-77-73-5C-73-79-73-74-65-6D-33-32-5C-6D-73-61-73-6E-31-2E-64-6C-6C-F4-19-6F-86-00-00-00-F3-79-00-B0-0E-00-00-00-00-00-23-63-3A-5C-77-69-6E-64-6F-77-73-5C-73-79-73-74-65-6D-33-32-5C-74-65-78-74-73-68-61-70-69-6E-67-2E-64-6C-6C-F6-1F-7A-86-00-00-00-6A-6E-00-A0-00-00-00-00-00-00-21-63-3A-5C-77-69-6E-64-6F-77-73-5C-73-79-73-74-65-6D-33-32-5C-63-72-79-70-74-62-61-73-65-2E-64-6C-6C-F7-73-A4-86-00-00-00-50-6B-00-20-01-00-00-00-00-00-1E-63-3A-5C-77-69-6E-64-6F-77-73-5C-73-79-73-74-65-6D-33-32-5C-77-73-68-62-74-68-2E-64-6C-6C-28-0E-DA-86-00-00-00-A2-71-00-60-02-00-00-00-00-00-20-63-3A-5C-77-69-6E-64-6F-77-73-5C-73-79-73-74-65-6D-33-32-5C-69-70-68-6C-70-61-70-69-2E-64-6C-6C-AB-8A-5A-8A-00-00-00-8F-75-00-70-06-00-00-00-00-00-20-63-3A-5C-77-69-6E-64-6F-77-73-5C-73-79-73-74-65-6D-33-32-5C-77-69-6E-74-72-75-73-74-2E-64-6C-6C-D0-FF-92-8B-00-00-00-3C-6C-00-A0-08-00-00-00-00-00-20-63-3A-5C-77-69-6E-64-6F-77-73-5C-73-79-73-74-65-6D-33-32-5C-77-69-6E-73-70-6F-6F-6C-2E-64-72-76-AA-F7-DF-8F-00-00-00-50-50-00-50-02-00-00-00-00-00-21-63-3A-5C-77-69-6E-64-6F-77-73-5C-73-79-73-74-65-6D-33-32-5C-77-69-6E-6D-6D-62-61-73-65-2E-64-6C-6C-CC-0B-4A-91-00-00-00-6A-77-00-60-00-00-00-00-00-00-1D-63-3A-5C-77-69-6E-64-6F-77-73-5C-73-79-73-74-65-6D-33-32-5C-70-73-61-70-69-2E-64-6C-6C-28-9E-C0-93-00-00-00-27-77-00-50-08-00-00-00-00-00-1F-63-3A-5C-77-69-6E-64-6F-77-73-5C-73-79-73-74-65-6D-33-32-5C-73-65-63-68-6F-73-74-2E-64-6C-6C-19-3C-AD-95-00-00-00-F0-72-00-80-00-00-00-00-00-00-1F-63-3A-5C-77-69-6E-64-6F-77-73-5C-73-79-73-74-65-6D-33-32-5C-76-65-72-73-69-6F-6E-2E-64-6C-6C-E6-67-FC-98-00-00-00-8D-6E-00-C0-05-00-00-00-00-00-1C-63-3A-5C-77-69-6E-64-6F-77-73-5C-73-79-73-74-65-6D-33-32-5C-77-6C-64-70-2E-64-6C-6C-A6-23-0E-9C-00-00-00-0A-7A-00-F0-09-00-00-00-00-00-23-63-3A-5C-77-69-6E-64-6F-77-73-5C-73-79-73-74-65-6D-33-32-5C-72-65-73-61-6D-70-6C-65-64-6D-6F-2E-64-6C-6C-8D-79-CF-9E-00-00-00-D0-58-00-A0-17-00-00-00-00-00-1C-63-3A-5C-77-69-6E-64-6F-77-73-5C-73-79-73-74-65-6D-33-32-5C-64-33-64-39-2E-64-6C-6C-12-CD-73-A4-00-00-00-5C-75-00-00-11-00-00-00-00-00-20-63-3A-5C-77-69-6E-64-6F-77-73-5C-73-79-73-74-65-6D-33-32-5C-75-63-72-74-62-61-73-65-2E-64-6C-6C-CD-F6-2C-A6-00-00-00-45-6C-00-30-22-00-00-00-00-00-1F-63-3A-5C-77-69-6E-64-6F-77-73-5C-73-79-73-74-65-6D-33-32-5C-77-69-6E-69-6E-65-74-2E-64-6C-6C-D3-AD-AC-A9-00-00-00-80-77-00-F0-1B-00-00-00-00-00-1D-63-3A-5C-77-69-6E-64-6F-77-73-5C-73-79-73-74-65-6D-33-32-5C-6E-74-64-6C-6C-2E-64-6C-6C-DA-B4-9C-AC-00-00-00-FC-72-00-50-05-00-00-00-00-00-20-63-3A-5C-77-69-6E-64-6F-77-73-5C-73-79-73-74-65-6D-33-32-5C-70-6F-77-72-70-72-6F-66-2E-64-6C-6C-F1-71-68-AE-00-00-00-FD-6E-00-B0-01-00-00-00-00-00-20-63-3A-5C-77-69-6E-64-6F-77-73-5C-73-79-73-74-65-6D-33-32-5C-64-68-63-70-63-73-76-63-2E-64-6C-6C-9D-90-CC-B1-00-00-00-15-76-00-70-1E-00-00-00-00-00-1E-63-3A-5C-77-69-6E-64-6F-77-73-5C-73-79-73-74-65-6D-33-32-5C-75-73-65-72-33-32-2E-64-6C-6C-4D-22-8A-B3-00-00-00-40-75-00-C0-01-00-00-00-00-00-1E-63-3A-5C-77-69-6E-64-6F-77-73-5C-73-79-73-74-65-6D-33-32-5C-77-69-6E-33-32-75-2E-64-6C-6C-A9-41-42-B5-00-00-00-14-6B-00-90-00-00-00-00-00-00-1D-63-3A-5C-77-69-6E-64-6F-77-73-5C-73-79-73-74-65-6D-33-32-5C-6D-73-64-6D-6F-2E-64-6C-6C-8D-F8-74-B6-00-00-00-A5-71-00-80-1E-00-00-00-00-00-1F-63-3A-5C-77-69-6E-64-6F-77-73-5C-73-79-73-74-65-6D-33-32-5C-64-62-67-68-65-6C-70-2E-64-6C-6C-68-B7-9F-B8-00-00-00-1B-6F-00-00-04-00-00-00-00-00-20-63-3A-5C-77-69-6E-64-6F-77-73-5C-73-79-73-74-65-6D-33-32-5C-63-66-67-6D-67-72-33-32-2E-64-6C-6C-16-F8-89-BA-00-00-00-72-77-00-C0-0B-00-00-00-00-00-1E-63-3A-5C-77-69-6E-64-6F-77-73-5C-73-79-73-74-65-6D-33-32-5C-72-70-63-72-74-34-2E-64-6C-6C-26-1A-CA-BA-00-00-00-60-79-00-10-11-00-00-00-00-00-22-63-3A-5C-77-69-6E-64-6F-77-73-5C-73-79-73-74-65-6D-33-32-5C-77-69-6E-64-6F-77-73-2E-75-69-2E-64-6C-6C-14-9F-B3-BE-00-00-00-E5-67-00-B0-12-00-00-00-00-00-20-63-3A-5C-77-69-6E-64-6F-77-73-5C-73-79-73-74-65-6D-33-32-5C-64-72-76-73-74-6F-72-65-2E-64-6C-6C-AE-F4-14-C2-00-00-00-C6-76-00-10-45-00-00-00-00-00-20-63-3A-5C-77-69-6E-64-6F-77-73-5C-73-79-73-74-65-6D-33-32-5C-73-65-74-75-70-61-70-69-2E-64-6C-6C-A0-61-F7-C2-00-00-00-D6-77-00-30-29-00-00-00-00-00-28-63-3A-5C-77-69-6E-64-6F-77-73-5C-73-79-73-74-65-6D-33-32-5C-63-6F-72-65-75-69-63-6F-6D-70-6F-6E-65-6E-74-73-2E-64-6C-6C-AE-CE-8F-C3-00-00-00-0C-77-00-E0-10-00-00-00-00-00-1F-63-3A-5C-77-69-6E-64-6F-77-73-5C-73-79-73-74-65-6D-33-32-5C-63-72-79-70-74-33-32-2E-64-6C-6C-B3-E5-4D-C6-00-00-00-4C-6B-00-E0-00-00-00-00-00-00-1E-63-3A-5C-77-69-6E-64-6F-77-73-5C-73-79-73-74-65-6D-33-32-5C-77-69-6E-72-6E-72-2E-64-6C-6C-81-22-01-CD-00-00-00-9D-71-00-A0-00-00-00-00-00-00-1F-63-3A-5C-77-69-6E-64-6F-77-73-5C-73-79-73-74-65-6D-33-32-5C-64-73-70-61-72-73-65-2E-64-6C-6C-84-05-2D-D0-00-00-00-00-50-00-00-01-00-00-00-00-00-2C-63-3A-5C-77-69-6E-64-6F-77-73-5C-73-79-73-74-65-6D-33-32-5C-72-65-73-6F-75-72-63-65-70-6F-6C-69-63-79-63-6C-69-65-6E-74-2E-64-6C-6C-CE-47-09-D2-00-00-00-2A-71-00-40-05-00-00-00-00-00-1F-63-3A-5C-77-69-6E-64-6F-77-73-5C-73-79-73-74-65-6D-33-32-5C-6D-73-77-73-6F-63-6B-2E-64-6C-6C-10-CE-67-D2-00-00-00-70-72-00-F0-00-00-00-00-00-00-1D-63-3A-5C-77-69-6E-64-6F-77-73-5C-73-79-73-74-65-6D-33-32-5C-75-6D-70-64-63-2E-64-6C-6C-E4-19-89-D6-00-00-00-9B-79-00-B0-09-00-00-00-00-00-6A-63-3A-5C-77-69-6E-64-6F-77-73-5C-77-69-6E-73-78-73-5C-78-38-36-5F-6D-69-63-72-6F-73-6F-66-74-2E-76-63-38-30-2E-63-72-74-5F-31-66-63-38-62-33-62-39-61-31-65-31-38-65-33-62-5F-38-2E-30-2E-35-30-37-32-37-2E-39-36-38-30-5F-6E-6F-6E-65-5F-64-30-39-30-63-62-37-63-34-34-32-37-38-62-32-38-5C-6D-73-76-63-72-38-30-2E-64-6C-6C-CF-AC-41-D7-00-00-00-FF-75-00-00-0F-00-00-00-00-00-20-63-3A-5C-77-69-6E-64-6F-77-73-5C-73-79-73-74-65-6D-33-32-5C-6B-65-72-6E-65-6C-33-32-2E-64-6C-6C-B1-36-5F-DF-00-00-00-4A-76-00-60-08-00-00-00-00-00-1F-63-3A-5C-77-69-6E-64-6F-77-73-5C-73-79-73-74-65-6D-33-32-5C-63-6C-62-63-61-74-71-2E-64-6C-6C-9D-C5-48-E2-00-00-00-AA-6E-00-C0-01-00-00-00-00-00-1E-63-3A-5C-77-69-6E-64-6F-77-73-5C-73-79-73-74-65-6D-33-32-5C-62-63-72-79-70-74-2E-64-6C-6C-02-B0-7B-EA-00-00-00-2F-50-00-10-17-00-00-00-00-00-20-63-3A-5C-77-69-6E-64-6F-77-73-5C-73-79-73-74-65-6D-33-32-5C-61-75-64-69-6F-73-65-73-2E-64-6C-6C-3A-0D-D7-EA-00-00-00-16-58-00-90-0F-00-00-00-00-00-20-63-3A-5C-77-69-6E-64-6F-77-73-5C-73-79-73-74-65-6D-33-32-5C-77-69-6E-74-79-70-65-73-2E-64-6C-6C-6E-44-B2-EC-00-00-00-DA-67-00-70-03-00-00-00-00-00-1E-63-3A-5C-77-69-6E-64-6F-77-73-5C-73-79-73-74-65-6D-33-32-5C-64-78-63-6F-72-65-2E-64-6C-6C-A9-FA-2D-EF-00-00-00-5E-77-00-50-02-00-00-00-00-00-1D-63-3A-5C-77-69-6E-64-6F-77-73-5C-73-79-73-74-65-6D-33-32-5C-69-6D-6D-33-32-2E-64-6C-6C-1C-D4-BF-EF-00-00-00-4E-6B-00-20-01-00-00-00-00-00-1F-63-3A-5C-77-69-6E-64-6F-77-73-5C-73-79-73-74-65-6D-33-32-5C-6E-61-70-69-6E-73-70-2E-64-6C-6C-43-34-9F-F0-00-00-00-6E-75-00-A0-0E-00-00-00-00-00-21-63-3A-5C-77-69-6E-64-6F-77-73-5C-73-79-73-74-65-6D-33-32-5C-67-64-69-33-32-66-75-6C-6C-2E-64-6C-6C-F5-29-59-F2-00-00-00-22-6B-00-20-29-00-00-00-00-00-20-63-3A-5C-77-69-6E-64-6F-77-73-5C-73-79-73-74-65-6D-33-32-5C-61-63-6C-61-79-65-72-73-2E-64-6C-6C-A4-94-02-F9-00-00-00-DF-6D-00-20-06-00-00-00-00-00-20-63-3A-5C-77-69-6E-64-6F-77-73-5C-73-79-73-74-65-6D-33-32-5C-66-77-70-75-63-6C-6E-74-2E-64-6C-6C-57-6E-5C-FF-00-00-00-F7-57-00-30-0A-00-00-00-00-00-6A-63-3A-5C-77-69-6E-64-6F-77-73-5C-77-69-6E-73-78-73-5C-78-38-36-5F-6D-69-63-72-6F-73-6F-66-74-2E-76-63-39-30-2E-63-72-74-5F-31-66-63-38-62-33-62-39-61-31-65-31-38-65-33-62-5F-39-2E-30-2E-33-30-37-32-39-2E-39-36-33-35-5F-6E-6F-6E-65-5F-35-30-38-66-66-38-32-65-62-63-62-61-66-65-65-30-5C-6D-73-76-63-72-39-30-2E-64-6C-6C-0A-BC-0F-B4-1D-00-00-00-BA-00-00-B0-26-01-00-00-00-00-3E-64-3A-5C-73-77-74-6F-72-63-6C-61-73-73-69-63-5C-73-77-74-6F-72-65-6D-75-5C-6E-65-78-75-73-63-6C-69-65-6E-74-5C-6E-65-78-75-73-63-6C-69-65-6E-74-5C-73-77-74-6F-72-2D-65-6D-75-2E-65-78-65-4B-30-16-31-00-00-00-8A-7A-00-C0-19-00-00-00-00-00-3D-64-3A-5C-73-77-74-6F-72-63-6C-61-73-73-69-63-5C-73-77-74-6F-72-65-6D-75-5C-6E-65-78-75-73-63-6C-69-65-6E-74-5C-6E-65-78-75-73-63-6C-69-65-6E-74-5C-72-7A-73-64-6B-65-6E-67-2E-64-6C-6C-52-62-79-37-00-00-00-1E-6B-00-60-03-00-00-00-00-00-3E-64-3A-5C-73-77-74-6F-72-63-6C-61-73-73-69-63-5C-73-77-74-6F-72-65-6D-75-5C-6E-65-78-75-73-63-6C-69-65-6E-74-5C-6E-65-78-75-73-63-6C-69-65-6E-74-5C-6D-65-6D-6F-72-79-6D-61-6E-2E-64-6C-6C-46-FC-74-42-00-00-00-00-10-00-10-05-00-00-00-00-00-40-64-3A-5C-73-77-74-6F-72-63-6C-61-73-73-69-63-5C-73-77-74-6F-72-65-6D-75-5C-6E-65-78-75-73-63-6C-69-65-6E-74-5C-6E-65-78-75-73-63-6C-69-65-6E-74-5C-73-70-65-65-64-74-72-65-65-72-74-2E-64-6C-6C-38-00-25-52-00-00-00-15-04-00-D0-09-00-00-00-00-00-3C-64-3A-5C-73-77-74-6F-72-63-6C-61-73-73-69-63-5C-73-77-74-6F-72-65-6D-75-5C-6E-65-78-75-73-63-6C-69-65-6E-74-5C-6E-65-78-75-73-63-6C-69-65-6E-74-5C-67-72-61-6E-6E-79-32-2E-64-6C-6C-8F-0C-30-57-00-00-00-A4-7A-00-60-19-00-00-00-00-00-3D-64-3A-5C-73-77-74-6F-72-63-6C-61-73-73-69-63-5C-73-77-74-6F-72-65-6D-75-5C-6E-65-78-75-73-63-6C-69-65-6E-74-5C-6E-65-78-75-73-63-6C-69-65-6E-74-5C-72-7A-73-64-6B-6D-6F-64-2E-64-6C-6C-95-9C-C8-60-00-00-00-EB-79-00-90-03-00-00-00-00-00-49-64-3A-5C-73-77-74-6F-72-63-6C-61-73-73-69-63-5C-73-77-74-6F-72-65-6D-75-5C-6E-65-78-75-73-63-6C-69-65-6E-74-5C-6E-65-78-75-73-63-6C-69-65-6E-74-5C-72-65-6D-6F-74-65-72-65-6E-64-65-72-65-72-63-6C-69-65-6E-74-2E-64-6C-6C-D1-42-DD-70-00-00-00-F4-57-00-70-02-00-00-00-00-00-42-64-3A-5C-73-77-74-6F-72-63-6C-61-73-73-69-63-5C-73-77-74-6F-72-65-6D-75-5C-6E-65-78-75-73-63-6C-69-65-6E-74-5C-6E-65-78-75-73-63-6C-69-65-6E-74-5C-62-75-67-73-6C-61-79-65-72-75-74-69-6C-2E-64-6C-6C-44-EA-A1-B7-00-00-00-EF-79-00-90-03-00-00-00-00-00-3A-64-3A-5C-73-77-74-6F-72-63-6C-61-73-73-69-63-5C-73-77-74-6F-72-65-6D-75-5C-6E-65-78-75-73-63-6C-69-65-6E-74-5C-6E-65-78-75-73-63-6C-69-65-6E-74-5C-6E-65-78-75-73-2E-64-6C-6C-A2-3A-7E-EC-00-00-00-9D-77-00-30-02-00-00-00-00-00-41-64-3A-5C-73-77-74-6F-72-63-6C-61-73-73-69-63-5C-73-77-74-6F-72-65-6D-75-5C-6E-65-78-75-73-63-6C-69-65-6E-74-5C-6E-65-78-75-73-63-6C-69-65-6E-74-5C-70-6C-61-74-66-6F-72-6D-69-6E-66-6F-2E-64-6C-6C-01-8C-01-60-1D-00-00-00-CF-6E-00-10-02-00-00-00-00-00-2A-63-3A-5C-70-72-6F-67-72-61-6D-20-66-69-6C-65-73-20-28-78-38-36-29-5C-62-6F-6E-6A-6F-75-72-5C-6D-64-6E-73-6E-73-70-2E-64-6C-6C-00
[2026-10-04 14:59:41] TORGameServerPacket: Constructing Packet [AreaModulesList]
[2026-10-04 14:59:41] AreaPollExperiment: AREA-POLL AreaModulesList: decision=echo-reply-sent
[2026-10-04 14:59:41] TORGameServerPacket: Constructing Packet [AreaSetCharacter]
[2026-10-04 14:59:41] TORGameServerPacket: Constructing Packet [AreaHackPack]
[2026-10-04 14:59:41] TORGameServerPacket: Constructing Packet [AreaUpdateTimeSource]
[2026-10-04 14:59:41] TORGameServerPacket: Constructing Packet [AreaSendAwarenessRange]
[2026-10-04 14:59:41] TORGameServerPacket: Constructing Packet [AreaRequestRPC]
[2026-10-04 14:59:41] TORGameServerPacket: Constructing Packet [SetMailboxInteraction]
[2026-10-04 14:59:41] CRT: CRT diagnostic override [tython_blockout-4611686019869492753-1.1.acrt] path=[D:\SWTORClassic\swtoremu\Diagnostics\GeneratedPhaseCandidate\tython_blockout-4611686019869492753-1.1.acrt] bytes=57636 sha256=adc5a0cb3468d827821eed4d6b9773a83624548f34cfe8e38231bc3371a39b3c
[2026-10-04 14:59:41] CapturedCharacterRemap: Character fixture remap [CRT 1]: 2 packed + 0 little-endian references, 4000010E218A839C->4000010E218A839B.
[2026-10-04 14:59:41] TORGameServerPacket: Constructing Packet [AreaClientReplicationTransaction]
[2026-10-04 14:59:41] TORGameServerPacket: Constructing Packet [AreaRequestRPC]
[2026-10-04 14:59:41] TORGameServerPacket: Constructing Packet [AreaRequestRPC]
[2026-10-04 14:59:41] TORGameServerPacket: Constructing Packet [AreaRequestRPC]
[2026-10-04 14:59:41] TORGameServerPacket: Constructing Packet [AreaRequestRPC]
[2026-10-04 14:59:41] TORGameServerPacket: Constructing Packet [AreaRequestRPC]
[2026-10-04 14:59:41] TORGameServerPacket: Constructing Packet [AreaTalk]
[2026-10-04 14:59:41] CRT: CRT emit [tython_blockout-4611686019869492753-1.2.acrt] bytes=6543 sha256=c73ccaf38225fe1e8235095464e025553e88646ef45eb65623ec2c4943e6404e
[2026-10-04 14:59:41] CapturedCharacterRemap: Character fixture remap [CRT 2]: 25 packed + 0 little-endian references, 4000010E218A839C->4000010E218A839B.
[2026-10-04 14:59:41] AreaClientReplicationTransaction: CRT2: suppressed captured Safe Login Immunity /0/2 container slot and object record.
[2026-10-04 14:59:41] TORGameServerPacket: Constructing Packet [AreaClientReplicationTransaction]
[2026-10-04 14:59:41] TORGameServerPacket: Constructing Packet [AreaTeleportCharacter]
[2026-10-04 14:59:41] AreaStartupBundle: AreaStartupBundle: suppressing captured Safe Login Immunity effect 1.
[2026-10-04 14:59:41] TORGameServerPacket: Constructing Packet [SystemRequestRPC]
[2026-10-04 14:59:41] TORGameServerPacket: Constructing Packet [AreaRequestRPC]
[2026-10-04 14:59:41] TORGameServerPacket: Constructing Packet [AreaRequestRPC]
[2026-10-04 14:59:41] AreaStartupBundle: AreaStartupBundle: suppressing experimental player phase-data CRT3; set SWTOR_ENABLE_UNVERIFIED_CRT3=1 with the matched CRT override to test phase semantics.
[2026-10-04 14:59:41] TORGameServerPacket: Constructing Packet [AreaRequestRPC]
[2026-10-04 14:59:41] TORGameServerPacket: Constructing Packet [HasMail]
[2026-10-04 14:59:41] TORGameServerPacket: Constructing Packet [AreaRequestRPC]
[2026-10-04 14:59:41] AreaTaxiAwareness: AreaTaxiAwareness: fixture sha256=336316F50704B681D838645B3B13EC8E79DAEF006340E5829027502741D2B77A bytes=675 placement=(-53.5,-7.7,-125.5) npc=0x0000001AC7000001 containers=0x0000001AC7000002/0x0000001AC7000003/0x0000001AC7000004/0x0000001AC7000005
[2026-10-04 14:59:41] TORGameServerPacket: Constructing Packet [AreaAwarenessEntered]
[2026-10-04 14:59:41] TORGameServerPacket: Constructing Packet [AreaClientReplicationTransaction]
[2026-10-04 14:59:41] TythonTaxi: TythonTaxi: EXPERIMENT taxi NPC=0x0000001AC7000001; template=npc.location.tython.taxi.jediretreat_pad1; placement=(-53.5,-7.7,-125.5) (fixture hash logged by AreaTaxiAwareness); Retreat/Gnarls destinations unlocked for this session. Flight is pending.
[2026-10-04 14:59:41] TORGameServerPacket: Constructing Packet [AreaAwarenessEntered]
[2026-10-04 14:59:41] CapturedCharacterRemap: Character fixture remap [On Enter RPC batch]: 3 packed + 0 little-endian references, 4000010E218A839C->4000010E218A839B.
[2026-10-04 14:59:41] TORGameServerPacket: Constructing Packet [SMsg23B61238]
[2026-10-04 14:59:41] CapturedCharacterRemap: Character fixture remap [effect 2]: 0 packed + 2 little-endian references, 4000010E218A839C->4000010E218A839B.
[2026-10-04 14:59:41] TORGameServerPacket: Constructing Packet [AreaEffEventMessage]
[2026-10-04 14:59:41] CapturedCharacterRemap: Character fixture remap [effect 3]: 0 packed + 2 little-endian references, 4000010E218A839C->4000010E218A839B.
[2026-10-04 14:59:41] TORGameServerPacket: Constructing Packet [AreaEffEventMessage]
[2026-10-04 14:59:41] CapturedCharacterRemap: Character fixture remap [effect 4]: 0 packed + 2 little-endian references, 4000010E218A839C->4000010E218A839B.
[2026-10-04 14:59:41] TORGameServerPacket: Constructing Packet [AreaEffEventMessage]
[2026-10-04 14:59:41] CapturedCharacterRemap: Character fixture remap [effect 5]: 0 packed + 2 little-endian references, 4000010E218A839C->4000010E218A839B.
[2026-10-04 14:59:41] TORGameServerPacket: Constructing Packet [AreaEffEventMessage]
[2026-10-04 14:59:41] CapturedCharacterRemap: Character fixture remap [effect 6]: 0 packed + 2 little-endian references, 4000010E218A839C->4000010E218A839B.
[2026-10-04 14:59:41] TORGameServerPacket: Constructing Packet [AreaEffEventMessage]
[2026-10-04 14:59:41] CapturedCharacterRemap: Character fixture remap [effect 7]: 0 packed + 2 little-endian references, 4000010E218A839C->4000010E218A839B.
[2026-10-04 14:59:41] TORGameServerPacket: Constructing Packet [AreaEffEventMessage]
[2026-10-04 14:59:41] CapturedCharacterRemap: Character fixture remap [effect 8]: 0 packed + 2 little-endian references, 4000010E218A839C->4000010E218A839B.
[2026-10-04 14:59:41] TORGameServerPacket: Constructing Packet [AreaEffEventMessage]
[2026-10-04 14:59:41] CRT: CRT diagnostic override [tython_blockout-4611686019869492753-1.4.acrt] path=[D:\SWTORClassic\swtoremu\Diagnostics\GeneratedPhaseCandidate\tython_blockout-4611686019869492753-1.4.acrt] bytes=1785 sha256=5eec86299e359d49cdb5572689cb0f446c6eae7461667f211a86d17dce7b7a86
[2026-10-04 14:59:41] CapturedCharacterRemap: Character fixture remap [CRT 4]: 15 packed + 0 little-endian references, 4000010E218A839C->4000010E218A839B.
[2026-10-04 14:59:41] TORGameServerPacket: Constructing Packet [AreaClientReplicationTransaction]
[2026-10-04 14:59:41] CRT: CRT emit [tython_blockout-4611686019869492753-1.5.acrt] bytes=621 sha256=ca046975942850b0a88ea257412c61b34a022d0e709fe4e7ff325dc26d7e3895
[2026-10-04 14:59:41] CapturedCharacterRemap: Character fixture remap [CRT 5]: 1 packed + 0 little-endian references, 4000010E218A839C->4000010E218A839B.
[2026-10-04 14:59:41] TORGameServerPacket: Constructing Packet [AreaClientReplicationTransaction]
[2026-10-04 14:59:41] CRT: CRT emit [tython_blockout-4611686019869492753-1.6.acrt] bytes=621 sha256=a37f15a9ce400393c6534023e0c7e459eb47a6b162e1440fbb0023f0554e40f2
[2026-10-04 14:59:41] CapturedCharacterRemap: Character fixture remap [CRT 6]: 1 packed + 0 little-endian references, 4000010E218A839C->4000010E218A839B.
[2026-10-04 14:59:41] TORGameServerPacket: Constructing Packet [AreaClientReplicationTransaction]
[2026-10-04 14:59:41] CRT: CRT emit [tython_blockout-4611686019869492753-1.7.acrt] bytes=632 sha256=3f6e5fa80721f091f6ad0442a6e83d5d4984d5c237912e3e89f4afc7e130b300
[2026-10-04 14:59:41] CapturedCharacterRemap: Character fixture remap [CRT 7]: 1 packed + 0 little-endian references, 4000010E218A839C->4000010E218A839B.
[2026-10-04 14:59:41] TORGameServerPacket: Constructing Packet [AreaClientReplicationTransaction]
[2026-10-04 14:59:42] CRT: CRT emit [tython_blockout-4611686019869492753-1.8.acrt] bytes=621 sha256=14fdf748d841cd5021683887faebf55b20b517c8c6202a1c57fe98feb3775fcf
[2026-10-04 14:59:42] CapturedCharacterRemap: Character fixture remap [CRT 8]: 1 packed + 0 little-endian references, 4000010E218A839C->4000010E218A839B.
[2026-10-04 14:59:42] TORGameServerPacket: Constructing Packet [AreaClientReplicationTransaction]
[2026-10-04 14:59:42] CRT: CRT emit [tython_blockout-4611686019869492753-1.9.acrt] bytes=632 sha256=e8238d4ed7ce547e743c97c898db2e8cfc40ceb2afd649917bf59866de3aa662
[2026-10-04 14:59:42] CapturedCharacterRemap: Character fixture remap [CRT 9]: 1 packed + 0 little-endian references, 4000010E218A839C->4000010E218A839B.
[2026-10-04 14:59:42] TORGameServerPacket: Constructing Packet [AreaClientReplicationTransaction]
[2026-10-04 14:59:42] CRT: CRT emit [tython_blockout-4611686019869492753-1.10.acrt] bytes=621 sha256=2191ff1a7c8440ec003e1a3bc82f98241e3ec0741802519c27587d9539617185
[2026-10-04 14:59:42] CapturedCharacterRemap: Character fixture remap [CRT 10]: 1 packed + 0 little-endian references, 4000010E218A839C->4000010E218A839B.
[2026-10-04 14:59:42] TORGameServerPacket: Constructing Packet [AreaClientReplicationTransaction]
[2026-10-04 14:59:42] TORGameServerPacket: Constructing Packet [AreaAwarenessEntered]
[2026-10-04 14:59:42] CRT: CRT emit [tython_blockout-4611686019869492753-1.11.acrt] bytes=621 sha256=1faccc880f0951a00e1a007b30d08debcbab6881e4d5d10caad1716db08e53f3
[2026-10-04 14:59:42] CapturedCharacterRemap: Character fixture remap [CRT 11]: 1 packed + 0 little-endian references, 4000010E218A839C->4000010E218A839B.
[2026-10-04 14:59:42] TORGameServerPacket: Constructing Packet [AreaClientReplicationTransaction]
[2026-10-04 14:59:42] CRT: CRT emit [tython_blockout-4611686019869492753-1.12.acrt] bytes=26 sha256=0f0e635c88fa30a07c54df6ccfd53e049d477a15c267386b617b4eab070dffbf
[2026-10-04 14:59:42] TORGameServerPacket: Constructing Packet [AreaClientReplicationTransaction]
[2026-10-04 14:59:42] CRT: CRT emit [tython_blockout-4611686019869492753-1.13.acrt] bytes=622 sha256=cc534454fa56e73e8e3cbd980ef1aa165ed18fc442d58ea1cab59d8d525fc762
[2026-10-04 14:59:42] CapturedCharacterRemap: Character fixture remap [CRT 13]: 1 packed + 0 little-endian references, 4000010E218A839C->4000010E218A839B.
[2026-10-04 14:59:42] TORGameServerPacket: Constructing Packet [AreaClientReplicationTransaction]
[2026-10-04 14:59:42] CRT: CRT emit [tython_blockout-4611686019869492753-1.14.acrt] bytes=621 sha256=afb3b9a7e3a9cb881041e1c885b0c5388818ac607abd3de22f0ef6260c16de5d
[2026-10-04 14:59:42] CapturedCharacterRemap: Character fixture remap [CRT 14]: 1 packed + 0 little-endian references, 4000010E218A839C->4000010E218A839B.
[2026-10-04 14:59:42] TORGameServerPacket: Constructing Packet [AreaClientReplicationTransaction]
[2026-10-04 14:59:42] CRT: CRT emit [tython_blockout-4611686019869492753-1.15.acrt] bytes=621 sha256=b025481633398f6296854280de65fc00b02e973120a84665f46fbdf3de6e83ca
[2026-10-04 14:59:42] CapturedCharacterRemap: Character fixture remap [CRT 15]: 1 packed + 0 little-endian references, 4000010E218A839C->4000010E218A839B.
[2026-10-04 14:59:42] TORGameServerPacket: Constructing Packet [AreaClientReplicationTransaction]
[2026-10-04 14:59:42] CRT: CRT emit [tython_blockout-4611686019869492753-1.16.acrt] bytes=621 sha256=3695b16c150aec27354d1848e23018e6e0d70d8040299111240032e528bacd9f
[2026-10-04 14:59:42] CapturedCharacterRemap: Character fixture remap [CRT 16]: 1 packed + 0 little-endian references, 4000010E218A839C->4000010E218A839B.
[2026-10-04 14:59:42] AreaClientReplicationTransaction: CRT16: single-field staMobilityFree record; the captured field-100 stat map is dropped here and still delivered by CRT17.
[2026-10-04 14:59:42] TORGameServerPacket: Constructing Packet [AreaClientReplicationTransaction]
[2026-10-04 14:59:42] CRT: CRT emit [tython_blockout-4611686019869492753-1.17.acrt] bytes=736 sha256=540ca26f451d44bd6e7fce688ebd45f4f8caf7f7362a8bb7d3d668519900a790
[2026-10-04 14:59:42] CapturedCharacterRemap: Character fixture remap [CRT 17]: 1 packed + 0 little-endian references, 4000010E218A839C->4000010E218A839B.
[2026-10-04 14:59:42] AreaClientReplicationTransaction: CRT17: DIAGNOSTIC statmap variant, modMetaStatComputed_Shared and chrPlayerLoaded=true only; staMobility is NOT delivered.
[2026-10-04 14:59:42] TORGameServerPacket: Constructing Packet [AreaClientReplicationTransaction]
[2026-10-04 14:59:42] AreaStartupBundle: AreaStartupBundle: area startup sent; area=(tython_blockout)/(4611686019869492753)/(1).
[2026-10-04 14:59:42] AreaModulesList: AreaModulesList: startup bundle sent (startupSent=True).
[2026-10-04 14:59:42] TORGamePacketHandler: Received a packet [CMsgF96DCDB0]
[2026-10-04 14:59:42] TORGamePacketHandler: CMsgF96DCDB0 rx    B0 CD 6D F9 08 00 B3 65 09 00 00 00 C7 71 C3 79 12 2C | ..m....e.....q.y.,
   EF 39 EF                                              | .9.

[2026-10-04 14:59:42] AreaPollExperiment: AREA-POLL CMsgF96DCDB0: component=0x65B30008 len=13 placed=4611687178631283611 areaSvc=8 mode=Echo sub=09 trueTail=False body=09-00-00-00-C7-71-C3-79-12-2C-EF-39-EF
[2026-10-04 14:59:42] AreaPollExperiment: AREA-POLL CMsgF96DCDB0: decision=swallowed
[2026-10-04 14:59:42] TORGamePacketHandler: Received a packet [CMsg4A765897]
[2026-10-04 14:59:42] TORGamePacketHandler: CMsg4A765897 rx    97 58 76 4A 09 00 AC 65 09 00 00 00 CF 6F 6F 2E 93 B7 | .XvJ...e.....oo...
   43 63 6C                                              | Ccl

[2026-10-04 14:59:42] CMsg4A765897: CMsg4A765897: client rpc received (body 13 bytes), swallowed. hex=09-00-00-00-CF-6F-6F-2E-93-B7-43-63-6C
[2026-10-04 14:59:42] TORGamePacketHandler: Received a packet [CMsgF96DCDB0]
[2026-10-04 14:59:42] TORGamePacketHandler: CMsgF96DCDB0 rx    B0 CD 6D F9 08 00 B3 65 09 00 00 00 C7 71 C3 79 12 6B | ..m....e.....q.y.k
   ED 20 CE                                              | . .

[2026-10-04 14:59:42] AreaPollExperiment: AREA-POLL CMsgF96DCDB0: component=0x65B30008 len=13 placed=4611687178631283611 areaSvc=8 mode=Echo sub=09 trueTail=False body=09-00-00-00-C7-71-C3-79-12-6B-ED-20-CE
[2026-10-04 14:59:42] AreaPollExperiment: AREA-POLL CMsgF96DCDB0: decision=swallowed
[2026-10-04 14:59:42] TORGamePacketHandler: Received a packet [CMsgF96DCDB0]
[2026-10-04 14:59:42] TORGamePacketHandler: CMsgF96DCDB0 rx    B0 CD 6D F9 08 00 B3 65 09 00 00 00 C7 71 C3 79 12 F2 | ..m....e.....q.y..
   40 F5 F5                                              | @..

[2026-10-04 14:59:42] AreaPollExperiment: AREA-POLL CMsgF96DCDB0: component=0x65B30008 len=13 placed=4611687178631283611 areaSvc=8 mode=Echo sub=09 trueTail=False body=09-00-00-00-C7-71-C3-79-12-F2-40-F5-F5
[2026-10-04 14:59:42] AreaPollExperiment: AREA-POLL CMsgF96DCDB0: decision=swallowed
[2026-10-04 14:59:42] TORGamePacketHandler: Received a packet [CMsgF96DCDB0]
[2026-10-04 14:59:42] TORGamePacketHandler: CMsgF96DCDB0 rx    B0 CD 6D F9 08 00 B3 65 15 00 00 00 C7 71 C3 79 12 CC | ..m....e.....q.y..
   27 D5 17 02 C7 1C 1C E7 85 B2 80 36 8E 03 00          | '..........6...

[2026-10-04 14:59:42] AreaPollExperiment: AREA-POLL CMsgF96DCDB0: component=0x65B30008 len=25 placed=4611687178631283611 areaSvc=8 mode=Echo sub=15 trueTail=False body=15-00-00-00-C7-71-C3-79-12-CC-27-D5-17-02-C7-1C-1C-E7-85-B2-80-36-8E-03-00
[2026-10-04 14:59:42] AreaPollExperiment: AREA-POLL CMsgF96DCDB0: decision=swallowed
[2026-10-04 14:59:42] TORGamePacketHandler: Received a packet [CMsgF96DCDB0]
[2026-10-04 14:59:42] TORGamePacketHandler: CMsgF96DCDB0 rx    B0 CD 6D F9 08 00 B3 65 15 00 00 00 C7 71 C3 79 12 CC | ..m....e.....q.y..
   27 D5 17 02 C7 53 67 7E EB A7 AD 4C 60 03 00          | '....Sg~...L`..

[2026-10-04 14:59:42] AreaPollExperiment: AREA-POLL CMsgF96DCDB0: component=0x65B30008 len=25 placed=4611687178631283611 areaSvc=8 mode=Echo sub=15 trueTail=False body=15-00-00-00-C7-71-C3-79-12-CC-27-D5-17-02-C7-53-67-7E-EB-A7-AD-4C-60-03-00
[2026-10-04 14:59:42] AreaPollExperiment: AREA-POLL CMsgF96DCDB0: decision=swallowed
[2026-10-04 14:59:42] TORGamePacketHandler: Received a packet [CMsgF96DCDB0]
[2026-10-04 14:59:42] TORGamePacketHandler: CMsgF96DCDB0 rx    B0 CD 6D F9 08 00 B3 65 15 00 00 00 C7 71 C3 79 12 CC | ..m....e.....q.y..
   27 D5 17 02 CF 4B 8B 68 67 5C 82 05 D4 03 00          | '....K.hg\.....

[2026-10-04 14:59:42] AreaPollExperiment: AREA-POLL CMsgF96DCDB0: component=0x65B30008 len=25 placed=4611687178631283611 areaSvc=8 mode=Echo sub=15 trueTail=False body=15-00-00-00-C7-71-C3-79-12-CC-27-D5-17-02-CF-4B-8B-68-67-5C-82-05-D4-03-00
[2026-10-04 14:59:42] AreaPollExperiment: AREA-POLL CMsgF96DCDB0: decision=swallowed
[2026-10-04 14:59:42] TORGamePacketHandler: Received a packet [CMsgF96DCDB0]
[2026-10-04 14:59:42] TORGamePacketHandler: CMsgF96DCDB0 rx    B0 CD 6D F9 08 00 B3 65 0B 00 00 00 CF 14 63 F5 32 F5 | ..m....e......c.2.
   5F 35 EB 02 96                                        | _5...

[2026-10-04 14:59:42] AreaPollExperiment: AREA-POLL CMsgF96DCDB0: component=0x65B30008 len=15 placed=4611687178631283611 areaSvc=8 mode=Echo sub=0B trueTail=False body=0B-00-00-00-CF-14-63-F5-32-F5-5F-35-EB-02-96
[2026-10-04 14:59:43] AreaPollExperiment: AREA-POLL CMsgF96DCDB0: decision=swallowed
[2026-10-04 14:59:43] TORGamePacketHandler: Received a packet [CMsgC586BD22]
[2026-10-04 14:59:43] TORGamePacketHandler: CMsgC586BD22 rx    22 BD 86 C5 08 00 B3 65 01 00 00 00                   | "......e....

[2026-10-04 14:59:43] CMsgC586BD22: CMsgC586BD22: component=0x65B30008 len=4 body=01-00-00-00
[2026-10-04 14:59:43] CMsgC586BD22: CMsgC586BD22: observed area message; no synthetic response sent.
[2026-10-04 14:59:43] TORGamePacketHandler: Received a packet [SendScriptError]
[2026-10-04 14:59:43] SendScriptError: Client script error: msg=[Char spec missing: Unknown spec(0)] trace=[Char spec missing: Unknown spec(0)
10/04/2026 14:59:42
Call trace:
  Script 14988232461720378822 line 334 me[id=115007815681 class=4611686018435310013,4611686018455170113,4611686018456770059,4611686019631751166,4611686035046870024]
starting method/function FN_2745700068
starting me[id=115007815681 class=4611686018435310013,4611686018455170113,4611686018456770059,4611686019631751166,4611686035046870024]
Call trace:
  Script 14988068873268833607 line 13 me[id=115007815681 class=4611686018435310013,4611686018455170113,4611686018456770059,4611686019631751166,4611686035046870024]
starting method/function FN_705007523
starting me[id=115007815681 class=4611686018435310013,4611686018455170113,4611686018456770059,4611686019631751166,4611686035046870024]] char=4611687178631283611 area=4611686019869492753
[2026-10-04 14:59:43] TORGamePacketHandler: Received a packet [SendScriptError]
[2026-10-04 14:59:43] SendScriptError: Client script error: msg=[Mag node doesn't have a valid asset spec 115007815681] trace=[Mag node doesn't have a valid asset spec 115007815681
10/04/2026 14:59:42
Call trace:
  Script 14988218315743018005 line 83 me[id=115007815681 class=4611686018435310013,4611686018455170113,4611686018456770059,4611686019631751166,4611686035046870024]
  Script 14988160216094350333 line 187 me[id=115007815681 class=4611686018435310013,4611686018455170113,4611686018456770059,4611686019631751166,4611686035046870024]
  Script 14988160216094350333 line 1307 me[id=115007815681 class=4611686018435310013,4611686018455170113,4611686018456770059,4611686019631751166,4611686035046870024]
  Script 14988160216094350333 line 12 me[id=115007815681 class=4611686018435310013,4611686018455170113,4611686018456770059,4611686019631751166,4611686035046870024]
  Script 14988160216094350333 line 1422 me[id=115007815681 class=4611686018435310013,4611686018455170113,4611686018456770059,4611686019631751166,4611686035046870024]
starting method/function FN_2803757377
starting me[id=115007815681 class=4611686018435310013,4611686018455170113,4611686018456770059,4611686019631751166,4611686035046870024]
Call trace:
  Script 14988068873268833607 line 18 me[id=115007815681 class=4611686018435310013,4611686018455170113,4611686018456770059,4611686019631751166,4611686035046870024]
starting method/function FN_3955622414
starting me[id=115007815681 class=4611686018435310013,4611686018455170113,4611686018456770059,4611686019631751166,4611686035046870024]] char=4611687178631283611 area=4611686019869492753
[2026-10-04 14:59:43] TORGamePacketHandler: Received a packet [SendScriptError]
[2026-10-04 14:59:43] SendScriptError: Client script error: msg=[Node is not a MAG node or does not have a valid animation agent 115007815681] trace=[Node is not a MAG node or does not have a valid animation agent 115007815681
10/04/2026 14:59:42
Call trace:
  Script 14988218315743018005 line 21 me[id=115007815681 class=4611686018435310013,4611686018455170113,4611686018456770059,4611686019631751166,4611686035046870024]
  Script 14988218315743018005 line 26 me[id=115007815681 class=4611686018435310013,4611686018455170113,4611686018456770059,4611686019631751166,4611686035046870024]
  Script 14988160216094350333 line 259 me[id=115007815681 class=4611686018435310013,4611686018455170113,4611686018456770059,4611686019631751166,4611686035046870024]
  Script 14988227938622540367 line 411 me[id=1000003221 class=4611686018454770016]
  Script 14987992419209764756 line 6 me[id=115007815681 class=4611686018435310013,4611686018455170113,4611686018456770059,4611686019631751166,4611686035046870024]
starting method/function FN_2803757377
starting me[id=115007815681 class=4611686018435310013,4611686018455170113,4611686018456770059,4611686019631751166,4611686035046870024]
Call trace:
  Script 14988068873268833607 line 18 me[id=115007815681 class=4611686018435310013,4611686018455170113,4611686018456770059,4611686019631751166,4611686035046870024]
starting method/function FN_3955622414
starting me[id=115007815681 class=4611686018435310013,4611686018455170113,4611686018456770059,4611686019631751166,4611686035046870024]] char=4611687178631283611 area=4611686019869492753
[2026-10-04 14:59:43] TORGamePacketHandler: Received a packet [SendScriptError]
[2026-10-04 14:59:43] SendScriptError: Client script error: msg=[Mag node doesn't have a valid asset spec 115007815681] trace=[Mag node doesn't have a valid asset spec 115007815681
10/04/2026 14:59:42
Call trace:
  Script 14988232461720378822 line 438 me[id=115007815681 class=4611686018435310013,4611686018455170113,4611686018456770059,4611686019631751166,4611686035046870024]
  Script 14988232461720378822 line 396 me[id=115007815681 class=4611686018435310013,4611686018455170113,4611686018456770059,4611686019631751166,4611686035046870024]
starting method/function FN_2803757377
starting me[id=115007815681 class=4611686018435310013,4611686018455170113,4611686018456770059,4611686019631751166,4611686035046870024]
Call trace:
  Script 14988068873268833607 line 18 me[id=115007815681 class=4611686018435310013,4611686018455170113,4611686018456770059,4611686019631751166,4611686035046870024]
starting method/function FN_3955622414
starting me[id=115007815681 class=4611686018435310013,4611686018455170113,4611686018456770059,4611686019631751166,4611686035046870024]] char=4611687178631283611 area=4611686019869492753
[2026-10-04 14:59:43] TORGamePacketHandler: Received a packet [SendScriptError]
[2026-10-04 14:59:43] SendScriptError: Client script error: msg=[Node is not a MAG node or does not have a valid animation agent 115007815681] trace=[Node is not a MAG node or does not have a valid animation agent 115007815681
10/04/2026 14:59:42
Call trace:
  Script 14988218315743018005 line 21 me[id=115007815681 class=4611686018435310013,4611686018455170113,4611686018456770059,4611686019631751166,4611686035046870024]
  Script 14988218315743018005 line 26 me[id=115007815681 class=4611686018435310013,4611686018455170113,4611686018456770059,4611686019631751166,4611686035046870024]
  Script 14988160216094350333 line 259 me[id=115007815681 class=4611686018435310013,4611686018455170113,4611686018456770059,4611686019631751166,4611686035046870024]
  Script 14988227938622540367 line 411 me[id=1000003221 class=4611686018454770016]
  Script 14988110172442017861 line 51 me[id=115007815681 class=4611686018435310013,4611686018455170113,4611686018456770059,4611686019631751166,4611686035046870024]
starting method/function FN_2803757377
starting me[id=115007815681 class=4611686018435310013,4611686018455170113,4611686018456770059,4611686019631751166,4611686035046870024]
Call trace:
  Script 14988068873268833607 line 18 me[id=115007815681 class=4611686018435310013,4611686018455170113,4611686018456770059,4611686019631751166,4611686035046870024]
starting method/function FN_3955622414
starting me[id=115007815681 class=4611686018435310013,4611686018455170113,4611686018456770059,4611686019631751166,4611686035046870024]] char=4611687178631283611 area=4611686019869492753
[2026-10-04 14:59:43] TORGamePacketHandler: Received a packet [SendScriptError]
[2026-10-04 14:59:43] SendScriptError: Client script error: msg=[Node is not a MAG node or does not have a valid animation agent 115007815681] trace=[Node is not a MAG node or does not have a valid animation agent 115007815681
10/04/2026 14:59:42
Call trace:
  Script 14988218315743018005 line 21 me[id=115007815681 class=4611686018435310013,4611686018455170113,4611686018456770059,4611686019631751166,4611686035046870024]
  Script 14988218315743018005 line 26 me[id=115007815681 class=4611686018435310013,4611686018455170113,4611686018456770059,4611686019631751166,4611686035046870024]
  Script 14988160216094350333 line 259 me[id=115007815681 class=4611686018435310013,4611686018455170113,4611686018456770059,4611686019631751166,4611686035046870024]
  Script 14988232461720378822 line 855 me[id=115007815681 class=4611686018435310013,4611686018455170113,4611686018456770059,4611686019631751166,4611686035046870024]
  Script 14988232461720378822 line 919 me[id=115007815681 class=4611686018435310013,4611686018455170113,4611686018456770059,4611686019631751166,4611686035046870024]
  Script 14988227938622540367 line 321 me[id=1000003221 class=4611686018454770016]
  Script 14987986155653415919 line 162 me[id=4611687178631283611 class=4611686018433070017,4611686044188870013]
  Script 14987986155653415919 line 227 me[id=4611687178631283611 class=4611686018433070017,4611686044188870013]
starting method/function FN_3069254404
starting me[id=4611687178631283611 class=4611686018433070017,4611686044188870013]
Call trace:
  Script 14988068873268833607 line 35 me[id=4611687178631283611 class=4611686018433070017,4611686044188870013]
starting method/function FN_3294158067
starting me[id=4611687178631283611 class=4611686018433070017,4611686044188870013]] char=4611687178631283611 area=4611686019869492753
[2026-10-04 14:59:43] TORGamePacketHandler: Received a packet [CMsg61116AD5]
[2026-10-04 14:59:43] TORGamePacketHandler: CMsg61116AD5 rx    D5 6A 11 61 08 00 B3 65 C5 00 00 00 1A 00 B4 C2 8A BF | .j.a...e..........
   81 C2 C3 FF DC C0 8D 57 FF C2 2D 50 1B 00 00 00 00 00 | .......W..-P......
   05 B0 FF 38 38 0C 00 00                               | ...88...

[2026-10-04 14:59:43] AreaPollExperiment: AREA-POLL CMsg61116AD5: component=0x65B30008 len=36 placed=4611687178631283611 areaSvc=8 mode=Swallow body=C5-00-00-00-1A-00-B4-C2-8A-BF-81-C2-C3-FF-DC-C0-8D-57-FF-C2-2D-50-1B-00-00-00-00-00-05-B0-FF-38-38-0C-00-00
[2026-10-04 14:59:43] AreaPollExperiment: AREA-POLL CMsg61116AD5: decision=swallowed
[2026-10-04 14:59:43] TORGameServerPacket: Constructing Packet [AreaClientReplicationTransaction]
[2026-10-04 14:59:43] PlayerMovementState: MovementTether: EXPERIMENT refreshing selected-player anchor from finite decoded movement; field206 only; captured 2.4 leash retained; 250ms throttle.
[2026-10-04 14:59:43] TORGamePacketHandler: Received a packet [WorldByteReport]
[2026-10-04 14:59:43] WorldByteReport: World report 8EB28DE9: component=0x65AB0007 bytes=48 words=[9E8FCDF0,6F176C9F,920F5DFA,8617C310,1EC4DDFB,EA1490AB,F125EC76,B00AA8D9,1C3E05AB,0004B69D,93452BCC,1432F831] hex=F0-CD-8F-9E-9F-6C-17-6F-FA-5D-0F-92-10-C3-17-86-FB-DD-C4-1E-AB-90-14-EA-76-EC-25-F1-D9-A8-0A-B0-AB-05-3E-1C-9D-B6-04-00-CC-2B-45-93-31-F8-32-14; no synthetic WorldTravelStatus reply sent.
[2026-10-04 14:59:43] TORGamePacketHandler: Received a packet [CMsgCCACB51D]
[2026-10-04 14:59:43] TORGamePacketHandler: CMsgCCACB51D rx    1D B5 AC CC 08 00 B3 65 30 00 00 00 39 C4 EA BF DA 1F | .......e0...9.....
   2C 6F EF A2 3B DF 9A 79 62 5B FB DD C4 1E AB 90 14 EA | ,o..;..yb[........
   76 EC 25 F1 D9 A8 0A B0 AB 05 3E 1C 9D B6 04 00 CC 2B | v.%.......>......+
   45 93 31 F8 32 14                                     | E.1.2.

[2026-10-04 14:59:43] AreaPollExperiment: AREA-POLL CMsgCCACB51D: component=0x65B30008 len=52 placed=4611687178631283611 areaSvc=8 mode=Swallow body=30-00-00-00-39-C4-EA-BF-DA-1F-2C-6F-EF-A2-3B-DF-9A-79-62-5B-FB-DD-C4-1E-AB-90-14-EA-76-EC-25-F1-D9-A8-0A-B0-AB-05-3E-1C-9D-B6-04-00-CC-2B-45-93-31-F8-32-14
[2026-10-04 14:59:43] AreaPollExperiment: AREA-POLL CMsgCCACB51D: decision=swallowed
[2026-10-04 14:59:43] TORGamePacketHandler: Received a packet [HackNotifyData]
[2026-10-04 14:59:43] TORGamePacketHandler: Received a packet [RepositoryDataRequest]
[2026-10-04 14:59:43] TORGameServerPacket: Constructing Packet [RepositoryDataNotFound]
[2026-10-04 14:59:43] RepositoryDataRequest: Repository asset unavailable: request=106, path='/art/fx/fxspec/0.fxspec'. Returned FQN NOT FOUND; verify the matching local archives.
[2026-10-04 14:59:43] TORGamePacketHandler: Received a packet [RepositoryDataReceipt]
[2026-10-04 14:59:43] RepositoryDataReceipt: Repository resource receipt: value=0.
[2026-10-04 14:59:45] TORGamePacketHandler: Received a packet [Ping]
[2026-10-04 14:59:45] TORGameServerPacket: Constructing Packet [Ping]
[2026-10-04 14:59:45] TORGamePacketHandler: Received a packet [RepositoryDataRequest]
[2026-10-04 14:59:45] TORGameServerPacket: Constructing Packet [RepositoryDataNotFound]
[2026-10-04 14:59:45] RepositoryDataRequest: Repository asset unavailable: request=107, path='/art/shaders/materials/speedtree_collision.mat'. Returned FQN NOT FOUND; verify the matching local archives.
[2026-10-04 14:59:45] TORGamePacketHandler: Received a packet [RepositoryDataReceipt]
[2026-10-04 14:59:45] RepositoryDataReceipt: Repository resource receipt: value=0.
[2026-10-04 14:59:46] TORGamePacketHandler: Received a packet [RepositoryDataRequest]
[2026-10-04 14:59:46] TORGameServerPacket: Constructing Packet [RepositoryDataNotFound]
[2026-10-04 14:59:46] RepositoryDataRequest: Repository asset unavailable: request=108, path='/.tex'. Returned FQN NOT FOUND; verify the matching local archives.
[2026-10-04 14:59:46] TORGamePacketHandler: Received a packet [RepositoryDataReceipt]
[2026-10-04 14:59:46] RepositoryDataReceipt: Repository resource receipt: value=0.
[2026-10-04 14:59:47] TORGamePacketHandler: Received a packet [CMsgF96DCDB0]
[2026-10-04 14:59:47] TORGamePacketHandler: CMsgF96DCDB0 rx    B0 CD 6D F9 08 00 B3 65 09 00 00 00 C7 71 C3 79 12 E5 | ..m....e.....q.y..
   44 26 85                                              | D&.

[2026-10-04 14:59:47] AreaPollExperiment: AREA-POLL CMsgF96DCDB0: component=0x65B30008 len=13 placed=4611687178631283611 areaSvc=8 mode=Echo sub=09 trueTail=False body=09-00-00-00-C7-71-C3-79-12-E5-44-26-85
[2026-10-04 14:59:47] AreaPollExperiment: AREA-POLL CMsgF96DCDB0: decision=swallowed
[2026-10-04 14:59:48] TORGamePacketHandler: Received a packet [CMsg7CB9A193]
[2026-10-04 14:59:48] AreaPollExperiment: AREA-POLL CMsg7CB9A193: component=0x65B30008 len=43 placed=4611687178631283611 areaSvc=8 mode=Swallow body=27-00-00-00-CF-AC-41-D7-0D-00-00-00-00-00-00-00-00-CD-80-61-31-20-00-00-00-00-00-00-00-00-CF-AC-41-D7-04-00-00-00-00-00-00-00-00
[2026-10-04 14:59:48] AreaPollExperiment: AREA-POLL CMsg7CB9A193: decision=swallowed
[2026-10-04 14:59:50] TORGamePacketHandler: Received a packet [Ping]
[2026-10-04 14:59:50] TORGameServerPacket: Constructing Packet [Ping]
[2026-10-04 14:59:52] TORGamePacketHandler: Received a packet [ModulesList]
[2026-10-04 14:59:52] ModulesList: ModulesList: len=12 startupSent=True hex=08-00-00-00-04-00-00-00-00-00-00-00
[2026-10-04 14:59:52] TORGamePacketHandler: Received a packet [WorldByteReport]
[2026-10-04 14:59:52] WorldByteReport: World report 8EB28DE9: component=0x65AB0007 bytes=48 words=[98A7C4D8,BF1EB3A9,9AFF5FEB,F75CC462,1EC4DDFB,EA1490AB,F125EC76,B00AA8D9,1C3E05AB,0004B69D,93452BCC,1432F831] hex=D8-C4-A7-98-A9-B3-1E-BF-EB-5F-FF-9A-62-C4-5C-F7-FB-DD-C4-1E-AB-90-14-EA-76-EC-25-F1-D9-A8-0A-B0-AB-05-3E-1C-9D-B6-04-00-CC-2B-45-93-31-F8-32-14; no synthetic WorldTravelStatus reply sent.
[2026-10-04 14:59:52] TORGamePacketHandler: Received a packet [CMsgCCACB51D]
[2026-10-04 14:59:52] TORGamePacketHandler: CMsgCCACB51D rx    1D B5 AC CC 08 00 B3 65 30 00 00 00 16 35 33 81 45 81 | .......e0....53.E.
   63 60 7A 69 81 48 9B DD 21 47 FB DD C4 1E AB 90 14 EA | c`zi.H..!G........
   76 EC 25 F1 D9 A8 0A B0 AB 05 3E 1C 9D B6 04 00 CC 2B | v.%.......>......+
   45 93 31 F8 32 14                                     | E.1.2.

[2026-10-04 14:59:52] AreaPollExperiment: AREA-POLL CMsgCCACB51D: component=0x65B30008 len=52 placed=4611687178631283611 areaSvc=8 mode=Swallow body=30-00-00-00-16-35-33-81-45-81-63-60-7A-69-81-48-9B-DD-21-47-FB-DD-C4-1E-AB-90-14-EA-76-EC-25-F1-D9-A8-0A-B0-AB-05-3E-1C-9D-B6-04-00-CC-2B-45-93-31-F8-32-14
[2026-10-04 14:59:52] AreaPollExperiment: AREA-POLL CMsgCCACB51D: decision=swallowed
[2026-10-04 14:59:52] TORGamePacketHandler: Received a packet [HackNotifyData]
[2026-10-04 14:59:53] TORGamePacketHandler: Received a packet [CMsgC26464A9]
[2026-10-04 14:59:53] AreaPollExperiment: AREA-POLL CMsgC26464A9: component=0x65AB0007 len=43 placed=4611687178631283611 areaSvc=8 mode=Swallow body=27-00-00-00-CD-80-61-31-1E-00-00-00-00-00-00-00-00-7B-70-AA-55-25-00-00-00-00-00-00-00-00-CF-AC-41-D7-02-00-00-00-00-00-00-00-00
[2026-10-04 14:59:53] AreaPollExperiment: AREA-POLL CMsgC26464A9: decision=swallowed
[2026-10-04 14:59:55] TORGamePacketHandler: Received a packet [Ping]
[2026-10-04 14:59:55] TORGameServerPacket: Constructing Packet [Ping]
[2026-10-04 14:59:55] TORGamePacketHandler: Received a packet [AreaModulesList]
[2026-10-04 14:59:55] AreaPollExperiment: AREA-POLL AreaModulesList: component=0x65B30008 len=12 placed=4611687178631283611 areaSvc=8 mode=Echo body=08-00-00-00-04-00-00-00-00-00-00-00
[2026-10-04 14:59:55] TORGameServerPacket: Constructing Packet [AreaModulesList]
[2026-10-04 14:59:55] AreaPollExperiment: AREA-POLL AreaModulesList: decision=echo-reply-sent
[2026-10-04 14:59:55] AreaModulesList: AreaModulesList: startup bundle already sent; skipped.
[2026-10-04 15:00:00] TORGamePacketHandler: Received a packet [Ping]
[2026-10-04 15:00:00] TORGameServerPacket: Constructing Packet [Ping]
[2026-10-04 15:00:02] TORGamePacketHandler: Received a packet [WorldByteReport]
[2026-10-04 15:00:02] WorldByteReport: World report 8EB28DE9: component=0x65AB0007 bytes=48 words=[61680307,859CC99E,6F290217,91C9D4A3,1EC4DDFB,EA1490AB,F125EC76,B00AA8D9,1C3E05AB,0004B69D,93452BCC,1432F831] hex=07-03-68-61-9E-C9-9C-85-17-02-29-6F-A3-D4-C9-91-FB-DD-C4-1E-AB-90-14-EA-76-EC-25-F1-D9-A8-0A-B0-AB-05-3E-1C-9D-B6-04-00-CC-2B-45-93-31-F8-32-14; no synthetic WorldTravelStatus reply sent.
[2026-10-04 15:00:02] TORGamePacketHandler: Received a packet [CMsgCCACB51D]
[2026-10-04 15:00:02] TORGamePacketHandler: CMsgCCACB51D rx    1D B5 AC CC 08 00 B3 65 30 00 00 00 B3 2F B4 40 05 C3 | .......e0..../.@..
   DB 48 27 55 C1 29 12 74 0B 2E FB DD C4 1E AB 90 14 EA | .H'U.).t..........
   76 EC 25 F1 D9 A8 0A B0 AB 05 3E 1C 9D B6 04 00 CC 2B | v.%.......>......+
   45 93 31 F8 32 14                                     | E.1.2.

[2026-10-04 15:00:02] AreaPollExperiment: AREA-POLL CMsgCCACB51D: component=0x65B30008 len=52 placed=4611687178631283611 areaSvc=8 mode=Swallow body=30-00-00-00-B3-2F-B4-40-05-C3-DB-48-27-55-C1-29-12-74-0B-2E-FB-DD-C4-1E-AB-90-14-EA-76-EC-25-F1-D9-A8-0A-B0-AB-05-3E-1C-9D-B6-04-00-CC-2B-45-93-31-F8-32-14
[2026-10-04 15:00:02] AreaPollExperiment: AREA-POLL CMsgCCACB51D: decision=swallowed
[2026-10-04 15:00:02] TORGamePacketHandler: Received a packet [HackNotifyData]
[2026-10-04 15:00:03] TORGamePacketHandler: Received a packet [CMsg61116AD5]
[2026-10-04 15:00:03] TORGamePacketHandler: CMsg61116AD5 rx    D5 6A 11 61 08 00 B3 65 C7 00 00 00 E7 C4 BB C2 8D 26 | .j.a...e.........&
   19 3F 00 00 00 00 DB 48 27 3D 73 BC 81 C2 C3 FF DC C0 | .?.....H'=s.......
   57 57 FF C2 2F 50 1B 00 00 00 00 00 59 01 00 39 38 0C | WW../P......Y..98.
   00 00                                                 | ..

[2026-10-04 15:00:03] AreaPollExperiment: AREA-POLL CMsg61116AD5: component=0x65B30008 len=48 placed=4611687178631283611 areaSvc=8 mode=Swallow body=C7-00-00-00-E7-C4-BB-C2-8D-26-19-3F-00-00-00-00-DB-48-27-3D-73-BC-81-C2-C3-FF-DC-C0-57-57-FF-C2-2F-50-1B-00-00-00-00-00-59-01-00-39-38-0C-00-00
[2026-10-04 15:00:03] AreaPollExperiment: AREA-POLL CMsg61116AD5: decision=swallowed
[2026-10-04 15:00:03] TORGameServerPacket: Constructing Packet [AreaClientReplicationTransaction]
[2026-10-04 15:00:03] TORGamePacketHandler: Received a packet [CMsg61116AD5]
[2026-10-04 15:00:03] TORGamePacketHandler: CMsg61116AD5 rx    D5 6A 11 61 08 00 B3 65 C7 00 00 00 FA 64 CE C2 51 86 | .j.a...e.....d..Q.
   15 3F 00 00 00 00 E0 0B 0C 3E 93 62 81 C2 C3 FF DC C0 | .?.......>.b......
   58 4B FF C2 30 50 1B 00 00 00 00 00 81 02 00 39 38 0C | XK..0P.........98.
   00 00                                                 | ..

[2026-10-04 15:00:03] AreaPollExperiment: AREA-POLL CMsg61116AD5: component=0x65B30008 len=48 placed=4611687178631283611 areaSvc=8 mode=Swallow body=C7-00-00-00-FA-64-CE-C2-51-86-15-3F-00-00-00-00-E0-0B-0C-3E-93-62-81-C2-C3-FF-DC-C0-58-4B-FF-C2-30-50-1B-00-00-00-00-00-81-02-00-39-38-0C-00-00
[2026-10-04 15:00:03] AreaPollExperiment: AREA-POLL CMsg61116AD5: decision=swallowed
[2026-10-04 15:00:03] TORGameServerPacket: Constructing Packet [AreaClientReplicationTransaction]
[2026-10-04 15:00:04] TORGamePacketHandler: Received a packet [ModulesList]
[2026-10-04 15:00:04] ModulesList: ModulesList: len=12 startupSent=True hex=08-00-00-00-04-00-00-00-00-00-00-00
[2026-10-04 15:00:04] TORGamePacketHandler: Received a packet [CMsg61116AD5]
[2026-10-04 15:00:04] TORGamePacketHandler: CMsg61116AD5 rx    D5 6A 11 61 08 00 B3 65 C7 00 00 00 A1 3D E1 C2 0B C4 | .j.a...e.....=....
   0D 3F 00 00 00 00 99 25 6C 3E 29 09 81 C2 C3 FF DC C0 | .?.....%l>).......
   D6 2F FF C2 31 50 1B 00 00 00 00 00 B1 03 00 39 38 0C | ./..1P.........98.
   00 00                                                 | ..

[2026-10-04 15:00:04] AreaPollExperiment: AREA-POLL CMsg61116AD5: component=0x65B30008 len=48 placed=4611687178631283611 areaSvc=8 mode=Swallow body=C7-00-00-00-A1-3D-E1-C2-0B-C4-0D-3F-00-00-00-00-99-25-6C-3E-29-09-81-C2-C3-FF-DC-C0-D6-2F-FF-C2-31-50-1B-00-00-00-00-00-B1-03-00-39-38-0C-00-00
[2026-10-04 15:00:04] AreaPollExperiment: AREA-POLL CMsg61116AD5: decision=swallowed
[2026-10-04 15:00:04] TORGameServerPacket: Constructing Packet [AreaClientReplicationTransaction]
[2026-10-04 15:00:04] TORGamePacketHandler: Received a packet [CMsg61116AD5]
[2026-10-04 15:00:04] TORGamePacketHandler: CMsg61116AD5 rx    D5 6A 11 61 08 00 B3 65 C7 00 00 00 11 39 F3 C2 8C D5 | .j.a...e.....9....
   02 3F 00 00 00 00 E9 DF A0 3E 09 AB 80 C2 C4 FF DC C0 | .?.......>........
   DE FC FE C2 32 50 1B 00 00 00 00 00 0E 05 00 39 38 0C | ....2P.........98.
   00 00                                                 | ..

[2026-10-04 15:00:04] AreaPollExperiment: AREA-POLL CMsg61116AD5: component=0x65B30008 len=48 placed=4611687178631283611 areaSvc=8 mode=Swallow body=C7-00-00-00-11-39-F3-C2-8C-D5-02-3F-00-00-00-00-E9-DF-A0-3E-09-AB-80-C2-C4-FF-DC-C0-DE-FC-FE-C2-32-50-1B-00-00-00-00-00-0E-05-00-39-38-0C-00-00
[2026-10-04 15:00:04] AreaPollExperiment: AREA-POLL CMsg61116AD5: decision=swallowed
[2026-10-04 15:00:04] TORGameServerPacket: Constructing Packet [AreaClientReplicationTransaction]
[2026-10-04 15:00:05] TORGamePacketHandler: Received a packet [Ping]
[2026-10-04 15:00:05] TORGameServerPacket: Constructing Packet [Ping]
[2026-10-04 15:00:05] TORGamePacketHandler: Received a packet [CMsg61116AD5]
[2026-10-04 15:00:05] TORGamePacketHandler: CMsg61116AD5 rx    D5 6A 11 61 08 00 B3 65 C7 00 00 00 E9 FB 00 C3 8B C0 | .j.a...e..........
   EE 3E 00 00 00 00 F5 6E C1 3E 8B F0 7F C2 C4 FF DC C0 | .>.....n.>........
   E1 74 FE C2 33 50 1B 00 00 00 00 00 EA 07 00 39 38 0C | .t..3P.........98.
   00 00                                                 | ..

[2026-10-04 15:00:05] AreaPollExperiment: AREA-POLL CMsg61116AD5: component=0x65B30008 len=48 placed=4611687178631283611 areaSvc=8 mode=Swallow body=C7-00-00-00-E9-FB-00-C3-8B-C0-EE-3E-00-00-00-00-F5-6E-C1-3E-8B-F0-7F-C2-C4-FF-DC-C0-E1-74-FE-C2-33-50-1B-00-00-00-00-00-EA-07-00-39-38-0C-00-00
[2026-10-04 15:00:05] AreaPollExperiment: AREA-POLL CMsg61116AD5: decision=swallowed
[2026-10-04 15:00:05] TORGameServerPacket: Constructing Packet [AreaClientReplicationTransaction]
[2026-10-04 15:00:05] TORGamePacketHandler: Received a packet [CMsg61116AD5]
[2026-10-04 15:00:05] TORGamePacketHandler: CMsg61116AD5 rx    D5 6A 11 61 08 00 B3 65 C7 00 00 00 09 FC 00 C3 E8 D3 | .j.a...e..........
   EE 3E 05 AB AC 3E 46 3B C1 3E 40 BC 7F C2 2D 9A DC C0 | .>...>F;.>@...-...
   B6 5F FE C2 34 50 1B 00 00 00 00 00 58 08 00 39 38 0C | ._..4P......X..98.
   00 00                                                 | ..

[2026-10-04 15:00:05] AreaPollExperiment: AREA-POLL CMsg61116AD5: component=0x65B30008 len=48 placed=4611687178631283611 areaSvc=8 mode=Swallow body=C7-00-00-00-09-FC-00-C3-E8-D3-EE-3E-05-AB-AC-3E-46-3B-C1-3E-40-BC-7F-C2-2D-9A-DC-C0-B6-5F-FE-C2-34-50-1B-00-00-00-00-00-58-08-00-39-38-0C-00-00
[2026-10-04 15:00:05] AreaPollExperiment: AREA-POLL CMsg61116AD5: decision=swallowed
[2026-10-04 15:00:05] TORGamePacketHandler: Received a packet [CMsg61116AD5]
[2026-10-04 15:00:05] TORGamePacketHandler: CMsg61116AD5 rx    D5 6A 11 61 08 00 B3 65 C7 00 00 00 0B FC 00 C3 83 C2 | .j.a...e..........
   EE 3E 00 00 00 00 4C 5C C1 3E 13 66 7F C2 66 2C DD C0 | .>....L\.>.f..f,..
   D7 3C FE C2 34 50 1B 00 00 00 00 00 0C 09 00 39 38 0C | .<..4P.........98.
   00 00                                                 | ..

[2026-10-04 15:00:05] AreaPollExperiment: AREA-POLL CMsg61116AD5: component=0x65B30008 len=48 placed=4611687178631283611 areaSvc=8 mode=Swallow body=C7-00-00-00-0B-FC-00-C3-83-C2-EE-3E-00-00-00-00-4C-5C-C1-3E-13-66-7F-C2-66-2C-DD-C0-D7-3C-FE-C2-34-50-1B-00-00-00-00-00-0C-09-00-39-38-0C-00-00
[2026-10-04 15:00:05] AreaPollExperiment: AREA-POLL CMsg61116AD5: decision=swallowed
[2026-10-04 15:00:05] TORGameServerPacket: Constructing Packet [AreaClientReplicationTransaction]
[2026-10-04 15:00:05] TORGamePacketHandler: Received a packet [CMsg61116AD5]
[2026-10-04 15:00:05] TORGamePacketHandler: CMsg61116AD5 rx    D5 6A 11 61 08 00 B3 65 C7 00 00 00 0B FC 00 C3 6B B2 | .j.a...e........k.
   EE 3E 2F 7B EC 3E EF 5F C1 3E BC 5C 7F C2 B6 07 DD C0 | .>/{.>._.>.\......
   0F 39 FE C2 35 50 1B 00 00 00 00 00 1F 09 00 39 38 0C | .9..5P.........98.
   00 00                                                 | ..

[2026-10-04 15:00:05] AreaPollExperiment: AREA-POLL CMsg61116AD5: component=0x65B30008 len=48 placed=4611687178631283611 areaSvc=8 mode=Swallow body=C7-00-00-00-0B-FC-00-C3-6B-B2-EE-3E-2F-7B-EC-3E-EF-5F-C1-3E-BC-5C-7F-C2-B6-07-DD-C0-0F-39-FE-C2-35-50-1B-00-00-00-00-00-1F-09-00-39-38-0C-00-00
[2026-10-04 15:00:05] AreaPollExperiment: AREA-POLL CMsg61116AD5: decision=swallowed
[2026-10-04 15:00:05] TORGamePacketHandler: Received a packet [CMsg61116AD5]
[2026-10-04 15:00:05] TORGamePacketHandler: CMsg61116AD5 rx    D5 6A 11 61 08 00 B3 65 C7 00 00 00 0B FC 00 C3 70 CC | .j.a...e........p.
   EE 3E 81 5D 73 3E 7C 52 C1 3E D5 57 7F C2 BA F3 DC C0 | .>.]s>|R.>.W......
   13 37 FE C2 35 50 1B 00 00 00 00 00 2A 09 00 39 38 0C | .7..5P......*..98.
   00 00                                                 | ..

[2026-10-04 15:00:05] AreaPollExperiment: AREA-POLL CMsg61116AD5: component=0x65B30008 len=48 placed=4611687178631283611 areaSvc=8 mode=Swallow body=C7-00-00-00-0B-FC-00-C3-70-CC-EE-3E-81-5D-73-3E-7C-52-C1-3E-D5-57-7F-C2-BA-F3-DC-C0-13-37-FE-C2-35-50-1B-00-00-00-00-00-2A-09-00-39-38-0C-00-00
[2026-10-04 15:00:05] AreaPollExperiment: AREA-POLL CMsg61116AD5: decision=swallowed
[2026-10-04 15:00:05] TORGamePacketHandler: Received a packet [CMsg61116AD5]
[2026-10-04 15:00:05] TORGamePacketHandler: CMsg61116AD5 rx    D5 6A 11 61 08 00 B3 65 C7 00 00 00 0B FC 00 C3 1B D1 | .j.a...e..........
   EE 3E 86 04 DB 3E A4 51 C1 3E 8E 4E 7F C2 E3 C2 DC C0 | .>...>.Q.>.N......
   52 33 FE C2 35 50 1B 00 00 00 00 00 3D 09 00 39 38 0C | R3..5P......=..98.
   00 00                                                 | ..

[2026-10-04 15:00:05] AreaPollExperiment: AREA-POLL CMsg61116AD5: component=0x65B30008 len=48 placed=4611687178631283611 areaSvc=8 mode=Swallow body=C7-00-00-00-0B-FC-00-C3-1B-D1-EE-3E-86-04-DB-3E-A4-51-C1-3E-8E-4E-7F-C2-E3-C2-DC-C0-52-33-FE-C2-35-50-1B-00-00-00-00-00-3D-09-00-39-38-0C-00-00
[2026-10-04 15:00:05] AreaPollExperiment: AREA-POLL CMsg61116AD5: decision=swallowed
[2026-10-04 15:00:05] TORGamePacketHandler: Received a packet [CMsg61116AD5]
[2026-10-04 15:00:05] TORGamePacketHandler: CMsg61116AD5 rx    D5 6A 11 61 08 00 B3 65 C7 00 00 00 0B FC 00 C3 C8 CC | .j.a...e..........
   EE 3E 00 00 00 00 09 47 C1 3E B8 49 7F C2 E3 C2 DC C0 | .>.....G.>.I......
   5D 31 FE C2 35 50 1B 00 00 00 00 00 48 09 00 39 38 0C | ]1..5P......H..98.
   00 00                                                 | ..

[2026-10-04 15:00:05] AreaPollExperiment: AREA-POLL CMsg61116AD5: component=0x65B30008 len=48 placed=4611687178631283611 areaSvc=8 mode=Swallow body=C7-00-00-00-0B-FC-00-C3-C8-CC-EE-3E-00-00-00-00-09-47-C1-3E-B8-49-7F-C2-E3-C2-DC-C0-5D-31-FE-C2-35-50-1B-00-00-00-00-00-48-09-00-39-38-0C-00-00
[2026-10-04 15:00:05] AreaPollExperiment: AREA-POLL CMsg61116AD5: decision=swallowed
[2026-10-04 15:00:05] TORGamePacketHandler: Received a packet [CMsg7CB9A193]
[2026-10-04 15:00:05] AreaPollExperiment: AREA-POLL CMsg7CB9A193: component=0x65B30008 len=43 placed=4611687178631283611 areaSvc=8 mode=Swallow body=27-00-00-00-A3-82-FD-6C-12-00-00-00-00-00-00-00-00-9D-90-CC-B1-0A-00-00-00-00-00-00-00-00-CF-AC-41-D7-0D-00-00-00-00-00-00-00-00
[2026-10-04 15:00:05] AreaPollExperiment: AREA-POLL CMsg7CB9A193: decision=swallowed
[2026-10-04 15:00:06] TORGamePacketHandler: Received a packet [CMsgC26464A9]
[2026-10-04 15:00:06] AreaPollExperiment: AREA-POLL CMsgC26464A9: component=0x65AB0007 len=43 placed=4611687178631283611 areaSvc=8 mode=Swallow body=27-00-00-00-D3-AD-AC-A9-23-00-00-00-00-00-00-00-00-9D-90-CC-B1-09-00-00-00-00-00-00-00-00-9D-90-CC-B1-0A-00-00-00-00-00-00-00-00
[2026-10-04 15:00:06] AreaPollExperiment: AREA-POLL CMsgC26464A9: decision=swallowed
[2026-10-04 15:00:06] TORGamePacketHandler: Received a packet [CMsg61116AD5]
[2026-10-04 15:00:06] TORGamePacketHandler: CMsg61116AD5 rx    D5 6A 11 61 08 00 B3 65 C7 00 00 00 70 64 08 C3 7A DD | .j.a...e....pd..z.
   D3 3E 00 00 00 00 C6 41 DE 3E DD C2 7D C2 4E C3 DC C0 | .>.....A.>..}.N...
   FA 8F FD C2 35 50 1B 00 00 00 00 00 82 0C 00 39 38 0C | ....5P.........98.
   00 00                                                 | ..

[2026-10-04 15:00:06] AreaPollExperiment: AREA-POLL CMsg61116AD5: component=0x65B30008 len=48 placed=4611687178631283611 areaSvc=8 mode=Swallow body=C7-00-00-00-70-64-08-C3-7A-DD-D3-3E-00-00-00-00-C6-41-DE-3E-DD-C2-7D-C2-4E-C3-DC-C0-FA-8F-FD-C2-35-50-1B-00-00-00-00-00-82-0C-00-39-38-0C-00-00
[2026-10-04 15:00:06] AreaPollExperiment: AREA-POLL CMsg61116AD5: decision=swallowed
[2026-10-04 15:00:06] TORGameServerPacket: Constructing Packet [AreaClientReplicationTransaction]
[2026-10-04 15:00:06] AreaReplicationDestroy: PhaseExit: EXPERIMENT player phsPhase=None update; player=0x4000010E218A839B field=0x40000002641F28CC structure=26 index=25; before phase-info removal.
[2026-10-04 15:00:06] AreaReplicationDestroy: AreaReplicationDestroy: stream=0x001B5037 node=0x0000001AC6F6DC1F
[2026-10-04 15:00:06] TORGameServerPacket: Constructing Packet [AreaClientReplicationTransaction]
[2026-10-04 15:00:06] TORGameServerPacket: AREA-PAYLOAD type=AreaClientReplicationTransaction bytes=120 prefixBytes=120 hex=80-6E-44-0D-B3-65-08-00-37-50-1B-00-00-00-00-00-03-02-CF-40-00-01-0E-21-8A-83-9B-09-05-08-C9-00-3B-1A-C9-00-01-00-00-00-00-00-00-00-10-00-00-00-00-00-00-00-00-00-00-00-00-00-00-00-00-00-00-00-00-00-00-00-00-00-00-00-00-00-00-00-00-00-00-00-00-00-00-00-00-00-00-00-00-00-00-00-CC-1A-C6-F6-DC-0E-09-05-08-0B-0D-08-03-01-CC-1A-C6-F6-DC-17-78-01-CC-1A-C6-F6-DC-1F
[2026-10-04 15:00:06] PlayerMovementState: RetreatMembership: exited; authored-gateway timing; player=0x4000010E218A839B position=(-63.4403,-6.8988,-126.7812).
[2026-10-04 15:00:07] TORGamePacketHandler: Received a packet [CMsg61116AD5]
[2026-10-04 15:00:07] TORGamePacketHandler: CMsg61116AD5 rx    D5 6A 11 61 08 00 B3 65 C7 00 00 00 71 62 0F C3 E2 31 | .j.a...e....qb...1
   B7 3E 00 00 00 00 BC B1 F6 3E EE 93 7C C2 4D C3 DC C0 | .>.......>..|.M...
   24 C8 FC C2 37 50 1B 00 00 00 00 00 B3 0F 00 39 38 0C | $...7P.........98.
   00 00                                                 | ..

[2026-10-04 15:00:07] AreaPollExperiment: AREA-POLL CMsg61116AD5: component=0x65B30008 len=48 placed=4611687178631283611 areaSvc=8 mode=Swallow body=C7-00-00-00-71-62-0F-C3-E2-31-B7-3E-00-00-00-00-BC-B1-F6-3E-EE-93-7C-C2-4D-C3-DC-C0-24-C8-FC-C2-37-50-1B-00-00-00-00-00-B3-0F-00-39-38-0C-00-00
[2026-10-04 15:00:07] AreaPollExperiment: AREA-POLL CMsg61116AD5: decision=swallowed
[2026-10-04 15:00:07] TORGameServerPacket: Constructing Packet [AreaClientReplicationTransaction]
[2026-10-04 15:00:08] TORGamePacketHandler: Received a packet [CMsg61116AD5]
[2026-10-04 15:00:08] TORGamePacketHandler: CMsg61116AD5 rx    D5 6A 11 61 08 00 B3 65 C7 00 00 00 0D CB 0B C3 72 5A | .j.a...e........rZ
   C6 3E 00 00 00 00 DC A7 EA 3E 98 18 7B C2 4D C3 DC C0 | .>.......>..{.M...
   24 D7 FB C2 38 50 1B 00 00 00 00 00 98 13 00 39 38 0C | $...8P.........98.
   00 00                                                 | ..

[2026-10-04 15:00:08] AreaPollExperiment: AREA-POLL CMsg61116AD5: component=0x65B30008 len=48 placed=4611687178631283611 areaSvc=8 mode=Swallow body=C7-00-00-00-0D-CB-0B-C3-72-5A-C6-3E-00-00-00-00-DC-A7-EA-3E-98-18-7B-C2-4D-C3-DC-C0-24-D7-FB-C2-38-50-1B-00-00-00-00-00-98-13-00-39-38-0C-00-00
[2026-10-04 15:00:08] AreaPollExperiment: AREA-POLL CMsg61116AD5: decision=swallowed
[2026-10-04 15:00:08] TORGameServerPacket: Constructing Packet [AreaClientReplicationTransaction]
[2026-10-04 15:00:08] TORGamePacketHandler: Received a packet [CMsg61116AD5]
[2026-10-04 15:00:08] TORGamePacketHandler: CMsg61116AD5 rx    D5 6A 11 61 08 00 B3 65 C7 00 00 00 77 A1 03 C3 08 85 | .j.a...e....w.....
   E5 3E 00 00 00 00 92 32 CC 3E 00 27 7A C2 4D C3 DC C0 | .>.....2.>.'z.M...
   C3 58 FB C2 39 50 1B 00 00 00 00 00 D3 15 00 39 38 0C | .X..9P.........98.
   00 00                                                 | ..

[2026-10-04 15:00:08] AreaPollExperiment: AREA-POLL CMsg61116AD5: component=0x65B30008 len=48 placed=4611687178631283611 areaSvc=8 mode=Swallow body=C7-00-00-00-77-A1-03-C3-08-85-E5-3E-00-00-00-00-92-32-CC-3E-00-27-7A-C2-4D-C3-DC-C0-C3-58-FB-C2-39-50-1B-00-00-00-00-00-D3-15-00-39-38-0C-00-00
[2026-10-04 15:00:08] AreaPollExperiment: AREA-POLL CMsg61116AD5: decision=swallowed
[2026-10-04 15:00:08] TORGameServerPacket: Constructing Packet [AreaClientReplicationTransaction]
[2026-10-04 15:00:09] TORGamePacketHandler: Received a packet [CMsg61116AD5]
[2026-10-04 15:00:09] TORGamePacketHandler: CMsg61116AD5 rx    D5 6A 11 61 08 00 B3 65 C7 00 00 00 5B 88 F1 C2 37 06 | .j.a...e....[...7.
   04 3F 00 00 00 00 04 0D 9D 3E B5 7A 79 C2 4D C3 DC C0 | .?.......>.zy.M...
   67 15 FB C2 3A 50 1B 00 00 00 00 00 37 17 00 39 38 0C | g...:P......7..98.
   00 00                                                 | ..

[2026-10-04 15:00:09] AreaPollExperiment: AREA-POLL CMsg61116AD5: component=0x65B30008 len=48 placed=4611687178631283611 areaSvc=8 mode=Swallow body=C7-00-00-00-5B-88-F1-C2-37-06-04-3F-00-00-00-00-04-0D-9D-3E-B5-7A-79-C2-4D-C3-DC-C0-67-15-FB-C2-3A-50-1B-00-00-00-00-00-37-17-00-39-38-0C-00-00
[2026-10-04 15:00:09] AreaPollExperiment: AREA-POLL CMsg61116AD5: decision=swallowed
[2026-10-04 15:00:09] TORGameServerPacket: Constructing Packet [AreaClientReplicationTransaction]
[2026-10-04 15:00:09] TORGamePacketHandler: Received a packet [CMsg61116AD5]
[2026-10-04 15:00:09] TORGamePacketHandler: CMsg61116AD5 rx    D5 6A 11 61 08 00 B3 65 C7 00 00 00 46 50 D5 C2 E1 2B | .j.a...e....FP...+
   13 3F 00 00 00 00 A5 5F 30 3E 6F 69 79 C2 4D C3 DC C0 | .?....._0>oiy.M...
   E5 11 FB C2 3B 50 1B 00 00 00 00 00 55 17 00 39 38 0C | ....;P......U..98.
   00 00                                                 | ..

[2026-10-04 15:00:09] AreaPollExperiment: AREA-POLL CMsg61116AD5: component=0x65B30008 len=48 placed=4611687178631283611 areaSvc=8 mode=Swallow body=C7-00-00-00-46-50-D5-C2-E1-2B-13-3F-00-00-00-00-A5-5F-30-3E-6F-69-79-C2-4D-C3-DC-C0-E5-11-FB-C2-3B-50-1B-00-00-00-00-00-55-17-00-39-38-0C-00-00
[2026-10-04 15:00:09] AreaPollExperiment: AREA-POLL CMsg61116AD5: decision=swallowed
[2026-10-04 15:00:09] TORGamePacketHandler: Received a packet [CMsg61116AD5]
[2026-10-04 15:00:09] TORGamePacketHandler: CMsg61116AD5 rx    D5 6A 11 61 08 00 B3 65 C7 00 00 00 4B F8 BD C2 25 FE | .j.a...e....K...%.
   18 3F 00 00 00 00 AE 08 54 3D D2 5D 79 C2 4D C3 DC C0 | .?......T=.]y.M...
   18 11 FB C2 3B 50 1B 00 00 00 00 00 68 17 00 39 38 0C | ....;P......h..98.
   00 00                                                 | ..

[2026-10-04 15:00:09] AreaPollExperiment: AREA-POLL CMsg61116AD5: component=0x65B30008 len=48 placed=4611687178631283611 areaSvc=8 mode=Swallow body=C7-00-00-00-4B-F8-BD-C2-25-FE-18-3F-00-00-00-00-AE-08-54-3D-D2-5D-79-C2-4D-C3-DC-C0-18-11-FB-C2-3B-50-1B-00-00-00-00-00-68-17-00-39-38-0C-00-00
[2026-10-04 15:00:09] AreaPollExperiment: AREA-POLL CMsg61116AD5: decision=swallowed
[2026-10-04 15:00:09] TORGamePacketHandler: Received a packet [CMsg61116AD5]
[2026-10-04 15:00:09] TORGamePacketHandler: CMsg61116AD5 rx    D5 6A 11 61 08 00 B3 65 C7 00 00 00 28 A0 A5 C2 C5 61 | .j.a...e....(....a
   18 3F 00 00 00 00 44 40 9A BD 23 51 79 C2 4D C3 DC C0 | .?....D@..#Qy.M...
   93 11 FB C2 3B 50 1B 00 00 00 00 00 7D 17 00 39 38 0C | ....;P......}..98.
   00 00                                                 | ..

[2026-10-04 15:00:09] AreaPollExperiment: AREA-POLL CMsg61116AD5: component=0x65B30008 len=48 placed=4611687178631283611 areaSvc=8 mode=Swallow body=C7-00-00-00-28-A0-A5-C2-C5-61-18-3F-00-00-00-00-44-40-9A-BD-23-51-79-C2-4D-C3-DC-C0-93-11-FB-C2-3B-50-1B-00-00-00-00-00-7D-17-00-39-38-0C-00-00
[2026-10-04 15:00:09] AreaPollExperiment: AREA-POLL CMsg61116AD5: decision=swallowed
[2026-10-04 15:00:09] TORGamePacketHandler: Received a packet [CMsg61116AD5]
[2026-10-04 15:00:09] TORGamePacketHandler: CMsg61116AD5 rx    D5 6A 11 61 08 00 B3 65 C7 00 00 00 A0 DB 8A C2 59 D9 | .j.a...e........Y.
   0F 3F 00 00 00 00 06 C6 57 BE 98 3F 79 C2 4D C3 DC C0 | .?......W..?y.M...
   32 14 FB C2 3B 50 1B 00 00 00 00 00 9B 17 00 39 38 0C | 2...;P.........98.
   00 00                                                 | ..

[2026-10-04 15:00:09] AreaPollExperiment: AREA-POLL CMsg61116AD5: component=0x65B30008 len=48 placed=4611687178631283611 areaSvc=8 mode=Swallow body=C7-00-00-00-A0-DB-8A-C2-59-D9-0F-3F-00-00-00-00-06-C6-57-BE-98-3F-79-C2-4D-C3-DC-C0-32-14-FB-C2-3B-50-1B-00-00-00-00-00-9B-17-00-39-38-0C-00-00
[2026-10-04 15:00:09] AreaPollExperiment: AREA-POLL CMsg61116AD5: decision=swallowed
[2026-10-04 15:00:09] TORGamePacketHandler: Received a packet [CMsg61116AD5]
[2026-10-04 15:00:09] TORGamePacketHandler: CMsg61116AD5 rx    D5 6A 11 61 08 00 B3 65 C7 00 00 00 82 3A 6A C2 B3 FE | .j.a...e.....:j...
   02 3F 00 00 00 00 3F 2F A0 BE B0 1F 79 C2 4D C3 DC C0 | .?....?/....y.M...
   B1 1C FB C2 3B 50 1B 00 00 00 00 00 D5 17 00 39 38 0C | ....;P.........98.
   00 00                                                 | ..

[2026-10-04 15:00:09] AreaPollExperiment: AREA-POLL CMsg61116AD5: component=0x65B30008 len=48 placed=4611687178631283611 areaSvc=8 mode=Swallow body=C7-00-00-00-82-3A-6A-C2-B3-FE-02-3F-00-00-00-00-3F-2F-A0-BE-B0-1F-79-C2-4D-C3-DC-C0-B1-1C-FB-C2-3B-50-1B-00-00-00-00-00-D5-17-00-39-38-0C-00-00
[2026-10-04 15:00:09] AreaPollExperiment: AREA-POLL CMsg61116AD5: decision=swallowed
[2026-10-04 15:00:09] TORGamePacketHandler: Received a packet [CMsg61116AD5]
[2026-10-04 15:00:09] TORGamePacketHandler: CMsg61116AD5 rx    D5 6A 11 61 08 00 B3 65 C7 00 00 00 57 67 88 C2 89 95 | .j.a...e....Wg....
   0E 3F 00 00 00 00 3E CE 63 BE 7F 84 78 C2 4D C3 DC C0 | .?....>.c...x.M...
   C3 4D FB C2 3B 50 1B 00 00 00 00 00 01 19 00 39 38 0C | .M..;P.........98.
   00 00                                                 | ..

[2026-10-04 15:00:09] AreaPollExperiment: AREA-POLL CMsg61116AD5: component=0x65B30008 len=48 placed=4611687178631283611 areaSvc=8 mode=Swallow body=C7-00-00-00-57-67-88-C2-89-95-0E-3F-00-00-00-00-3E-CE-63-BE-7F-84-78-C2-4D-C3-DC-C0-C3-4D-FB-C2-3B-50-1B-00-00-00-00-00-01-19-00-39-38-0C-00-00
[2026-10-04 15:00:09] AreaPollExperiment: AREA-POLL CMsg61116AD5: decision=swallowed
[2026-10-04 15:00:09] TORGameServerPacket: Constructing Packet [AreaClientReplicationTransaction]
[2026-10-04 15:00:09] TORGamePacketHandler: Received a packet [CMsg61116AD5]
[2026-10-04 15:00:09] TORGamePacketHandler: CMsg61116AD5 rx    D5 6A 11 61 08 00 B3 65 C7 00 00 00 7B 34 9D C2 07 96 | .j.a...e....{4....
   16 3F 00 00 00 00 81 9B F2 BD 44 57 78 C2 4D C3 DC C0 | .?........DWx.M...
   CC 53 FB C2 3C 50 1B 00 00 00 00 00 4F 19 00 39 38 0C | .S..<P......O..98.
   00 00                                                 | ..

[2026-10-04 15:00:09] AreaPollExperiment: AREA-POLL CMsg61116AD5: component=0x65B30008 len=48 placed=4611687178631283611 areaSvc=8 mode=Swallow body=C7-00-00-00-7B-34-9D-C2-07-96-16-3F-00-00-00-00-81-9B-F2-BD-44-57-78-C2-4D-C3-DC-C0-CC-53-FB-C2-3C-50-1B-00-00-00-00-00-4F-19-00-39-38-0C-00-00
[2026-10-04 15:00:09] AreaPollExperiment: AREA-POLL CMsg61116AD5: decision=swallowed
[2026-10-04 15:00:10] TORGamePacketHandler: Received a packet [Ping]
[2026-10-04 15:00:10] TORGameServerPacket: Constructing Packet [Ping]
[2026-10-04 15:00:10] TORGamePacketHandler: Received a packet [CMsg61116AD5]
[2026-10-04 15:00:10] TORGamePacketHandler: CMsg61116AD5 rx    D5 6A 11 61 08 00 B3 65 C7 00 00 00 75 5E AA C2 B0 04 | .j.a...e....u^....
   19 3F 00 00 00 00 43 48 4D BD 54 23 76 C2 4D C3 DC C0 | .?....CHM.T#v.M...
   6A 70 FB C2 3C 50 1B 00 00 00 00 00 E9 1C 00 39 38 0C | jp..<P.........98.
   00 00                                                 | ..

[2026-10-04 15:00:10] AreaPollExperiment: AREA-POLL CMsg61116AD5: component=0x65B30008 len=48 placed=4611687178631283611 areaSvc=8 mode=Swallow body=C7-00-00-00-75-5E-AA-C2-B0-04-19-3F-00-00-00-00-43-48-4D-BD-54-23-76-C2-4D-C3-DC-C0-6A-70-FB-C2-3C-50-1B-00-00-00-00-00-E9-1C-00-39-38-0C-00-00
[2026-10-04 15:00:10] AreaPollExperiment: AREA-POLL CMsg61116AD5: decision=swallowed
[2026-10-04 15:00:10] TORGameServerPacket: Constructing Packet [AreaClientReplicationTransaction]
[2026-10-04 15:00:10] TORGamePacketHandler: Received a packet [AreaModulesList]
[2026-10-04 15:00:10] AreaPollExperiment: AREA-POLL AreaModulesList: component=0x65B30008 len=12 placed=4611687178631283611 areaSvc=8 mode=Echo body=08-00-00-00-04-00-00-00-00-00-00-00
[2026-10-04 15:00:10] TORGameServerPacket: Constructing Packet [AreaModulesList]
[2026-10-04 15:00:10] AreaPollExperiment: AREA-POLL AreaModulesList: decision=echo-reply-sent
[2026-10-04 15:00:10] AreaModulesList: AreaModulesList: startup bundle already sent; skipped.
[2026-10-04 15:00:11] TORGamePacketHandler: Received a packet [CMsgF96DCDB0]
[2026-10-04 15:00:11] TORGamePacketHandler: CMsgF96DCDB0 rx    B0 CD 6D F9 08 00 B3 65 09 00 00 00 C7 71 C3 79 12 F2 | ..m....e.....q.y..
   40 F5 F5                                              | @..

[2026-10-04 15:00:11] AreaPollExperiment: AREA-POLL CMsgF96DCDB0: component=0x65B30008 len=13 placed=4611687178631283611 areaSvc=8 mode=Echo sub=09 trueTail=False body=09-00-00-00-C7-71-C3-79-12-F2-40-F5-F5
[2026-10-04 15:00:11] AreaPollExperiment: AREA-POLL CMsgF96DCDB0: decision=swallowed
[2026-10-04 15:00:11] TORGamePacketHandler: Received a packet [CMsg61116AD5]
[2026-10-04 15:00:11] TORGamePacketHandler: CMsg61116AD5 rx    D5 6A 11 61 08 00 B3 65 C7 00 00 00 81 F5 A8 C2 E1 DB | .j.a...e..........
   18 3F 00 00 00 00 C4 62 6D BD 09 C1 73 C2 4D C3 DC C0 | .?.....bm...s.M...
   3D 8A FB C2 3D 50 1B 00 00 00 00 00 CD 20 00 39 38 0C | =...=P....... .98.
   00 00                                                 | ..

[2026-10-04 15:00:11] AreaPollExperiment: AREA-POLL CMsg61116AD5: component=0x65B30008 len=48 placed=4611687178631283611 areaSvc=8 mode=Swallow body=C7-00-00-00-81-F5-A8-C2-E1-DB-18-3F-00-00-00-00-C4-62-6D-BD-09-C1-73-C2-4D-C3-DC-C0-3D-8A-FB-C2-3D-50-1B-00-00-00-00-00-CD-20-00-39-38-0C-00-00
[2026-10-04 15:00:11] AreaPollExperiment: AREA-POLL CMsg61116AD5: decision=swallowed
[2026-10-04 15:00:11] TORGameServerPacket: Constructing Packet [AreaClientReplicationTransaction]
[2026-10-04 15:00:11] TORGamePacketHandler: Received a packet [CMsg61116AD5]
[2026-10-04 15:00:11] TORGamePacketHandler: CMsg61116AD5 rx    D5 6A 11 61 08 00 B3 65 C7 00 00 00 83 0F 97 C2 36 B9 | .j.a...e........6.
   14 3F 00 00 00 00 3A DF 19 BE E6 DD 72 C2 4D C3 DC C0 | .?....:.....r.M...
   B0 A0 FB C2 3E 50 1B 00 00 00 00 00 47 22 00 39 38 0C | ....>P......G".98.
   00 00                                                 | ..

[2026-10-04 15:00:12] AreaPollExperiment: AREA-POLL CMsg61116AD5: component=0x65B30008 len=48 placed=4611687178631283611 areaSvc=8 mode=Swallow body=C7-00-00-00-83-0F-97-C2-36-B9-14-3F-00-00-00-00-3A-DF-19-BE-E6-DD-72-C2-4D-C3-DC-C0-B0-A0-FB-C2-3E-50-1B-00-00-00-00-00-47-22-00-39-38-0C-00-00
[2026-10-04 15:00:12] AreaPollExperiment: AREA-POLL CMsg61116AD5: decision=swallowed
[2026-10-04 15:00:12] TORGameServerPacket: Constructing Packet [AreaClientReplicationTransaction]
[2026-10-04 15:00:12] TORGamePacketHandler: Received a packet [WorldByteReport]
[2026-10-04 15:00:12] WorldByteReport: World report 8EB28DE9: component=0x65AB0007 bytes=48 words=[412A2A07,9198D224,4E0A04D4,CB4ED4CF,1EC4DDFB,EA1490AB,F125EC76,B00AA8D9,1C3E05AB,0004B69D,93452BCC,1432F831] hex=07-2A-2A-41-24-D2-98-91-D4-04-0A-4E-CF-D4-4E-CB-FB-DD-C4-1E-AB-90-14-EA-76-EC-25-F1-D9-A8-0A-B0-AB-05-3E-1C-9D-B6-04-00-CC-2B-45-93-31-F8-32-14; no synthetic WorldTravelStatus reply sent.
[2026-10-04 15:00:12] TORGamePacketHandler: Received a packet [CMsgCCACB51D]
[2026-10-04 15:00:12] TORGamePacketHandler: CMsgCCACB51D rx    1D B5 AC CC 08 00 B3 65 30 00 00 00 A2 27 71 50 05 E0 | .......e0....'qP..
   43 EC BB 60 E7 08 FA CA 40 D1 FB DD C4 1E AB 90 14 EA | C..`....@.........
   76 EC 25 F1 D9 A8 0A B0 AB 05 3E 1C 9D B6 04 00 CC 2B | v.%.......>......+
   45 93 31 F8 32 14                                     | E.1.2.

[2026-10-04 15:00:12] AreaPollExperiment: AREA-POLL CMsgCCACB51D: component=0x65B30008 len=52 placed=4611687178631283611 areaSvc=8 mode=Swallow body=30-00-00-00-A2-27-71-50-05-E0-43-EC-BB-60-E7-08-FA-CA-40-D1-FB-DD-C4-1E-AB-90-14-EA-76-EC-25-F1-D9-A8-0A-B0-AB-05-3E-1C-9D-B6-04-00-CC-2B-45-93-31-F8-32-14
[2026-10-04 15:00:12] AreaPollExperiment: AREA-POLL CMsgCCACB51D: decision=swallowed
[2026-10-04 15:00:12] TORGamePacketHandler: Received a packet [HackNotifyData]
[2026-10-04 15:00:12] TORGamePacketHandler: Received a packet [CMsg61116AD5]
[2026-10-04 15:00:12] TORGamePacketHandler: CMsg61116AD5 rx    D5 6A 11 61 08 00 B3 65 C7 00 00 00 D8 C4 97 C2 44 EC | .j.a...e........D.
   14 3F 00 00 00 00 4D 88 15 BE A0 8E 70 C2 4D C3 DC C0 | .?....M.....p.M...
   C1 EE FB C2 3F 50 1B 00 00 00 00 00 29 26 00 39 38 0C | ....?P......)&.98.
   00 00                                                 | ..

[2026-10-04 15:00:13] AreaPollExperiment: AREA-POLL CMsg61116AD5: component=0x65B30008 len=48 placed=4611687178631283611 areaSvc=8 mode=Swallow body=C7-00-00-00-D8-C4-97-C2-44-EC-14-3F-00-00-00-00-4D-88-15-BE-A0-8E-70-C2-4D-C3-DC-C0-C1-EE-FB-C2-3F-50-1B-00-00-00-00-00-29-26-00-39-38-0C-00-00
[2026-10-04 15:00:13] AreaPollExperiment: AREA-POLL CMsg61116AD5: decision=swallowed
[2026-10-04 15:00:13] TORGameServerPacket: Constructing Packet [AreaClientReplicationTransaction]
[2026-10-04 15:00:13] TORGamePacketHandler: Received a packet [CMsg61116AD5]
[2026-10-04 15:00:13] TORGamePacketHandler: CMsg61116AD5 rx    D5 6A 11 61 08 00 B3 65 C7 00 00 00 9E 19 86 C2 5A 7C | .j.a...e........Z|
   0D 3F 00 00 00 00 C6 D4 6F BE 44 9F 6F C2 4D C3 DC C0 | .?......o.D.o.M...
   7B 11 FC C2 40 50 1B 00 00 00 00 00 C0 27 00 39 38 0C | {...@P.......'.98.
   00 00                                                 | ..

[2026-10-04 15:00:13] AreaPollExperiment: AREA-POLL CMsg61116AD5: component=0x65B30008 len=48 placed=4611687178631283611 areaSvc=8 mode=Swallow body=C7-00-00-00-9E-19-86-C2-5A-7C-0D-3F-00-00-00-00-C6-D4-6F-BE-44-9F-6F-C2-4D-C3-DC-C0-7B-11-FC-C2-40-50-1B-00-00-00-00-00-C0-27-00-39-38-0C-00-00
[2026-10-04 15:00:13] AreaPollExperiment: AREA-POLL CMsg61116AD5: decision=swallowed
[2026-10-04 15:00:13] TORGameServerPacket: Constructing Packet [AreaClientReplicationTransaction]
[2026-10-04 15:00:13] TORGamePacketHandler: Received a packet [CMsg61116AD5]
[2026-10-04 15:00:13] TORGamePacketHandler: CMsg61116AD5 rx    D5 6A 11 61 08 00 B3 65 C7 00 00 00 F1 81 63 C2 24 AE | .j.a...e......c.$.
   00 3F 00 00 00 00 D3 B7 A7 BE 53 4D 6F C2 4D C3 DC C0 | .?........SMo.M...
   F8 26 FC C2 41 50 1B 00 00 00 00 00 58 28 00 39 38 0C | .&..AP......X(.98.
   00 00                                                 | ..

[2026-10-04 15:00:13] AreaPollExperiment: AREA-POLL CMsg61116AD5: component=0x65B30008 len=48 placed=4611687178631283611 areaSvc=8 mode=Swallow body=C7-00-00-00-F1-81-63-C2-24-AE-00-3F-00-00-00-00-D3-B7-A7-BE-53-4D-6F-C2-4D-C3-DC-C0-F8-26-FC-C2-41-50-1B-00-00-00-00-00-58-28-00-39-38-0C-00-00
[2026-10-04 15:00:13] AreaPollExperiment: AREA-POLL CMsg61116AD5: decision=swallowed
[2026-10-04 15:00:13] TORGamePacketHandler: Received a packet [CMsg61116AD5]
[2026-10-04 15:00:13] TORGamePacketHandler: CMsg61116AD5 rx    D5 6A 11 61 08 00 B3 65 C7 00 00 00 70 41 39 C2 71 36 | .j.a...e....pA9.q6
   DE 3E 00 00 00 00 2A 28 D4 BE B6 02 6F C2 4D C3 DC C0 | .>....*(....o.M...
   34 43 FC C2 41 50 1B 00 00 00 00 00 F0 28 00 39 38 0C | 4C..AP.......(.98.
   00 00                                                 | ..

[2026-10-04 15:00:13] AreaPollExperiment: AREA-POLL CMsg61116AD5: component=0x65B30008 len=48 placed=4611687178631283611 areaSvc=8 mode=Swallow body=C7-00-00-00-70-41-39-C2-71-36-DE-3E-00-00-00-00-2A-28-D4-BE-B6-02-6F-C2-4D-C3-DC-C0-34-43-FC-C2-41-50-1B-00-00-00-00-00-F0-28-00-39-38-0C-00-00
[2026-10-04 15:00:13] AreaPollExperiment: AREA-POLL CMsg61116AD5: decision=swallowed
[2026-10-04 15:00:13] TORGameServerPacket: Constructing Packet [AreaClientReplicationTransaction]
[2026-10-04 15:00:13] TORGamePacketHandler: Received a packet [CMsg61116AD5]
[2026-10-04 15:00:13] TORGamePacketHandler: CMsg61116AD5 rx    D5 6A 11 61 08 00 B3 65 C7 00 00 00 6F FD 0E C2 36 6A | .j.a...e....o...6j
   B3 3E 00 00 00 00 D2 5F F9 BE 36 E7 6E C2 4D C3 DC C0 | .>....._..6.n.M...
   56 53 FC C2 42 50 1B 00 00 00 00 00 35 29 00 39 38 0C | VS..BP......5).98.
   00 00                                                 | ..

[2026-10-04 15:00:13] AreaPollExperiment: AREA-POLL CMsg61116AD5: component=0x65B30008 len=48 placed=4611687178631283611 areaSvc=8 mode=Swallow body=C7-00-00-00-6F-FD-0E-C2-36-6A-B3-3E-00-00-00-00-D2-5F-F9-BE-36-E7-6E-C2-4D-C3-DC-C0-56-53-FC-C2-42-50-1B-00-00-00-00-00-35-29-00-39-38-0C-00-00
[2026-10-04 15:00:13] AreaPollExperiment: AREA-POLL CMsg61116AD5: decision=swallowed
[2026-10-04 15:00:13] TORGamePacketHandler: Received a packet [CMsg61116AD5]
[2026-10-04 15:00:13] TORGamePacketHandler: CMsg61116AD5 rx    D5 6A 11 61 08 00 B3 65 C7 00 00 00 AF 6E D0 C1 DA FC | .j.a...e.....n....
   86 3E 00 00 00 00 FC 14 0A BF 0A B5 6E C2 4D C3 DC C0 | .>..........n.M...
   D4 81 FC C2 42 50 1B 00 00 00 00 00 E4 29 00 39 38 0C | ....BP.......).98.
   00 00                                                 | ..

[2026-10-04 15:00:13] AreaPollExperiment: AREA-POLL CMsg61116AD5: component=0x65B30008 len=48 placed=4611687178631283611 areaSvc=8 mode=Swallow body=C7-00-00-00-AF-6E-D0-C1-DA-FC-86-3E-00-00-00-00-FC-14-0A-BF-0A-B5-6E-C2-4D-C3-DC-C0-D4-81-FC-C2-42-50-1B-00-00-00-00-00-E4-29-00-39-38-0C-00-00
[2026-10-04 15:00:13] AreaPollExperiment: AREA-POLL CMsg61116AD5: decision=swallowed
[2026-10-04 15:00:13] TORGameServerPacket: Constructing Packet [AreaClientReplicationTransaction]
[2026-10-04 15:00:14] TORGamePacketHandler: Received a packet [CMsg61116AD5]
[2026-10-04 15:00:14] TORGamePacketHandler: CMsg61116AD5 rx    D5 6A 11 61 08 00 B3 65 C7 00 00 00 18 F1 0A C2 CF 0A | .j.a...e..........
   AF 3E 00 00 00 00 5A 5E FC BE 85 FD 6D C2 4D C3 DC C0 | .>....Z^....m.M...
   5C 3E FD C2 43 50 1B 00 00 00 00 00 8D 2C 00 39 38 0C | \>..CP.......,.98.
   00 00                                                 | ..

[2026-10-04 15:00:14] AreaPollExperiment: AREA-POLL CMsg61116AD5: component=0x65B30008 len=48 placed=4611687178631283611 areaSvc=8 mode=Swallow body=C7-00-00-00-18-F1-0A-C2-CF-0A-AF-3E-00-00-00-00-5A-5E-FC-BE-85-FD-6D-C2-4D-C3-DC-C0-5C-3E-FD-C2-43-50-1B-00-00-00-00-00-8D-2C-00-39-38-0C-00-00
[2026-10-04 15:00:14] AreaPollExperiment: AREA-POLL CMsg61116AD5: decision=swallowed
[2026-10-04 15:00:14] TORGameServerPacket: Constructing Packet [AreaClientReplicationTransaction]
[2026-10-04 15:00:14] TORGamePacketHandler: Received a packet [CMsg61116AD5]
[2026-10-04 15:00:14] TORGamePacketHandler: CMsg61116AD5 rx    D5 6A 11 61 08 00 B3 65 C7 00 00 00 A1 24 3B C2 A9 DE | .j.a...e.....$;...
   DF 3E 00 00 00 00 B6 2D D2 BE AD F0 6D C2 4D C3 DC C0 | .>.....-....m.M...
   6D 45 FD C2 44 50 1B 00 00 00 00 00 AE 2C 00 39 38 0C | mE..DP.......,.98.
   00 00                                                 | ..

[2026-10-04 15:00:14] AreaPollExperiment: AREA-POLL CMsg61116AD5: component=0x65B30008 len=48 placed=4611687178631283611 areaSvc=8 mode=Swallow body=C7-00-00-00-A1-24-3B-C2-A9-DE-DF-3E-00-00-00-00-B6-2D-D2-BE-AD-F0-6D-C2-4D-C3-DC-C0-6D-45-FD-C2-44-50-1B-00-00-00-00-00-AE-2C-00-39-38-0C-00-00
[2026-10-04 15:00:14] AreaPollExperiment: AREA-POLL CMsg61116AD5: decision=swallowed
[2026-10-04 15:00:14] TORGamePacketHandler: Received a packet [CMsg61116AD5]
[2026-10-04 15:00:14] TORGamePacketHandler: CMsg61116AD5 rx    D5 6A 11 61 08 00 B3 65 C7 00 00 00 3A 99 75 C2 07 D1 | .j.a...e....:.u...
   06 3F 00 00 00 00 5C E3 92 BE 60 E1 6D C2 4D C3 DC C0 | .?....\...`.m.M...
   75 4A FD C2 44 50 1B 00 00 00 00 00 CC 2C 00 39 38 0C | uJ..DP.......,.98.
   00 00                                                 | ..

[2026-10-04 15:00:14] AreaPollExperiment: AREA-POLL CMsg61116AD5: component=0x65B30008 len=48 placed=4611687178631283611 areaSvc=8 mode=Swallow body=C7-00-00-00-3A-99-75-C2-07-D1-06-3F-00-00-00-00-5C-E3-92-BE-60-E1-6D-C2-4D-C3-DC-C0-75-4A-FD-C2-44-50-1B-00-00-00-00-00-CC-2C-00-39-38-0C-00-00
[2026-10-04 15:00:14] AreaPollExperiment: AREA-POLL CMsg61116AD5: decision=swallowed
[2026-10-04 15:00:14] TORGamePacketHandler: Received a packet [CMsg61116AD5]
[2026-10-04 15:00:14] TORGamePacketHandler: CMsg61116AD5 rx    D5 6A 11 61 08 00 B3 65 C7 00 00 00 95 68 8F C2 9B D4 | .j.a...e.....h....
   11 3F 00 00 00 00 C2 DD 40 BE B9 CF 6D C2 4D C3 DC C0 | .?......@...m.M...
   DF 4D FD C2 44 50 1B 00 00 00 00 00 E9 2C 00 39 38 0C | .M..DP.......,.98.
   00 00                                                 | ..

[2026-10-04 15:00:14] AreaPollExperiment: AREA-POLL CMsg61116AD5: component=0x65B30008 len=48 placed=4611687178631283611 areaSvc=8 mode=Swallow body=C7-00-00-00-95-68-8F-C2-9B-D4-11-3F-00-00-00-00-C2-DD-40-BE-B9-CF-6D-C2-4D-C3-DC-C0-DF-4D-FD-C2-44-50-1B-00-00-00-00-00-E9-2C-00-39-38-0C-00-00
[2026-10-04 15:00:14] AreaPollExperiment: AREA-POLL CMsg61116AD5: decision=swallowed
[2026-10-04 15:00:14] TORGamePacketHandler: Received a packet [CMsg61116AD5]
[2026-10-04 15:00:14] TORGamePacketHandler: CMsg61116AD5 rx    D5 6A 11 61 08 00 B3 65 C7 00 00 00 27 97 A3 C2 1A 00 | .j.a...e....'.....
   18 3F 00 00 00 00 3F E6 AE BD 3F 94 6D C2 4D C3 DC C0 | .?....?...?.m.M...
   A7 53 FD C2 44 50 1B 00 00 00 00 00 4F 2D 00 39 38 0C | .S..DP......O-.98.
   00 00                                                 | ..

[2026-10-04 15:00:14] AreaPollExperiment: AREA-POLL CMsg61116AD5: component=0x65B30008 len=48 placed=4611687178631283611 areaSvc=8 mode=Swallow body=C7-00-00-00-27-97-A3-C2-1A-00-18-3F-00-00-00-00-3F-E6-AE-BD-3F-94-6D-C2-4D-C3-DC-C0-A7-53-FD-C2-44-50-1B-00-00-00-00-00-4F-2D-00-39-38-0C-00-00
[2026-10-04 15:00:14] AreaPollExperiment: AREA-POLL CMsg61116AD5: decision=swallowed
[2026-10-04 15:00:15] TORGamePacketHandler: Received a packet [Ping]
[2026-10-04 15:00:15] TORGameServerPacket: Constructing Packet [Ping]
[2026-10-04 15:00:15] TORGamePacketHandler: Received a packet [CMsg61116AD5]
[2026-10-04 15:00:15] TORGamePacketHandler: CMsg61116AD5 rx    D5 6A 11 61 08 00 B3 65 C7 00 00 00 ED 43 96 C2 B6 71 | .j.a...e.....C...q
   14 3F 00 00 00 00 B4 DF 1D BE AF 63 6B C2 4D C3 DC C0 | .?.........ck.M...
   D9 85 FD C2 44 50 1B 00 00 00 00 00 EB 30 00 39 38 0C | ....DP.......0.98.
   00 00                                                 | ..

[2026-10-04 15:00:15] AreaPollExperiment: AREA-POLL CMsg61116AD5: component=0x65B30008 len=48 placed=4611687178631283611 areaSvc=8 mode=Swallow body=C7-00-00-00-ED-43-96-C2-B6-71-14-3F-00-00-00-00-B4-DF-1D-BE-AF-63-6B-C2-4D-C3-DC-C0-D9-85-FD-C2-44-50-1B-00-00-00-00-00-EB-30-00-39-38-0C-00-00
[2026-10-04 15:00:15] AreaPollExperiment: AREA-POLL CMsg61116AD5: decision=swallowed
[2026-10-04 15:00:15] TORGameServerPacket: Constructing Packet [AreaClientReplicationTransaction]
[2026-10-04 15:00:16] TORGamePacketHandler: Received a packet [CMsg61116AD5]
[2026-10-04 15:00:16] TORGamePacketHandler: CMsg61116AD5 rx    D5 6A 11 61 08 00 B3 65 C7 00 00 00 75 B2 83 C2 CC 2A | .j.a...e....u....*
   0C 3F 00 00 00 00 70 AE 7B BE E7 AE 6A C2 4D C3 DC C0 | .?....p.{...j.M...
   D3 A4 FD C2 45 50 1B 00 00 00 00 00 23 32 00 39 38 0C | ....EP......#2.98.
   00 00                                                 | ..

[2026-10-04 15:00:16] AreaPollExperiment: AREA-POLL CMsg61116AD5: component=0x65B30008 len=48 placed=4611687178631283611 areaSvc=8 mode=Swallow body=C7-00-00-00-75-B2-83-C2-CC-2A-0C-3F-00-00-00-00-70-AE-7B-BE-E7-AE-6A-C2-4D-C3-DC-C0-D3-A4-FD-C2-45-50-1B-00-00-00-00-00-23-32-00-39-38-0C-00-00
[2026-10-04 15:00:16] AreaPollExperiment: AREA-POLL CMsg61116AD5: decision=swallowed
[2026-10-04 15:00:16] TORGameServerPacket: Constructing Packet [AreaClientReplicationTransaction]
[2026-10-04 15:00:16] TORGamePacketHandler: Received a packet [ModulesList]
[2026-10-04 15:00:16] ModulesList: ModulesList: len=12 startupSent=True hex=08-00-00-00-04-00-00-00-00-00-00-00
[2026-10-04 15:00:16] TORGamePacketHandler: Received a packet [CMsg61116AD5]
[2026-10-04 15:00:16] TORGamePacketHandler: CMsg61116AD5 rx    D5 6A 11 61 08 00 B3 65 C7 00 00 00 7D 32 60 C2 88 C2 | .j.a...e....}2`...
   FE 3E 00 00 00 00 8C BF AB BE C0 AB 69 C2 4D C3 DC C0 | .>..........i.M...
   F1 E3 FD C2 46 50 1B 00 00 00 00 00 F9 33 00 39 38 0C | ....FP.......3.98.
   00 00                                                 | ..

[2026-10-04 15:00:16] AreaPollExperiment: AREA-POLL CMsg61116AD5: component=0x65B30008 len=48 placed=4611687178631283611 areaSvc=8 mode=Swallow body=C7-00-00-00-7D-32-60-C2-88-C2-FE-3E-00-00-00-00-8C-BF-AB-BE-C0-AB-69-C2-4D-C3-DC-C0-F1-E3-FD-C2-46-50-1B-00-00-00-00-00-F9-33-00-39-38-0C-00-00
[2026-10-04 15:00:16] AreaPollExperiment: AREA-POLL CMsg61116AD5: decision=swallowed
[2026-10-04 15:00:16] TORGameServerPacket: Constructing Packet [AreaClientReplicationTransaction]
[2026-10-04 15:00:16] TORGamePacketHandler: Received a packet [CMsg61116AD5]
[2026-10-04 15:00:16] TORGamePacketHandler: CMsg61116AD5 rx    D5 6A 11 61 08 00 B3 65 C7 00 00 00 45 D2 2F C2 89 4E | .j.a...e....E./..N
   D5 3E 00 00 00 00 7D 26 DD BE F9 94 69 C2 4D C3 DC C0 | .>....}&....i.M...
   DD ED FD C2 47 50 1B 00 00 00 00 00 2F 34 00 39 38 0C | ....GP....../4.98.
   00 00                                                 | ..

[2026-10-04 15:00:16] AreaPollExperiment: AREA-POLL CMsg61116AD5: component=0x65B30008 len=48 placed=4611687178631283611 areaSvc=8 mode=Swallow body=C7-00-00-00-45-D2-2F-C2-89-4E-D5-3E-00-00-00-00-7D-26-DD-BE-F9-94-69-C2-4D-C3-DC-C0-DD-ED-FD-C2-47-50-1B-00-00-00-00-00-2F-34-00-39-38-0C-00-00
[2026-10-04 15:00:16] AreaPollExperiment: AREA-POLL CMsg61116AD5: decision=swallowed
[2026-10-04 15:00:16] TORGamePacketHandler: Received a packet [CMsg61116AD5]
[2026-10-04 15:00:16] TORGamePacketHandler: CMsg61116AD5 rx    D5 6A 11 61 08 00 B3 65 C7 00 00 00 BD 89 07 C2 A6 53 | .j.a...e.........S
   AB 3E 00 00 00 00 C1 37 FF BE 85 75 69 C2 4D C3 DC C0 | .>.....7...ui.M...
   C6 03 FE C2 47 50 1B 00 00 00 00 00 85 34 00 39 38 0C | ....GP.......4.98.
   00 00                                                 | ..

[2026-10-04 15:00:16] AreaPollExperiment: AREA-POLL CMsg61116AD5: component=0x65B30008 len=48 placed=4611687178631283611 areaSvc=8 mode=Swallow body=C7-00-00-00-BD-89-07-C2-A6-53-AB-3E-00-00-00-00-C1-37-FF-BE-85-75-69-C2-4D-C3-DC-C0-C6-03-FE-C2-47-50-1B-00-00-00-00-00-85-34-00-39-38-0C-00-00
[2026-10-04 15:00:16] AreaPollExperiment: AREA-POLL CMsg61116AD5: decision=swallowed
[2026-10-04 15:00:17] TORGamePacketHandler: Received a packet [CMsg61116AD5]
[2026-10-04 15:00:17] TORGamePacketHandler: CMsg61116AD5 rx    D5 6A 11 61 08 00 B3 65 C7 00 00 00 BD 89 07 C2 43 43 | .j.a...e........CC
   AB 3E 00 00 00 00 6C F6 FE BE 9D 20 68 C2 4D C3 DC C0 | .>....l.... h.M...
   9A 01 FF C2 47 50 1B 00 00 00 00 00 6A 38 00 39 38 0C | ....GP......j8.98.
   00 00                                                 | ..

[2026-10-04 15:00:17] AreaPollExperiment: AREA-POLL CMsg61116AD5: component=0x65B30008 len=48 placed=4611687178631283611 areaSvc=8 mode=Swallow body=C7-00-00-00-BD-89-07-C2-43-43-AB-3E-00-00-00-00-6C-F6-FE-BE-9D-20-68-C2-4D-C3-DC-C0-9A-01-FF-C2-47-50-1B-00-00-00-00-00-6A-38-00-39-38-0C-00-00
[2026-10-04 15:00:17] AreaPollExperiment: AREA-POLL CMsg61116AD5: decision=swallowed
[2026-10-04 15:00:17] TORGameServerPacket: Constructing Packet [AreaClientReplicationTransaction]
[2026-10-04 15:00:18] TORGamePacketHandler: Received a packet [CMsg61116AD5]
[2026-10-04 15:00:18] TORGamePacketHandler: CMsg61116AD5 rx    D5 6A 11 61 08 00 B3 65 C7 00 00 00 9E 27 14 C2 86 06 | .j.a...e.....'....
   B9 3E 00 00 00 00 D9 81 F5 BE 62 C8 66 C2 4D C3 DC C0 | .>........b.f.M...
   FF FD FF C2 48 50 1B 00 00 00 00 00 4C 3C 00 39 38 0C | ....HP......L<.98.
   00 00                                                 | ..

[2026-10-04 15:00:18] AreaPollExperiment: AREA-POLL CMsg61116AD5: component=0x65B30008 len=48 placed=4611687178631283611 areaSvc=8 mode=Swallow body=C7-00-00-00-9E-27-14-C2-86-06-B9-3E-00-00-00-00-D9-81-F5-BE-62-C8-66-C2-4D-C3-DC-C0-FF-FD-FF-C2-48-50-1B-00-00-00-00-00-4C-3C-00-39-38-0C-00-00
[2026-10-04 15:00:18] AreaPollExperiment: AREA-POLL CMsg61116AD5: decision=swallowed
[2026-10-04 15:00:18] TORGameServerPacket: Constructing Packet [AreaClientReplicationTransaction]
[2026-10-04 15:00:19] TORGamePacketHandler: Received a packet [CMsgC26464A9]
[2026-10-04 15:00:19] AreaPollExperiment: AREA-POLL CMsgC26464A9: component=0x65AB0007 len=43 placed=4611687178631283611 areaSvc=8 mode=Swallow body=27-00-00-00-D3-AD-AC-A9-27-00-00-00-00-00-00-00-00-CF-AC-41-D7-02-00-00-00-00-00-00-00-00-CF-AC-41-D7-03-00-00-00-00-00-00-00-00
[2026-10-04 15:00:19] AreaPollExperiment: AREA-POLL CMsgC26464A9: decision=swallowed
[2026-10-04 15:00:19] TORGamePacketHandler: Received a packet [CMsg61116AD5]
[2026-10-04 15:00:19] TORGamePacketHandler: CMsg61116AD5 rx    D5 6A 11 61 08 00 B3 65 C7 00 00 00 22 F0 1B C2 9A 47 | .j.a...e...."....G
   C1 3E 00 00 00 00 94 33 EF BE C6 47 65 C2 4D C3 DC C0 | .>.....3...Ge.M...
   47 76 00 C3 49 50 1B 00 00 00 00 00 2E 40 00 39 38 0C | Gv..IP.......@.98.
   00 00                                                 | ..

[2026-10-04 15:00:19] AreaPollExperiment: AREA-POLL CMsg61116AD5: component=0x65B30008 len=48 placed=4611687178631283611 areaSvc=8 mode=Swallow body=C7-00-00-00-22-F0-1B-C2-9A-47-C1-3E-00-00-00-00-94-33-EF-BE-C6-47-65-C2-4D-C3-DC-C0-47-76-00-C3-49-50-1B-00-00-00-00-00-2E-40-00-39-38-0C-00-00
[2026-10-04 15:00:19] AreaPollExperiment: AREA-POLL CMsg61116AD5: decision=swallowed
[2026-10-04 15:00:19] TORGameServerPacket: Constructing Packet [AreaClientReplicationTransaction]
[2026-10-04 15:00:20] TORGamePacketHandler: Received a packet [Ping]
[2026-10-04 15:00:20] TORGameServerPacket: Constructing Packet [Ping]
[2026-10-04 15:00:20] TORGamePacketHandler: Received a packet [CMsg61116AD5]
[2026-10-04 15:00:20] TORGamePacketHandler: CMsg61116AD5 rx    D5 6A 11 61 08 00 B3 65 C7 00 00 00 18 DC 32 C2 09 2A | .j.a...e......2..*
   D8 3E 00 00 00 00 02 25 DA BE F7 AC 63 C2 4D C3 DC C0 | .>.....%....c.M...
   B5 E6 00 C3 4A 50 1B 00 00 00 00 00 14 44 00 39 38 0C | ....JP.......D.98.
   00 00                                                 | ..

[2026-10-04 15:00:20] AreaPollExperiment: AREA-POLL CMsg61116AD5: component=0x65B30008 len=48 placed=4611687178631283611 areaSvc=8 mode=Swallow body=C7-00-00-00-18-DC-32-C2-09-2A-D8-3E-00-00-00-00-02-25-DA-BE-F7-AC-63-C2-4D-C3-DC-C0-B5-E6-00-C3-4A-50-1B-00-00-00-00-00-14-44-00-39-38-0C-00-00
[2026-10-04 15:00:20] AreaPollExperiment: AREA-POLL CMsg61116AD5: decision=swallowed
[2026-10-04 15:00:20] TORGameServerPacket: Constructing Packet [AreaClientReplicationTransaction]
[2026-10-04 15:00:21] TORGamePacketHandler: Received a packet [CMsg61116AD5]
[2026-10-04 15:00:21] TORGamePacketHandler: CMsg61116AD5 rx    D5 6A 11 61 08 00 B3 65 C7 00 00 00 8C 56 30 C2 67 BE | .j.a...e.....V0.g.
   D5 3E 00 00 00 00 D1 BB DC BE A9 FF 61 C2 4D C3 DC C0 | .>..........a.M...
   02 55 01 C3 4B 50 1B 00 00 00 00 00 FD 47 00 39 38 0C | .U..KP.......G.98.
   00 00                                                 | ..

[2026-10-04 15:00:21] AreaPollExperiment: AREA-POLL CMsg61116AD5: component=0x65B30008 len=48 placed=4611687178631283611 areaSvc=8 mode=Swallow body=C7-00-00-00-8C-56-30-C2-67-BE-D5-3E-00-00-00-00-D1-BB-DC-BE-A9-FF-61-C2-4D-C3-DC-C0-02-55-01-C3-4B-50-1B-00-00-00-00-00-FD-47-00-39-38-0C-00-00
[2026-10-04 15:00:21] AreaPollExperiment: AREA-POLL CMsg61116AD5: decision=swallowed
[2026-10-04 15:00:21] TORGameServerPacket: Constructing Packet [AreaClientReplicationTransaction]
[2026-10-04 15:00:22] TORGamePacketHandler: Received a packet [CMsg61116AD5]
[2026-10-04 15:00:22] TORGamePacketHandler: CMsg61116AD5 rx    D5 6A 11 61 08 00 B3 65 C7 00 00 00 B8 32 5A C2 78 51 | .j.a...e.....2Z.xQ
   FA 3E 00 00 00 00 82 79 B2 BE F1 DC 60 C2 4D C3 DC C0 | .>.....y....`.M...
   89 9E 01 C3 4C 50 1B 00 00 00 00 00 9E 4A 00 39 38 0C | ....LP.......J.98.
   00 00                                                 | ..

[2026-10-04 15:00:22] AreaPollExperiment: AREA-POLL CMsg61116AD5: component=0x65B30008 len=48 placed=4611687178631283611 areaSvc=8 mode=Swallow body=C7-00-00-00-B8-32-5A-C2-78-51-FA-3E-00-00-00-00-82-79-B2-BE-F1-DC-60-C2-4D-C3-DC-C0-89-9E-01-C3-4C-50-1B-00-00-00-00-00-9E-4A-00-39-38-0C-00-00
[2026-10-04 15:00:22] AreaPollExperiment: AREA-POLL CMsg61116AD5: decision=swallowed
[2026-10-04 15:00:22] TORGameServerPacket: Constructing Packet [AreaClientReplicationTransaction]
[2026-10-04 15:00:22] TORGamePacketHandler: Received a packet [CMsg61116AD5]
[2026-10-04 15:00:22] TORGamePacketHandler: CMsg61116AD5 rx    D5 6A 11 61 08 00 B3 65 C7 00 00 00 43 0A 87 C2 55 F1 | .j.a...e....C...U.
   0D 3F 00 00 00 00 C3 35 6B BE 9D CA 60 C2 4D C3 DC C0 | .?.....5k...`.M...
   D8 A0 01 C3 4D 50 1B 00 00 00 00 00 BC 4A 00 39 38 0C | ....MP.......J.98.
   00 00                                                 | ..

[2026-10-04 15:00:22] AreaPollExperiment: AREA-POLL CMsg61116AD5: component=0x65B30008 len=48 placed=4611687178631283611 areaSvc=8 mode=Swallow body=C7-00-00-00-43-0A-87-C2-55-F1-0D-3F-00-00-00-00-C3-35-6B-BE-9D-CA-60-C2-4D-C3-DC-C0-D8-A0-01-C3-4D-50-1B-00-00-00-00-00-BC-4A-00-39-38-0C-00-00
[2026-10-04 15:00:22] AreaPollExperiment: AREA-POLL CMsg61116AD5: decision=swallowed
[2026-10-04 15:00:22] TORGamePacketHandler: Received a packet [CMsg61116AD5]
[2026-10-04 15:00:22] TORGamePacketHandler: CMsg61116AD5 rx    D5 6A 11 61 08 00 B3 65 C7 00 00 00 F4 99 9C C2 1F 62 | .j.a...e.........b
   16 3F 00 00 00 00 52 96 F9 BD 12 B0 60 C2 4D C3 DC C0 | .?....R.....`.M...
   A1 A2 01 C3 4D 50 1B 00 00 00 00 00 ED 4A 00 39 38 0C | ....MP.......J.98.
   00 00                                                 | ..

[2026-10-04 15:00:22] AreaPollExperiment: AREA-POLL CMsg61116AD5: component=0x65B30008 len=48 placed=4611687178631283611 areaSvc=8 mode=Swallow body=C7-00-00-00-F4-99-9C-C2-1F-62-16-3F-00-00-00-00-52-96-F9-BD-12-B0-60-C2-4D-C3-DC-C0-A1-A2-01-C3-4D-50-1B-00-00-00-00-00-ED-4A-00-39-38-0C-00-00
[2026-10-04 15:00:22] AreaPollExperiment: AREA-POLL CMsg61116AD5: decision=swallowed
[2026-10-04 15:00:22] TORGamePacketHandler: Received a packet [CMsg7CB9A193]
[2026-10-04 15:00:22] AreaPollExperiment: AREA-POLL CMsg7CB9A193: component=0x65B30008 len=43 placed=4611687178631283611 areaSvc=8 mode=Swallow body=27-00-00-00-CF-AC-41-D7-0E-00-00-00-00-00-00-00-00-CD-80-61-31-1A-00-00-00-00-00-00-00-00-A3-82-FD-6C-0F-00-00-00-00-00-00-00-00
[2026-10-04 15:00:22] AreaPollExperiment: AREA-POLL CMsg7CB9A193: decision=swallowed
[2026-10-04 15:00:22] TORGamePacketHandler: Received a packet [WorldByteReport]
[2026-10-04 15:00:22] WorldByteReport: World report 8EB28DE9: component=0x65AB0007 bytes=48 words=[44723B27,318CD72A,4CA160C7,ABC47D76,1EC4DDFB,EA1490AB,F125EC76,B00AA8D9,1C3E05AB,0004B69D,93452BCC,1432F831] hex=27-3B-72-44-2A-D7-8C-31-C7-60-A1-4C-76-7D-C4-AB-FB-DD-C4-1E-AB-90-14-EA-76-EC-25-F1-D9-A8-0A-B0-AB-05-3E-1C-9D-B6-04-00-CC-2B-45-93-31-F8-32-14; no synthetic WorldTravelStatus reply sent.
[2026-10-04 15:00:22] TORGamePacketHandler: Received a packet [CMsgCCACB51D]
[2026-10-04 15:00:22] TORGamePacketHandler: CMsgCCACB51D rx    1D B5 AC CC 08 00 B3 65 30 00 00 00 76 27 42 10 45 82 | .......e0...v'B.E.
   63 96 28 60 33 01 70 9A 1D C2 FB DD C4 1E AB 90 14 EA | c.(`3.p...........
   76 EC 25 F1 D9 A8 0A B0 AB 05 3E 1C 9D B6 04 00 CC 2B | v.%.......>......+
   45 93 31 F8 32 14                                     | E.1.2.

[2026-10-04 15:00:22] AreaPollExperiment: AREA-POLL CMsgCCACB51D: component=0x65B30008 len=52 placed=4611687178631283611 areaSvc=8 mode=Swallow body=30-00-00-00-76-27-42-10-45-82-63-96-28-60-33-01-70-9A-1D-C2-FB-DD-C4-1E-AB-90-14-EA-76-EC-25-F1-D9-A8-0A-B0-AB-05-3E-1C-9D-B6-04-00-CC-2B-45-93-31-F8-32-14
[2026-10-04 15:00:22] AreaPollExperiment: AREA-POLL CMsgCCACB51D: decision=swallowed
[2026-10-04 15:00:22] TORGamePacketHandler: Received a packet [HackNotifyData]
[2026-10-04 15:00:22] TORGamePacketHandler: Received a packet [CMsg61116AD5]
[2026-10-04 15:00:22] TORGamePacketHandler: CMsg61116AD5 rx    D5 6A 11 61 08 00 B3 65 C7 00 00 00 28 BF AD C2 E9 57 | .j.a...e....(....W
   19 3F 00 00 00 00 D8 3C 08 BD 3A 74 5F C2 4D C3 DC C0 | .?.....<..:t_.M...
   08 AA 01 C3 4D 50 1B 00 00 00 00 00 F2 4C 00 39 38 0C | ....MP.......L.98.
   00 00                                                 | ..

[2026-10-04 15:00:22] AreaPollExperiment: AREA-POLL CMsg61116AD5: component=0x65B30008 len=48 placed=4611687178631283611 areaSvc=8 mode=Swallow body=C7-00-00-00-28-BF-AD-C2-E9-57-19-3F-00-00-00-00-D8-3C-08-BD-3A-74-5F-C2-4D-C3-DC-C0-08-AA-01-C3-4D-50-1B-00-00-00-00-00-F2-4C-00-39-38-0C-00-00
[2026-10-04 15:00:23] AreaPollExperiment: AREA-POLL CMsg61116AD5: decision=swallowed
[2026-10-04 15:00:23] TORGameServerPacket: Constructing Packet [AreaClientReplicationTransaction]
[2026-10-04 15:00:23] TORGamePacketHandler: Received a packet [CMsg61116AD5]
[2026-10-04 15:00:23] TORGamePacketHandler: CMsg61116AD5 rx    D5 6A 11 61 08 00 B3 65 C7 00 00 00 68 55 C2 C2 0F 61 | .j.a...e....hU...a
   18 3F 00 00 00 00 EF E7 99 3D 7D 25 5F C2 4D C3 DC C0 | .?.......=}%_.M...
   1D A9 01 C3 4E 50 1B 00 00 00 00 00 73 4D 00 39 38 0C | ....NP......sM.98.
   00 00                                                 | ..

[2026-10-04 15:00:23] AreaPollExperiment: AREA-POLL CMsg61116AD5: component=0x65B30008 len=48 placed=4611687178631283611 areaSvc=8 mode=Swallow body=C7-00-00-00-68-55-C2-C2-0F-61-18-3F-00-00-00-00-EF-E7-99-3D-7D-25-5F-C2-4D-C3-DC-C0-1D-A9-01-C3-4E-50-1B-00-00-00-00-00-73-4D-00-39-38-0C-00-00
[2026-10-04 15:00:23] AreaPollExperiment: AREA-POLL CMsg61116AD5: decision=swallowed
[2026-10-04 15:00:23] TORGamePacketHandler: Received a packet [CMsg61116AD5]
[2026-10-04 15:00:23] TORGamePacketHandler: CMsg61116AD5 rx    D5 6A 11 61 08 00 B3 65 C7 00 00 00 A7 0C D4 C2 B4 9A | .j.a...e..........
   13 3F 00 00 00 00 02 B1 29 3E 2D 75 5D C2 4D C3 DC C0 | .?......)>-u].M...
   4A 99 01 C3 4E 50 1B 00 00 00 00 00 35 50 00 39 38 0C | J...NP......5P.98.
   00 00                                                 | ..

[2026-10-04 15:00:23] AreaPollExperiment: AREA-POLL CMsg61116AD5: component=0x65B30008 len=48 placed=4611687178631283611 areaSvc=8 mode=Swallow body=C7-00-00-00-A7-0C-D4-C2-B4-9A-13-3F-00-00-00-00-02-B1-29-3E-2D-75-5D-C2-4D-C3-DC-C0-4A-99-01-C3-4E-50-1B-00-00-00-00-00-35-50-00-39-38-0C-00-00
[2026-10-04 15:00:23] AreaPollExperiment: AREA-POLL CMsg61116AD5: decision=swallowed
[2026-10-04 15:00:23] TORGameServerPacket: Constructing Packet [AreaClientReplicationTransaction]
[2026-10-04 15:00:23] TORGamePacketHandler: Received a packet [CMsg61116AD5]
[2026-10-04 15:00:23] TORGamePacketHandler: CMsg61116AD5 rx    D5 6A 11 61 08 00 B3 65 C7 00 00 00 BE 52 EA C2 1A A2 | .j.a...e.....R....
   08 3F 00 00 00 00 7D 27 8C 3E 03 5E 5D C2 4D C3 DC C0 | .?....}'.>.^].M...
   DB 96 01 C3 4F 50 1B 00 00 00 00 00 64 50 00 39 38 0C | ....OP......dP.98.
   00 00                                                 | ..

[2026-10-04 15:00:23] AreaPollExperiment: AREA-POLL CMsg61116AD5: component=0x65B30008 len=48 placed=4611687178631283611 areaSvc=8 mode=Swallow body=C7-00-00-00-BE-52-EA-C2-1A-A2-08-3F-00-00-00-00-7D-27-8C-3E-03-5E-5D-C2-4D-C3-DC-C0-DB-96-01-C3-4F-50-1B-00-00-00-00-00-64-50-00-39-38-0C-00-00
[2026-10-04 15:00:23] AreaPollExperiment: AREA-POLL CMsg61116AD5: decision=swallowed
[2026-10-04 15:00:23] TORGamePacketHandler: Received a packet [CMsg61116AD5]
[2026-10-04 15:00:23] TORGamePacketHandler: CMsg61116AD5 rx    D5 6A 11 61 08 00 B3 65 C7 00 00 00 1D 55 01 C3 DB 9A | .j.a...e.....U....
   ED 3E 00 00 00 00 DF 6E C2 3E FA 44 5D C2 4D C3 DC C0 | .>.....n.>.D].M...
   6B 92 01 C3 4F 50 1B 00 00 00 00 00 94 50 00 39 38 0C | k...OP.......P.98.
   00 00                                                 | ..

[2026-10-04 15:00:23] AreaPollExperiment: AREA-POLL CMsg61116AD5: component=0x65B30008 len=48 placed=4611687178631283611 areaSvc=8 mode=Swallow body=C7-00-00-00-1D-55-01-C3-DB-9A-ED-3E-00-00-00-00-DF-6E-C2-3E-FA-44-5D-C2-4D-C3-DC-C0-6B-92-01-C3-4F-50-1B-00-00-00-00-00-94-50-00-39-38-0C-00-00
[2026-10-04 15:00:23] AreaPollExperiment: AREA-POLL CMsg61116AD5: decision=swallowed
[2026-10-04 15:00:24] TORGamePacketHandler: Received a packet [CMsg61116AD5]
[2026-10-04 15:00:24] TORGamePacketHandler: CMsg61116AD5 rx    D5 6A 11 61 08 00 B3 65 C7 00 00 00 71 E2 07 C3 4F D7 | .j.a...e....q...O.
   D5 3E 00 00 00 00 43 83 DC 3E 20 79 5B C2 4D C3 DC C0 | .>....C..> y[.M...
   7B 22 01 C3 4F 50 1B 00 00 00 00 00 A6 54 00 39 38 0C | {"..OP.......T.98.
   00 00                                                 | ..

[2026-10-04 15:00:24] AreaPollExperiment: AREA-POLL CMsg61116AD5: component=0x65B30008 len=48 placed=4611687178631283611 areaSvc=8 mode=Swallow body=C7-00-00-00-71-E2-07-C3-4F-D7-D5-3E-00-00-00-00-43-83-DC-3E-20-79-5B-C2-4D-C3-DC-C0-7B-22-01-C3-4F-50-1B-00-00-00-00-00-A6-54-00-39-38-0C-00-00
[2026-10-04 15:00:24] AreaPollExperiment: AREA-POLL CMsg61116AD5: decision=swallowed
[2026-10-04 15:00:24] TORGameServerPacket: Constructing Packet [AreaClientReplicationTransaction]
[2026-10-04 15:00:25] TORGamePacketHandler: Received a packet [Ping]
[2026-10-04 15:00:25] TORGameServerPacket: Constructing Packet [Ping]
[2026-10-04 15:00:25] TORGamePacketHandler: Received a packet [CMsg61116AD5]
[2026-10-04 15:00:25] TORGamePacketHandler: CMsg61116AD5 rx    D5 6A 11 61 08 00 B3 65 C7 00 00 00 D9 C8 0B C3 A6 51 | .j.a...e.........Q
   C6 3E 59 06 97 BE 6D E3 EA 3E 62 78 5A C2 5C E9 E0 C0 | .>Y...m..>bxZ.\...
   08 D9 00 C3 50 50 1B 00 00 00 00 00 20 57 00 39 38 0C | ....PP...... W.98.
   00 00                                                 | ..

[2026-10-04 15:00:25] AreaPollExperiment: AREA-POLL CMsg61116AD5: component=0x65B30008 len=48 placed=4611687178631283611 areaSvc=8 mode=Swallow body=C7-00-00-00-D9-C8-0B-C3-A6-51-C6-3E-59-06-97-BE-6D-E3-EA-3E-62-78-5A-C2-5C-E9-E0-C0-08-D9-00-C3-50-50-1B-00-00-00-00-00-20-57-00-39-38-0C-00-00
[2026-10-04 15:00:25] AreaPollExperiment: AREA-POLL CMsg61116AD5: decision=swallowed
[2026-10-04 15:00:25] TORGameServerPacket: Constructing Packet [AreaClientReplicationTransaction]
[2026-10-04 15:00:25] TORGamePacketHandler: Received a packet [AreaModulesList]
[2026-10-04 15:00:25] AreaPollExperiment: AREA-POLL AreaModulesList: component=0x65B30008 len=12 placed=4611687178631283611 areaSvc=8 mode=Echo body=08-00-00-00-04-00-00-00-00-00-00-00
[2026-10-04 15:00:25] TORGameServerPacket: Constructing Packet [AreaModulesList]
[2026-10-04 15:00:25] AreaPollExperiment: AREA-POLL AreaModulesList: decision=echo-reply-sent
[2026-10-04 15:00:25] AreaModulesList: AreaModulesList: startup bundle already sent; skipped.
[2026-10-04 15:00:26] TORGamePacketHandler: Received a packet [CMsg61116AD5]
[2026-10-04 15:00:26] TORGamePacketHandler: CMsg61116AD5 rx    D5 6A 11 61 08 00 B3 65 C7 00 00 00 3E 4A 13 C3 B7 F3 | .j.a...e....>J....
   A5 3E 9C EE 79 BE BC 29 01 3F 3F 4A 59 C2 C3 BC E7 C0 | .>..y..).??JY.....
   AC 79 00 C3 51 50 1B 00 00 00 00 00 3D 5A 00 39 38 0C | .y..QP......=Z.98.
   00 00                                                 | ..

[2026-10-04 15:00:26] AreaPollExperiment: AREA-POLL CMsg61116AD5: component=0x65B30008 len=48 placed=4611687178631283611 areaSvc=8 mode=Swallow body=C7-00-00-00-3E-4A-13-C3-B7-F3-A5-3E-9C-EE-79-BE-BC-29-01-3F-3F-4A-59-C2-C3-BC-E7-C0-AC-79-00-C3-51-50-1B-00-00-00-00-00-3D-5A-00-39-38-0C-00-00
[2026-10-04 15:00:26] AreaPollExperiment: AREA-POLL CMsg61116AD5: decision=swallowed
[2026-10-04 15:00:26] TORGameServerPacket: Constructing Packet [AreaClientReplicationTransaction]
[2026-10-04 15:00:26] TORGamePacketHandler: Received a packet [CMsg61116AD5]
[2026-10-04 15:00:26] TORGamePacketHandler: CMsg61116AD5 rx    D5 6A 11 61 08 00 B3 65 C7 00 00 00 0A 7C 1D C3 1F 42 | .j.a...e.....|...B
   6B 3E 76 CB 7A BE 2F E7 0D 3F F3 FF 58 C2 8D D8 E9 C0 | k>v.z./..?..X.....
   E6 54 00 C3 52 50 1B 00 00 00 00 00 48 5B 00 39 38 0C | .T..RP......H[.98.
   00 00                                                 | ..

[2026-10-04 15:00:26] AreaPollExperiment: AREA-POLL CMsg61116AD5: component=0x65B30008 len=48 placed=4611687178631283611 areaSvc=8 mode=Swallow body=C7-00-00-00-0A-7C-1D-C3-1F-42-6B-3E-76-CB-7A-BE-2F-E7-0D-3F-F3-FF-58-C2-8D-D8-E9-C0-E6-54-00-C3-52-50-1B-00-00-00-00-00-48-5B-00-39-38-0C-00-00
[2026-10-04 15:00:26] AreaPollExperiment: AREA-POLL CMsg61116AD5: decision=swallowed
[2026-10-04 15:00:26] TORGameServerPacket: Constructing Packet [AreaClientReplicationTransaction]
[2026-10-04 15:00:27] TORGamePacketHandler: Received a packet [CMsg61116AD5]
[2026-10-04 15:00:27] TORGamePacketHandler: CMsg61116AD5 rx    D5 6A 11 61 08 00 B3 65 C7 00 00 00 18 A8 1F C3 0D 7D | .j.a...e.........}
   55 3E 3A F3 7E BE 6E 12 10 3F C2 25 58 C2 9C C3 F1 C0 | U>:.~.n..?.%X.....
   6A 9E FF C2 53 50 1B 00 00 00 00 00 68 5F 00 39 38 0C | j...SP......h_.98.
   00 00                                                 | ..

[2026-10-04 15:00:27] AreaPollExperiment: AREA-POLL CMsg61116AD5: component=0x65B30008 len=48 placed=4611687178631283611 areaSvc=8 mode=Swallow body=C7-00-00-00-18-A8-1F-C3-0D-7D-55-3E-3A-F3-7E-BE-6E-12-10-3F-C2-25-58-C2-9C-C3-F1-C0-6A-9E-FF-C2-53-50-1B-00-00-00-00-00-68-5F-00-39-38-0C-00-00
[2026-10-04 15:00:27] AreaPollExperiment: AREA-POLL CMsg61116AD5: decision=swallowed
[2026-10-04 15:00:27] TORGameServerPacket: Constructing Packet [AreaClientReplicationTransaction]
[2026-10-04 15:00:28] TORGamePacketHandler: Received a packet [CMsg61116AD5]
[2026-10-04 15:00:28] TORGamePacketHandler: CMsg61116AD5 rx    D5 6A 11 61 08 00 B3 65 C7 00 00 00 FF E3 28 C3 C7 90 | .j.a...e......(...
   EC 3D 3F D9 7C BE 00 B2 16 3F EE F5 57 C2 6E 54 F4 C0 | .=?.|....?..W.nT..
   2A 3E FF C2 54 50 1B 00 00 00 00 00 E9 60 00 39 38 0C | *>..TP.......`.98.
   00 00                                                 | ..

[2026-10-04 15:00:28] AreaPollExperiment: AREA-POLL CMsg61116AD5: component=0x65B30008 len=48 placed=4611687178631283611 areaSvc=8 mode=Swallow body=C7-00-00-00-FF-E3-28-C3-C7-90-EC-3D-3F-D9-7C-BE-00-B2-16-3F-EE-F5-57-C2-6E-54-F4-C0-2A-3E-FF-C2-54-50-1B-00-00-00-00-00-E9-60-00-39-38-0C-00-00
[2026-10-04 15:00:28] AreaPollExperiment: AREA-POLL CMsg61116AD5: decision=swallowed
[2026-10-04 15:00:28] TORGameServerPacket: Constructing Packet [AreaClientReplicationTransaction]
[2026-10-04 15:00:28] TORGamePacketHandler: Received a packet [ModulesList]
[2026-10-04 15:00:28] ModulesList: ModulesList: len=12 startupSent=True hex=08-00-00-00-04-00-00-00-00-00-00-00
[2026-10-04 15:00:28] TORGamePacketHandler: Received a packet [CMsg61116AD5]
[2026-10-04 15:00:28] TORGamePacketHandler: CMsg61116AD5 rx    D5 6A 11 61 08 00 B3 65 C7 00 00 00 3B 2F 29 C3 C4 82 | .j.a...e....;/)...
   E6 3D 00 00 00 00 8D CD 16 3F 7C 7A 57 C2 72 D8 F6 C0 | .=.......?|zW.r...
   13 FB FD C2 55 50 1B 00 00 00 00 00 64 64 00 39 38 0C | ....UP......dd.98.
   00 00                                                 | ..

[2026-10-04 15:00:28] AreaPollExperiment: AREA-POLL CMsg61116AD5: component=0x65B30008 len=48 placed=4611687178631283611 areaSvc=8 mode=Swallow body=C7-00-00-00-3B-2F-29-C3-C4-82-E6-3D-00-00-00-00-8D-CD-16-3F-7C-7A-57-C2-72-D8-F6-C0-13-FB-FD-C2-55-50-1B-00-00-00-00-00-64-64-00-39-38-0C-00-00
[2026-10-04 15:00:28] AreaPollExperiment: AREA-POLL CMsg61116AD5: decision=swallowed
[2026-10-04 15:00:28] TORGameServerPacket: Constructing Packet [AreaClientReplicationTransaction]
[2026-10-04 15:00:29] TORGamePacketHandler: Received a packet [CMsg61116AD5]
[2026-10-04 15:00:29] TORGamePacketHandler: CMsg61116AD5 rx    D5 6A 11 61 08 00 B3 65 C7 00 00 00 0A FC 27 C3 31 BF | .j.a...e......'.1.
   FF 3D 00 00 00 00 39 51 16 3F 8D 00 57 C2 72 D8 F6 C0 | .=....9Q.?..W.r...
   D0 CC FC C2 56 50 1B 00 00 00 00 00 50 68 00 39 38 0C | ....VP......Ph.98.
   00 00                                                 | ..

[2026-10-04 15:00:29] AreaPollExperiment: AREA-POLL CMsg61116AD5: component=0x65B30008 len=48 placed=4611687178631283611 areaSvc=8 mode=Swallow body=C7-00-00-00-0A-FC-27-C3-31-BF-FF-3D-00-00-00-00-39-51-16-3F-8D-00-57-C2-72-D8-F6-C0-D0-CC-FC-C2-56-50-1B-00-00-00-00-00-50-68-00-39-38-0C-00-00
[2026-10-04 15:00:29] AreaPollExperiment: AREA-POLL CMsg61116AD5: decision=swallowed
[2026-10-04 15:00:29] TORGameServerPacket: Constructing Packet [AreaClientReplicationTransaction]
[2026-10-04 15:00:30] TORGamePacketHandler: Received a packet [Ping]
[2026-10-04 15:00:30] TORGameServerPacket: Constructing Packet [Ping]
[2026-10-04 15:00:30] TORGamePacketHandler: Received a packet [CMsg61116AD5]
[2026-10-04 15:00:30] TORGamePacketHandler: CMsg61116AD5 rx    D5 6A 11 61 08 00 B3 65 C5 00 00 00 08 FC 27 C3 85 C9 | .j.a...e......'...
   56 C2 72 D8 F6 C0 88 4B FC C2 57 50 1B 00 00 00 00 00 | V.r....K..WP......
   0E 6A 00 39 38 0C 00 00                               | .j.98...

[2026-10-04 15:00:30] AreaPollExperiment: AREA-POLL CMsg61116AD5: component=0x65B30008 len=36 placed=4611687178631283611 areaSvc=8 mode=Swallow body=C5-00-00-00-08-FC-27-C3-85-C9-56-C2-72-D8-F6-C0-88-4B-FC-C2-57-50-1B-00-00-00-00-00-0E-6A-00-39-38-0C-00-00
[2026-10-04 15:00:30] AreaPollExperiment: AREA-POLL CMsg61116AD5: decision=swallowed
[2026-10-04 15:00:30] TORGameServerPacket: Constructing Packet [AreaClientReplicationTransaction]
[2026-10-04 15:00:32] TORGamePacketHandler: Received a packet [CMsgC26464A9]
[2026-10-04 15:00:32] AreaPollExperiment: AREA-POLL CMsgC26464A9: component=0x65AB0007 len=43 placed=4611687178631283611 areaSvc=8 mode=Swallow body=27-00-00-00-CF-AC-41-D7-05-00-00-00-00-00-00-00-00-A3-82-FD-6C-15-00-00-00-00-00-00-00-00-CD-80-61-31-1E-00-00-00-00-00-00-00-00
[2026-10-04 15:00:32] AreaPollExperiment: AREA-POLL CMsgC26464A9: decision=swallowed
[2026-10-04 15:00:34] Handler: Client '15407622' disconnected from TimeServer
[2026-10-04 15:00:34] Handler: Client '783737' disconnected from Shard01
